;TAZID,CO_TAZID,TOTHH,HHPOP,HHSIZE,TOTEMP,RETEMP,INDEMP,OTHEMP,ALLEMP,RETL,FOOD,MANU,WSLE,OFFI,GVED,HLTH,OTHR,FM_AGRI,FM_MING,FM_CONS,HBJ,AVGINCOME,Enrol_Elem,Enrol_Midl,Enrol_High,CO_FIPS,CO_NAME
1,30001,0.0,0.0,0.0,0.0,0.0,0.0,0.0,0.0,0.0,0.0,0.0,0.0,0.0,0.0,0.0,0.0,0.0,0.0,0.0,0.0,68948.0,0,0,0,3,BOX ELDER
2,30002,14.0,40.0,0.35,0.0,0.0,0.0,0.0,3.0,0.0,0.0,0.0,0.0,0.0,0.0,0.0,0.0,0.0,0.0,2.0,1.0,66905.0,0,0,0,3,BOX ELDER
3,30003,23.0,66.0,0.3484848484848485,0.0,0.0,0.0,0.0,2.5,0.0,0.0,0.0,0.0,0.0,0.0,0.0,0.0,0.0,0.0,2.0,1.0,51492.0,0,0,0,3,BOX ELDER
4,30004,1.0,3.0,0.3333333333333333,0.0,0.0,0.0,0.0,0.6999999999999998,0.0,0.0,0.0,0.0,0.0,0.0,0.0,0.0,0.0,0.0,0.0,0.0,51492.0,0,0,0,3,BOX ELDER
5,30005,59.99999999862039,194.99999999551628,0.3076923076923076,1.999999999954013,0.0,0.0,1.999999999954013,13.899999999680391,0.0,0.0,0.0,0.0,0.0,0.0,1.999999999954013,0.0,0.0,0.0,7.999999999816052,2.99999999993102,68948.0,0,0,0,3,BOX ELDER
6,30006,3.0,9.0,0.3333333333333333,8.0,0.0,8.0,0.0,6.3,0.0,0.0,0.0,8.0,0.0,0.0,0.0,0.0,0.0,0.0,1.0,0.0,51492.0,0,0,0,3,BOX ELDER
7,30007,36.99999997095181,106.9999999159958,0.3457943925233644,36.99999997095181,1.999999998429828,28.999999977232505,5.999999995289484,132.99999989558356,1.999999998429828,0.0,0.0,28.999999977232505,0.0,0.0,0.0,5.999999995289484,213.9999998319916,0.0,6.999999994504397,2.999999997644742,51492.0,0,0,0,3,BOX ELDER
8,30008,47.0,152.0,0.3092105263157895,56.0,17.0,0.0,39.0,48.70000000000001,17.0,0.0,0.0,0.0,37.0,0.0,0.0,2.0,0.0,0.0,7.0,3.0,71055.0,0,0,0,3,BOX ELDER
9,30009,14.0,41.0,0.3414634146341463,95.0,0.0,95.0,0.0,71.6,0.0,0.0,0.0,95.0,0.0,0.0,0.0,0.0,0.0,0.0,2.0,1.0,,0,0,0,3,BOX ELDER
10,30010,21.0,60.0,0.35,99.0,0.0,99.0,0.0,54.20000000000001,0.0,0.0,0.0,99.0,0.0,0.0,0.0,0.0,0.0,0.0,3.0,1.0,51492.0,0,0,0,3,BOX ELDER
11,30011,8.0,23.0,0.3478260869565217,0.0,0.0,0.0,0.0,1.9,0.0,0.0,0.0,0.0,0.0,0.0,0.0,0.0,0.0,0.0,0.0,0.0,71342.0,0,0,0,3,BOX ELDER
12,30012,16.0,51.0,0.3137254901960784,0.0,0.0,0.0,0.0,3.1,0.0,0.0,0.0,0.0,0.0,0.0,0.0,0.0,0.0,0.0,2.0,1.0,71342.0,0,0,0,3,BOX ELDER
13,30013,0.0,0.0,0.0,0.0,0.0,0.0,0.0,0.0,0.0,0.0,0.0,0.0,0.0,0.0,0.0,0.0,0.0,0.0,0.0,0.0,71342.0,0,0,0,3,BOX ELDER
14,30014,0.0,0.0,0.0,0.0,0.0,0.0,0.0,0.0,0.0,0.0,0.0,0.0,0.0,0.0,0.0,0.0,0.0,0.0,0.0,0.0,71342.0,0,0,0,3,BOX ELDER
15,30015,1.0,3.0,0.3333333333333333,267.0,0.0,259.0,8.0,287.3,0.0,0.0,104.0,155.0,0.0,0.0,0.0,8.0,49.0,0.0,5.0,0.0,66905.0,0,0,0,3,BOX ELDER
16,30016,1.0,3.0,0.3333333333333333,101.0,0.0,81.0,20.0,71.5,0.0,0.0,2.0,79.0,0.0,0.0,0.0,20.0,0.0,0.0,2.0,0.0,68948.0,0,0,0,3,BOX ELDER
17,30017,3.0,10.0,0.3,0.0,0.0,0.0,0.0,2.6,0.0,0.0,0.0,0.0,0.0,0.0,0.0,0.0,0.0,0.0,1.0,0.0,71342.0,0,0,0,3,BOX ELDER
18,30018,0.0,0.0,0.0,672.0,0.0,672.0,0.0,705.2000000000002,0.0,0.0,442.0,230.0,0.0,0.0,0.0,0.0,0.0,0.0,12.0,0.0,71342.0,0,0,0,3,BOX ELDER
19,30019,229.0,743.0,0.3082099596231494,25.0,15.0,10.0,0.0,59.70000000000001,15.0,0.0,0.0,10.0,0.0,0.0,0.0,0.0,0.0,0.0,24.0,10.0,68948.0,0,0,0,3,BOX ELDER
20,30020,155.0,383.0,0.4046997389033943,36.0,12.0,2.0,22.0,121.2,12.0,0.0,0.0,2.0,0.0,0.0,0.0,22.0,0.0,0.0,21.0,9.0,79483.0,0,0,0,3,BOX ELDER
21,30021,0.0,0.0,0.0,405.0,0.0,405.0,0.0,417.8999999999999,0.0,0.0,364.0,41.0,0.0,0.0,0.0,0.0,0.0,0.0,8.0,0.0,68948.0,0,0,0,3,BOX ELDER
22,30022,2.0,6.0,0.3333333333333333,9.0,0.0,9.0,0.0,44.0,0.0,0.0,9.0,0.0,0.0,0.0,0.0,0.0,0.0,0.0,0.0,0.0,68948.0,0,0,0,3,BOX ELDER
23,30023,3.0,10.0,0.3,48.0,0.0,48.0,0.0,118.3,0.0,0.0,19.0,29.0,0.0,0.0,0.0,0.0,0.0,0.0,1.0,0.0,68948.0,0,0,0,3,BOX ELDER
24,30024,135.0,439.0,0.3075170842824601,1.0,0.0,0.0,1.0,24.8,0.0,0.0,0.0,0.0,0.0,0.0,1.0,0.0,0.0,0.0,13.0,6.0,68948.0,0,0,0,3,BOX ELDER
25,30025,308.0,999.0,0.3083083083083083,134.0,5.0,2.0,127.0,172.0,5.0,0.0,0.0,2.0,0.0,110.0,13.0,4.0,0.0,0.0,46.0,19.0,61738.0,0,0,0,3,BOX ELDER
26,30026,207.0,572.0,0.3618881118881119,186.0,17.0,33.0,136.0,187.80000000000004,17.0,0.0,12.0,21.0,0.0,50.0,68.0,18.0,0.0,0.0,32.0,12.0,54266.0,0,0,0,3,BOX ELDER
27,30027,0.0,0.0,0.0,0.0,0.0,0.0,0.0,0.0,0.0,0.0,0.0,0.0,0.0,0.0,0.0,0.0,0.0,0.0,0.0,0.0,71342.0,0,0,0,3,BOX ELDER
28,30028,1.0,3.0,0.3333333333333333,74.0,0.0,74.0,0.0,196.2,0.0,0.0,74.0,0.0,0.0,0.0,0.0,0.0,0.0,0.0,2.0,0.0,71342.0,0,0,0,3,BOX ELDER
29,30029,237.0,735.0,0.3224489795918367,2.0,0.0,2.0,0.0,26.2,0.0,0.0,0.0,2.0,0.0,0.0,0.0,0.0,0.0,0.0,21.0,9.0,71342.0,0,0,0,3,BOX ELDER
30,30030,296.0,669.0,0.4424514200298953,103.0,14.0,8.0,81.0,102.3,14.0,0.0,0.0,8.0,43.0,0.0,30.0,8.0,0.0,0.0,49.0,21.0,50633.0,0,0,0,3,BOX ELDER
31,30031,224.0,530.0,0.4226415094339623,209.0,66.0,69.0,74.0,197.2,5.0,61.0,69.0,0.0,40.0,0.0,0.0,34.0,0.0,0.0,33.0,13.0,48874.0,0,0,0,3,BOX ELDER
32,30032,115.0,315.0,0.365079365079365,2.0,0.0,2.0,0.0,16.7,0.0,0.0,0.0,2.0,0.0,0.0,0.0,0.0,0.0,0.0,15.0,7.0,54597.0,0,0,0,3,BOX ELDER
33,30033,166.0,393.0,0.4223918575063613,14.0,0.0,14.0,0.0,25.8,0.0,0.0,0.0,14.0,0.0,0.0,0.0,0.0,0.0,0.0,20.0,9.0,47880.0,0,0,0,3,BOX ELDER
34,30034,204.0,563.0,0.3623445825932504,21.0,2.0,13.0,6.0,27.100000000000005,2.0,0.0,13.0,0.0,6.0,0.0,0.0,0.0,0.0,0.0,27.0,11.0,72580.0,0,0,0,3,BOX ELDER
35,30035,286.0,727.0,0.3933975240715268,0.0,0.0,0.0,0.0,15.800000000000002,0.0,0.0,0.0,0.0,0.0,0.0,0.0,0.0,0.0,0.0,39.0,17.0,69784.0,0,0,0,3,BOX ELDER
36,30036,80.0,197.0,0.4060913705583756,0.0,0.0,0.0,0.0,16.6,0.0,0.0,0.0,0.0,0.0,0.0,0.0,0.0,0.0,0.0,12.0,5.0,79483.0,0,0,0,3,BOX ELDER
37,30037,0.0,0.0,0.0,4.0,0.0,0.0,4.0,29.100000000000005,0.0,0.0,0.0,0.0,0.0,0.0,0.0,4.0,0.0,0.0,0.0,0.0,71342.0,0,0,0,3,BOX ELDER
38,30038,0.0,0.0,0.0,1376.0,0.0,1351.0,25.0,1200.6,0.0,0.0,1351.0,0.0,0.0,22.0,3.0,0.0,0.0,0.0,28.0,0.0,71342.0,0,0,0,3,BOX ELDER
39,30039,61.0,190.0,0.3210526315789473,123.0,17.0,0.0,106.0,176.80000000000004,17.0,0.0,0.0,0.0,0.0,0.0,3.0,103.0,0.0,0.0,12.0,4.0,63775.0,0,0,0,3,BOX ELDER
40,30040,298.0,674.0,0.4421364985163205,285.0,38.0,23.0,224.0,277.8,38.0,0.0,0.0,23.0,61.0,86.0,26.0,51.0,0.0,0.0,58.0,23.0,44064.0,0,0,0,3,BOX ELDER
41,30041,110.0,250.0,0.44,336.0,215.0,0.0,121.0,504.1000000000001,215.0,0.0,0.0,0.0,0.0,0.0,24.0,97.0,0.0,0.0,24.0,7.0,37413.0,0,0,0,3,BOX ELDER
42,30042,67.0,151.0,0.4437086092715231,72.0,0.0,0.0,72.0,89.3,0.0,0.0,0.0,0.0,3.0,0.0,0.0,69.0,0.0,0.0,11.0,4.0,37413.0,0,0,0,3,BOX ELDER
43,30043,197.0,500.0,0.394,83.0,0.0,2.0,81.0,101.8,0.0,0.0,0.0,2.0,0.0,41.0,40.0,0.0,0.0,0.0,28.0,11.0,69838.0,0,0,0,3,BOX ELDER
44,30044,102.0,300.0,0.34,0.0,0.0,0.0,0.0,21.1,0.0,0.0,0.0,0.0,0.0,0.0,0.0,0.0,0.0,0.0,18.0,8.0,79596.0,0,0,0,3,BOX ELDER
45,30045,92.0,271.0,0.3394833948339483,37.0,0.0,0.0,37.0,65.6,0.0,0.0,0.0,0.0,37.0,0.0,0.0,0.0,0.0,0.0,8.0,3.0,79606.0,0,0,0,3,BOX ELDER
46,30046,0.0,0.0,0.0,0.0,0.0,0.0,0.0,0.0,0.0,0.0,0.0,0.0,0.0,0.0,0.0,0.0,0.0,0.0,0.0,0.0,79606.0,0,0,0,3,BOX ELDER
47,30047,2.0,6.0,0.3333333333333333,0.0,0.0,0.0,0.0,0.0,0.0,0.0,0.0,0.0,0.0,0.0,0.0,0.0,0.0,0.0,0.0,0.0,71342.0,0,0,0,3,BOX ELDER
48,30048,9.0,26.0,0.3461538461538461,0.0,0.0,0.0,0.0,2.6,0.0,0.0,0.0,0.0,0.0,0.0,0.0,0.0,0.0,0.0,1.0,0.0,71342.0,0,0,0,3,BOX ELDER
49,30049,0.0,0.0,0.0,103.0,103.0,0.0,0.0,205.7,76.0,27.0,0.0,0.0,0.0,0.0,0.0,0.0,0.0,0.0,2.0,0.0,71342.0,0,0,0,3,BOX ELDER
50,30050,3.0,10.0,0.3,242.0,0.0,54.0,188.0,384.5,0.0,0.0,11.0,43.0,35.0,102.0,47.0,4.0,0.0,0.0,6.0,0.0,71342.0,0,0,0,3,BOX ELDER
51,30051,5.0,14.0,0.3571428571428571,80.0,0.0,51.0,29.0,90.09999999999998,0.0,0.0,10.0,41.0,17.0,0.0,12.0,0.0,0.0,0.0,2.0,0.0,53556.0,0,0,0,3,BOX ELDER
52,30052,51.0,114.0,0.4473684210526316,1605.0,0.0,160.0,1445.0,1803.1,0.0,0.0,160.0,0.0,0.0,0.0,24.0,1421.0,0.0,0.0,52.0,3.0,36260.0,0,0,0,3,BOX ELDER
53,30053,246.0,544.0,0.4522058823529412,1325.0,334.0,74.0,917.0,1255.8,289.0,45.0,6.0,68.0,66.0,360.0,58.0,433.0,0.0,0.0,63.0,14.0,36260.0,0,0,0,3,BOX ELDER
54,30054,143.0,434.0,0.3294930875576037,636.0,61.0,17.0,558.0,654.1,12.0,49.0,17.0,0.0,95.0,233.0,70.0,160.0,0.0,0.0,39.0,11.0,40402.0,0,0,0,3,BOX ELDER
55,30055,167.0,507.0,0.3293885601577909,230.0,0.0,1.0,229.0,222.1,0.0,0.0,1.0,0.0,3.0,212.0,0.0,14.0,0.0,0.0,28.0,10.0,40402.0,0,0,0,3,BOX ELDER
56,30056,39.0,116.0,0.3362068965517241,0.0,0.0,0.0,0.0,4.1,0.0,0.0,0.0,0.0,0.0,0.0,0.0,0.0,0.0,0.0,5.0,2.0,79606.0,0,0,0,3,BOX ELDER
57,30057,52.0,155.0,0.3354838709677419,0.0,0.0,0.0,0.0,10.1,0.0,0.0,0.0,0.0,0.0,0.0,0.0,0.0,0.0,0.0,11.0,5.0,79606.0,0,0,0,3,BOX ELDER
58,30058,0.0,0.0,0.0,0.0,0.0,0.0,0.0,0.0,0.0,0.0,0.0,0.0,0.0,0.0,0.0,0.0,0.0,0.0,0.0,0.0,79606.0,0,0,0,3,BOX ELDER
59,30059,0.0,0.0,0.0,0.0,0.0,0.0,0.0,0.0,0.0,0.0,0.0,0.0,0.0,0.0,0.0,0.0,0.0,0.0,0.0,0.0,71342.0,0,0,0,3,BOX ELDER
60,30060,0.0,0.0,0.0,0.0,0.0,0.0,0.0,0.0,0.0,0.0,0.0,0.0,0.0,0.0,0.0,0.0,0.0,0.0,0.0,0.0,71342.0,0,0,0,3,BOX ELDER
61,30061,262.0,884.0,0.2963800904977375,0.0,0.0,0.0,0.0,26.3,0.0,0.0,0.0,0.0,0.0,0.0,0.0,0.0,0.0,0.0,30.0,13.0,52227.0,0,0,0,3,BOX ELDER
62,30062,206.0,697.0,0.2955523672883787,14.0,2.0,0.0,12.0,65.2,2.0,0.0,0.0,0.0,0.0,0.0,0.0,12.0,0.0,0.0,28.0,12.0,52635.0,0,0,0,3,BOX ELDER
63,30063,20.0,53.0,0.3773584905660377,215.0,0.0,0.0,215.0,196.6,0.0,0.0,0.0,0.0,0.0,215.0,0.0,0.0,0.0,0.0,7.0,1.0,53556.0,0,0,0,3,BOX ELDER
64,30064,226.0,763.0,0.2961992136304063,104.0,84.0,0.0,20.0,156.4,0.0,84.0,0.0,0.0,0.0,0.0,0.0,20.0,0.0,0.0,33.0,13.0,52227.0,0,0,0,3,BOX ELDER
65,30065,279.0,753.0,0.3705179282868526,71.0,43.0,0.0,28.0,87.40000000000002,43.0,0.0,0.0,0.0,0.0,5.0,1.0,22.0,0.0,0.0,42.0,17.0,53556.0,0,0,0,3,BOX ELDER
66,30066,140.0,294.0,0.4761904761904761,120.0,77.0,0.0,43.0,138.2,53.0,24.0,0.0,0.0,0.0,0.0,7.0,36.0,0.0,0.0,27.0,11.0,44338.0,0,0,0,3,BOX ELDER
67,30067,139.0,420.0,0.3309523809523809,126.0,86.0,0.0,40.0,122.2,86.0,0.0,0.0,0.0,3.0,0.0,1.0,36.0,0.0,0.0,24.0,9.0,42956.0,0,0,0,3,BOX ELDER
68,30068,174.0,525.0,0.3314285714285714,34.0,0.0,0.0,34.0,46.9,0.0,0.0,0.0,0.0,0.0,0.0,18.0,16.0,0.0,0.0,27.0,12.0,44041.0,0,0,0,3,BOX ELDER
69,30069,29.0,89.0,0.3258426966292135,20.0,0.0,0.0,20.0,60.70000000000001,0.0,0.0,0.0,0.0,0.0,0.0,0.0,20.0,0.0,0.0,5.0,2.0,42956.0,0,0,0,3,BOX ELDER
70,30070,105.0,221.0,0.4751131221719457,23.0,0.0,0.0,23.0,32.3,0.0,0.0,0.0,0.0,9.0,0.0,0.0,14.0,0.0,0.0,13.0,6.0,45647.0,0,0,0,3,BOX ELDER
71,30071,0.0,0.0,0.0,0.0,0.0,0.0,0.0,0.0,0.0,0.0,0.0,0.0,0.0,0.0,0.0,0.0,0.0,0.0,0.0,0.0,44592.0,0,0,0,3,BOX ELDER
72,30072,94.0,284.0,0.3309859154929577,77.0,2.0,4.0,71.0,97.59999999999998,2.0,0.0,0.0,4.0,0.0,0.0,0.0,71.0,0.0,0.0,13.0,5.0,43896.0,0,0,0,3,BOX ELDER
73,30073,3.0,11.0,0.2727272727272727,0.0,0.0,0.0,0.0,0.2,0.0,0.0,0.0,0.0,0.0,0.0,0.0,0.0,0.0,0.0,1.0,0.0,84675.0,0,0,0,3,BOX ELDER
74,30074,0.0,0.0,0.0,0.0,0.0,0.0,0.0,0.0,0.0,0.0,0.0,0.0,0.0,0.0,0.0,0.0,0.0,0.0,0.0,0.0,71342.0,0,0,0,3,BOX ELDER
75,30075,134.0,453.0,0.2958057395143488,172.0,19.0,0.0,153.0,515.2,5.0,14.0,0.0,0.0,0.0,45.0,94.0,14.0,0.0,0.0,22.0,8.0,52227.0,0,0,0,3,BOX ELDER
76,30076,88.0,298.0,0.2953020134228188,7.0,0.0,0.0,7.0,153.5,0.0,0.0,0.0,0.0,0.0,0.0,5.0,2.0,0.0,0.0,11.0,5.0,52227.0,0,0,0,3,BOX ELDER
77,30077,79.0,265.0,0.2981132075471698,724.0,0.0,36.0,688.0,962.1,0.0,0.0,36.0,0.0,0.0,169.0,511.0,8.0,0.0,0.0,37.0,8.0,52227.0,0,0,0,3,BOX ELDER
78,30078,430.0,1126.0,0.3818827708703374,161.0,87.0,2.0,72.0,319.3,67.0,20.0,0.0,2.0,0.0,0.0,9.0,63.0,0.0,0.0,68.0,28.0,46674.0,0,0,0,3,BOX ELDER
79,30079,41.0,108.0,0.3796296296296296,360.0,169.0,0.0,191.0,512.9,62.0,107.0,0.0,0.0,14.0,62.0,95.0,20.0,0.0,0.0,17.0,4.0,46674.0,0,0,0,3,BOX ELDER
80,30080,164.0,428.0,0.3831775700934579,265.0,115.0,0.0,150.0,454.0,21.0,94.0,0.0,0.0,23.0,127.0,0.0,0.0,0.0,0.0,27.0,10.0,46674.0,0,0,0,3,BOX ELDER
81,30081,24.0,50.0,0.48,159.0,0.0,0.0,159.0,288.0,0.0,0.0,0.0,0.0,0.0,62.0,0.0,97.0,0.0,0.0,15.0,5.0,45683.0,0,0,0,3,BOX ELDER
82,30082,344.0,725.0,0.4744827586206896,382.0,129.0,11.0,242.0,471.2,52.0,77.0,3.0,8.0,49.0,0.0,70.0,123.0,0.0,0.0,66.0,25.0,45683.0,0,0,0,3,BOX ELDER
83,30083,0.0,0.0,0.0,212.0,202.0,0.0,10.0,222.6,78.0,124.0,0.0,0.0,0.0,0.0,0.0,10.0,0.0,0.0,5.0,0.0,93342.0,0,0,0,3,BOX ELDER
84,30084,0.0,0.0,0.0,212.0,110.0,0.0,102.0,225.80000000000004,86.0,24.0,0.0,0.0,6.0,69.0,13.0,14.0,0.0,0.0,5.0,0.0,93342.0,0,0,0,3,BOX ELDER
85,30085,43.0,137.0,0.3138686131386861,83.0,3.0,23.0,57.0,120.7,3.0,0.0,0.0,23.0,6.0,0.0,11.0,40.0,0.0,0.0,8.0,2.0,93342.0,0,0,0,3,BOX ELDER
86,30086,1.0,3.0,0.3333333333333333,26.0,26.0,0.0,0.0,81.1,22.0,4.0,0.0,0.0,0.0,0.0,0.0,0.0,0.0,0.0,0.0,0.0,71342.0,0,0,0,3,BOX ELDER
87,30087,0.0,0.0,0.0,0.0,0.0,0.0,0.0,0.0,0.0,0.0,0.0,0.0,0.0,0.0,0.0,0.0,0.0,0.0,0.0,0.0,93342.0,0,0,0,3,BOX ELDER
88,30088,3.0,10.0,0.3,0.0,0.0,0.0,0.0,11.5,0.0,0.0,0.0,0.0,0.0,0.0,0.0,0.0,29.0,0.0,0.0,0.0,93342.0,0,0,0,3,BOX ELDER
89,30089,69.0,221.0,0.3122171945701357,357.0,313.0,8.0,36.0,382.6000000000001,3.0,310.0,0.0,8.0,0.0,0.0,0.0,36.0,0.0,0.0,12.0,2.0,93342.0,0,0,0,3,BOX ELDER
90,30090,55.0,175.0,0.3142857142857143,856.0,599.0,19.0,238.0,722.2999999999998,524.0,75.0,19.0,0.0,173.0,57.0,0.0,8.0,0.0,0.0,24.0,3.0,93342.0,0,0,0,3,BOX ELDER
91,30091,207.0,668.0,0.309880239520958,155.0,0.0,4.0,151.0,151.5,0.0,0.0,0.0,4.0,127.0,0.0,2.0,22.0,0.0,0.0,31.0,12.0,93342.0,0,0,0,3,BOX ELDER
92,30092,216.0,697.0,0.3098995695839311,70.0,0.0,10.0,60.0,173.1,0.0,0.0,8.0,2.0,12.0,0.0,20.0,28.0,0.0,0.0,27.0,11.0,93342.0,0,0,0,3,BOX ELDER
93,30093,0.0,0.0,0.0,0.0,0.0,0.0,0.0,0.0,0.0,0.0,0.0,0.0,0.0,0.0,0.0,0.0,0.0,0.0,0.0,0.0,71901.0,0,0,0,3,BOX ELDER
94,30094,22.0,74.0,0.2972972972972973,0.0,0.0,0.0,0.0,10.699999999999998,0.0,0.0,0.0,0.0,0.0,0.0,0.0,0.0,0.0,0.0,3.0,1.0,71901.0,0,0,0,3,BOX ELDER
95,30095,254.0,866.0,0.2933025404157043,107.0,49.0,2.0,56.0,197.4,0.0,49.0,0.0,2.0,6.0,0.0,20.0,30.0,0.0,0.0,38.0,15.0,71901.0,0,0,0,3,BOX ELDER
96,30096,252.0,812.0,0.3103448275862069,13.0,0.0,0.0,13.0,59.0,0.0,0.0,0.0,0.0,0.0,0.0,9.0,4.0,0.0,0.0,42.0,18.0,93342.0,0,0,0,3,BOX ELDER
97,30097,0.0,0.0,0.0,0.0,0.0,0.0,0.0,0.0,0.0,0.0,0.0,0.0,0.0,0.0,0.0,0.0,0.0,0.0,0.0,0.0,71342.0,0,0,0,3,BOX ELDER
98,30098,0.0,0.0,0.0,0.0,0.0,0.0,0.0,0.0,0.0,0.0,0.0,0.0,0.0,0.0,0.0,0.0,0.0,0.0,0.0,0.0,71342.0,0,0,0,3,BOX ELDER
99,30099,0.0,0.0,0.0,0.0,0.0,0.0,0.0,0.0,0.0,0.0,0.0,0.0,0.0,0.0,0.0,0.0,0.0,0.0,0.0,0.0,90006.0,0,0,0,3,BOX ELDER
100,30100,21.0,59.0,0.3559322033898305,2.0,0.0,0.0,2.0,38.2,0.0,0.0,0.0,0.0,0.0,0.0,2.0,0.0,0.0,0.0,2.0,1.0,90006.0,0,0,0,3,BOX ELDER
101,30101,462.0,1314.0,0.3515981735159817,114.0,14.0,10.0,90.0,169.6,0.0,14.0,0.0,10.0,6.0,19.0,25.0,40.0,0.0,0.0,63.0,26.0,83414.0,0,0,0,3,BOX ELDER
102,30102,0.0,0.0,0.0,0.0,0.0,0.0,0.0,0.0,0.0,0.0,0.0,0.0,0.0,0.0,0.0,0.0,0.0,0.0,0.0,0.0,90006.0,0,0,0,3,BOX ELDER
103,30103,229.0,652.0,0.3512269938650307,8.0,0.0,4.0,4.0,43.4,0.0,0.0,0.0,4.0,0.0,0.0,2.0,2.0,0.0,0.0,28.0,12.0,90006.0,0,0,0,3,BOX ELDER
104,30104,69.0,196.0,0.3520408163265306,128.0,0.0,1.0,127.0,138.2,0.0,0.0,1.0,0.0,0.0,127.0,0.0,0.0,0.0,0.0,12.0,4.0,90006.0,0,0,0,3,BOX ELDER
105,30105,28.0,76.0,0.3684210526315789,5.0,5.0,0.0,0.0,53.5,0.0,5.0,0.0,0.0,0.0,0.0,0.0,0.0,0.0,0.0,5.0,2.0,80348.0,0,0,0,3,BOX ELDER
106,30106,8.0,21.0,0.3809523809523809,10.0,10.0,0.0,0.0,261.2,10.0,0.0,0.0,0.0,0.0,0.0,0.0,0.0,535.0,0.0,2.0,1.0,74493.0,0,0,0,3,BOX ELDER
107,30107,0.0,0.0,0.0,0.0,0.0,0.0,0.0,0.0,0.0,0.0,0.0,0.0,0.0,0.0,0.0,0.0,0.0,0.0,0.0,0.0,80348.0,0,0,0,3,BOX ELDER
108,30108,10.0,26.0,0.3846153846153846,0.0,0.0,0.0,0.0,71.9,0.0,0.0,0.0,0.0,0.0,0.0,0.0,0.0,0.0,0.0,1.0,1.0,80348.0,0,0,0,3,BOX ELDER
109,30109,0.0,0.0,0.0,0.0,0.0,0.0,0.0,0.0,0.0,0.0,0.0,0.0,0.0,0.0,0.0,0.0,0.0,0.0,0.0,0.0,71342.0,0,0,0,3,BOX ELDER
110,30110,2.0,5.0,0.4,0.0,0.0,0.0,0.0,5.2,0.0,0.0,0.0,0.0,0.0,0.0,0.0,0.0,0.0,0.0,0.0,0.0,80348.0,0,0,0,3,BOX ELDER
111,30111,0.0,0.0,0.0,0.0,0.0,0.0,0.0,0.0,0.0,0.0,0.0,0.0,0.0,0.0,0.0,0.0,0.0,0.0,0.0,0.0,80348.0,0,0,0,3,BOX ELDER
112,30112,0.0,0.0,0.0,0.0,0.0,0.0,0.0,12.800000000000002,0.0,0.0,0.0,0.0,0.0,0.0,0.0,0.0,0.0,0.0,0.0,0.0,80348.0,0,0,0,3,BOX ELDER
113,30113,26.0,70.0,0.3714285714285714,0.0,0.0,0.0,0.0,39.2,0.0,0.0,0.0,0.0,0.0,0.0,0.0,0.0,0.0,0.0,3.0,1.0,80348.0,0,0,0,3,BOX ELDER
114,30114,34.0,94.0,0.3617021276595745,2.0,0.0,2.0,0.0,38.4,0.0,0.0,0.0,2.0,0.0,0.0,0.0,0.0,0.0,0.0,5.0,2.0,74493.0,0,0,0,3,BOX ELDER
115,30115,0.0,0.0,0.0,60.0,60.0,0.0,0.0,71.2,60.0,0.0,0.0,0.0,0.0,0.0,0.0,0.0,0.0,0.0,1.0,0.0,80348.0,0,0,0,3,BOX ELDER
116,30116,0.0,0.0,0.0,19.0,0.0,19.0,0.0,23.3,0.0,0.0,19.0,0.0,0.0,0.0,0.0,0.0,0.0,0.0,0.0,0.0,80348.0,0,0,0,3,BOX ELDER
117,30117,21.0,56.0,0.375,22.0,22.0,0.0,0.0,30.3,22.0,0.0,0.0,0.0,0.0,0.0,0.0,0.0,0.0,0.0,3.0,1.0,80348.0,0,0,0,3,BOX ELDER
118,30118,4.0,12.0,0.3333333333333333,0.0,0.0,0.0,0.0,8.3,0.0,0.0,0.0,0.0,0.0,0.0,0.0,0.0,0.0,0.0,0.0,0.0,74493.0,0,0,0,3,BOX ELDER
119,30119,0.0,0.0,0.0,40.0,0.0,0.0,40.0,35.9,0.0,0.0,0.0,0.0,0.0,40.0,0.0,0.0,0.0,0.0,1.0,0.0,80348.0,0,0,0,3,BOX ELDER
120,30120,24.0,64.0,0.375,2.0,2.0,0.0,0.0,25.7,2.0,0.0,0.0,0.0,0.0,0.0,0.0,0.0,0.0,0.0,3.0,1.0,80348.0,0,0,0,3,BOX ELDER
121,30121,49.0,132.0,0.3712121212121212,4.0,0.0,2.0,2.0,13.4,0.0,0.0,0.0,2.0,0.0,0.0,0.0,2.0,0.0,10.0,6.0,3.0,80348.0,0,0,0,3,BOX ELDER
122,30122,15.0,43.0,0.3488372093023256,0.0,0.0,0.0,0.0,17.5,0.0,0.0,0.0,0.0,0.0,0.0,0.0,0.0,0.0,0.0,2.0,1.0,74493.0,0,0,0,3,BOX ELDER
123,30123,0.0,0.0,0.0,0.0,0.0,0.0,0.0,0.0,0.0,0.0,0.0,0.0,0.0,0.0,0.0,0.0,0.0,0.0,0.0,0.0,80348.0,0,0,0,3,BOX ELDER
124,30124,74.0,200.0,0.37,2.0,0.0,0.0,2.0,12.6,0.0,0.0,0.0,0.0,0.0,0.0,0.0,2.0,0.0,0.0,11.0,5.0,80348.0,0,0,0,3,BOX ELDER
125,30125,66.0,176.0,0.375,74.0,0.0,0.0,74.0,70.5,0.0,0.0,0.0,0.0,14.0,60.0,0.0,0.0,0.0,0.0,11.0,4.0,80348.0,0,0,0,3,BOX ELDER
126,30126,191.0,532.0,0.3590225563909774,9.0,0.0,9.0,0.0,19.7,0.0,0.0,7.0,2.0,0.0,0.0,0.0,0.0,0.0,0.0,26.0,12.0,74493.0,0,0,0,3,BOX ELDER
127,30127,22.0,59.0,0.3728813559322034,0.0,0.0,0.0,0.0,8.1,0.0,0.0,0.0,0.0,0.0,0.0,0.0,0.0,0.0,0.0,14.0,6.0,80348.0,0,0,0,3,BOX ELDER
128,30128,87.0,235.0,0.3702127659574468,10.0,0.0,10.0,0.0,20.3,0.0,0.0,0.0,10.0,0.0,0.0,0.0,0.0,0.0,0.0,8.0,3.0,80348.0,0,0,0,3,BOX ELDER
129,30129,72.0,194.0,0.3711340206185567,0.0,0.0,0.0,0.0,14.199999999999998,0.0,0.0,0.0,0.0,0.0,0.0,0.0,0.0,0.0,0.0,1.0,1.0,80348.0,0,0,0,3,BOX ELDER
130,30130,49.0,137.0,0.3576642335766423,1.0,0.0,1.0,0.0,8.2,0.0,0.0,1.0,0.0,0.0,0.0,0.0,0.0,0.0,0.0,9.0,4.0,74493.0,0,0,0,3,BOX ELDER
131,30131,119.0,332.0,0.358433734939759,0.0,0.0,0.0,0.0,11.300000000000002,0.0,0.0,0.0,0.0,0.0,0.0,0.0,0.0,0.0,0.0,8.0,4.0,74493.0,0,0,0,3,BOX ELDER
132,30132,35.0,97.0,0.3608247422680412,3.0,0.0,3.0,0.0,72.7,0.0,0.0,3.0,0.0,0.0,0.0,0.0,0.0,146.0,0.0,5.0,2.0,74493.0,0,0,0,3,BOX ELDER
133,30133,183.0,494.0,0.3704453441295546,7.0,0.0,0.0,7.0,23.3,0.0,0.0,0.0,0.0,3.0,0.0,0.0,4.0,0.0,0.0,22.0,9.0,80348.0,0,0,0,3,BOX ELDER
134,30134,2.0,5.0,0.4,0.0,0.0,0.0,0.0,0.3,0.0,0.0,0.0,0.0,0.0,0.0,0.0,0.0,0.0,0.0,1.0,0.0,80348.0,0,0,0,3,BOX ELDER
135,30135,7.0,17.0,0.4117647058823529,0.0,0.0,0.0,0.0,0.1,0.0,0.0,0.0,0.0,0.0,0.0,0.0,0.0,0.0,0.0,0.0,0.0,80348.0,0,0,0,3,BOX ELDER
136,30136,163.0,453.0,0.3598233995584989,24.0,0.0,10.0,14.0,45.4,0.0,0.0,0.0,10.0,12.0,0.0,0.0,2.0,0.0,0.0,22.0,10.0,74493.0,0,0,0,3,BOX ELDER
137,30137,4.0,11.0,0.3636363636363636,58.0,0.0,58.0,0.0,30.8,0.0,0.0,0.0,58.0,0.0,0.0,0.0,0.0,0.0,0.0,1.0,0.0,80348.0,0,0,0,3,BOX ELDER
138,30138,160.0,432.0,0.3703703703703703,63.0,0.0,12.0,51.0,68.1,0.0,0.0,12.0,0.0,35.0,0.0,0.0,16.0,0.0,0.0,22.0,9.0,80348.0,0,0,0,3,BOX ELDER
139,30139,44.0,122.0,0.360655737704918,14.0,0.0,0.0,14.0,59.4,0.0,0.0,0.0,0.0,0.0,14.0,0.0,0.0,0.0,48.0,6.0,2.0,74493.0,0,0,0,3,BOX ELDER
140,30140,3.0,8.0,0.375,0.0,0.0,0.0,0.0,0.2,0.0,0.0,0.0,0.0,0.0,0.0,0.0,0.0,0.0,0.0,1.0,0.0,80348.0,0,0,0,3,BOX ELDER
141,30141,0.0,0.0,0.0,0.0,0.0,0.0,0.0,0.0,0.0,0.0,0.0,0.0,0.0,0.0,0.0,0.0,0.0,0.0,0.0,0.0,80348.0,0,0,0,3,BOX ELDER
142,30142,0.0,0.0,0.0,0.0,0.0,0.0,0.0,0.0,0.0,0.0,0.0,0.0,0.0,0.0,0.0,0.0,0.0,0.0,0.0,0.0,80348.0,0,0,0,3,BOX ELDER
143,30143,60.0,161.0,0.3726708074534161,111.0,41.0,70.0,0.0,98.0,41.0,0.0,0.0,70.0,0.0,0.0,0.0,0.0,0.0,0.0,11.0,4.0,80348.0,0,0,0,3,BOX ELDER
144,30144,0.0,0.0,0.0,0.0,0.0,0.0,0.0,0.0,0.0,0.0,0.0,0.0,0.0,0.0,0.0,0.0,0.0,0.0,0.0,0.0,80348.0,0,0,0,3,BOX ELDER
145,30145,15.0,38.0,0.3947368421052631,0.0,0.0,0.0,0.0,2.4,0.0,0.0,0.0,0.0,0.0,0.0,0.0,0.0,0.0,0.0,2.0,1.0,78516.0,0,0,0,3,BOX ELDER
146,30146,0.0,0.0,0.0,0.0,0.0,0.0,0.0,0.0,0.0,0.0,0.0,0.0,0.0,0.0,0.0,0.0,0.0,0.0,0.0,0.0,,0,0,0,3,BOX ELDER
147,30147,0.0,0.0,0.0,0.0,0.0,0.0,0.0,0.1,0.0,0.0,0.0,0.0,0.0,0.0,0.0,0.0,0.0,0.0,0.0,0.0,84675.0,0,0,0,3,BOX ELDER
148,30148,0.0,0.0,0.0,0.0,0.0,0.0,0.0,0.0,0.0,0.0,0.0,0.0,0.0,0.0,0.0,0.0,0.0,0.0,0.0,0.0,79483.0,0,0,0,3,BOX ELDER
149,30149,0.0,0.0,0.0,0.0,0.0,0.0,0.0,0.0,0.0,0.0,0.0,0.0,0.0,0.0,0.0,0.0,0.0,0.0,0.0,0.0,79483.0,0,0,0,3,BOX ELDER
150,30150,478.0,1748.0,0.2734553775743707,121.0,29.0,4.0,88.0,199.2,29.0,0.0,0.0,4.0,6.0,52.0,8.0,22.0,0.0,0.0,53.0,22.0,84445.0,0,0,0,3,BOX ELDER
151,30151,35.0,128.0,0.2734375,25.0,0.0,25.0,0.0,38.0,0.0,0.0,25.0,0.0,0.0,0.0,0.0,0.0,0.0,0.0,3.0,1.0,84675.0,0,0,0,3,BOX ELDER
152,30152,3.0,9.0,0.3333333333333333,0.0,0.0,0.0,0.0,0.0,0.0,0.0,0.0,0.0,0.0,0.0,0.0,0.0,0.0,0.0,0.0,0.0,74493.0,0,0,0,3,BOX ELDER
153,30153,0.0,0.0,0.0,0.0,0.0,0.0,0.0,0.0,0.0,0.0,0.0,0.0,0.0,0.0,0.0,0.0,0.0,0.0,0.0,0.0,74493.0,0,0,0,3,BOX ELDER
