year,sector_id,number_of_jobs,cid
1990,1,4312,11
1991,1,4515,11
1992,1,4672,11
1993,1,4975,11
1994,1,5382,11
1995,1,5596,11
1996,1,6029,11
1997,1,6239,11
1998,1,6526,11
1999,1,6522,11
2000,1,6809,11
2001,1,6480,11
2002,1,6543,11
2003,1,6558,11
2004,1,6818,11
2005,1,7031,11
2006,1,7382,11
2007,1,7578,11
2008,1,7822,11
2009,1,7753,11
2010,1,7850,11
2011,1,8226,11
2012,1,8317,11
2013,1,8627,11
2014,1,9043,11
2015,1,9459,11
2016,1,9810,11
2017,1,10266,11
2018,1,10788,11
2019,1,10863,11
2020,1,9480,11
2021,1,10395,11
2022,1,10777,11
2023,1,11744,11
2024,1,12275,11
2025,1,12428,11
2026,1,12512,11
2027,1,12602,11
2028,1,12732,11
2029,1,12934,11
2030,1,13321,11
2031,1,13128,11
2032,1,13105,11
2033,1,13095,11
2034,1,13151,11
2035,1,13215,11
2036,1,13237,11
2037,1,13329,11
2038,1,13317,11
2039,1,13343,11
2040,1,13364,11
2041,1,13516,11
2042,1,13663,11
2043,1,13849,11
2044,1,14027,11
2045,1,14238,11
2046,1,14411,11
2047,1,14636,11
2048,1,14884,11
2049,1,15099,11
2050,1,15216,11
2051,1,15344,11
2052,1,15424,11
2053,1,15502,11
2054,1,15574,11
2055,1,15647,11
2056,1,15724,11
2057,1,15800,11
2058,1,15873,11
2059,1,15940,11
2060,1,15998,11
1990,1,26146,35
1991,1,26478,35
1992,1,27554,35
1993,1,28567,35
1994,1,31633,35
1995,1,33175,35
1996,1,34655,35
1997,1,35644,35
1998,1,35988,35
1999,1,36133,35
2000,1,36350,35
2001,1,38662,35
2002,1,40047,35
2003,1,39539,35
2004,1,39797,35
2005,1,40106,35
2006,1,41245,35
2007,1,42735,35
2008,1,43370,35
2009,1,41960,35
2010,1,41300,35
2011,1,42330,35
2012,1,43859,35
2013,1,46228,35
2014,1,47868,35
2015,1,49498,35
2016,1,50592,35
2017,1,51732,35
2018,1,53575,35
2019,1,55502,35
2020,1,48993,35
2021,1,53378,35
2022,1,54511,35
2023,1,59600,35
2024,1,62603,35
2025,1,63117,35
2026,1,63425,35
2027,1,63861,35
2028,1,64479,35
2029,1,65461,35
2030,1,67426,35
2031,1,66409,35
2032,1,66289,35
2033,1,66210,35
2034,1,66499,35
2035,1,66774,35
2036,1,66854,35
2037,1,67249,35
2038,1,67130,35
2039,1,67184,35
2040,1,67244,35
2041,1,67885,35
2042,1,68539,35
2043,1,69405,35
2044,1,70210,35
2045,1,71197,35
2046,1,71994,35
2047,1,73065,35
2048,1,74258,35
2049,1,75280,35
2050,1,75866,35
2051,1,76422,35
2052,1,76811,35
2053,1,77186,35
2054,1,77564,35
2055,1,77929,35
2056,1,78335,35
2057,1,78730,35
2058,1,79128,35
2059,1,79515,35
2060,1,79918,35
1990,1,6132,49
1991,1,6283,49
1992,1,6695,49
1993,1,6820,49
1994,1,7512,49
1995,1,7919,49
1996,1,8563,49
1997,1,9043,49
1998,1,9334,49
1999,1,9916,49
2000,1,9942,49
2001,1,10259,49
2002,1,10789,49
2003,1,10856,49
2004,1,11238,49
2005,1,11600,49
2006,1,11938,49
2007,1,12559,49
2008,1,12857,49
2009,1,12380,49
2010,1,12554,49
2011,1,13034,49
2012,1,13693,49
2013,1,14671,49
2014,1,15673,49
2015,1,16646,49
2016,1,17654,49
2017,1,18546,49
2018,1,19720,49
2019,1,20690,49
2020,1,18345,49
2021,1,20343,49
2022,1,21259,49
2023,1,23480,49
2024,1,24817,49
2025,1,25320,49
2026,1,25643,49
2027,1,25935,49
2028,1,26320,49
2029,1,26915,49
2030,1,27875,49
2031,1,27599,49
2032,1,27703,49
2033,1,27813,49
2034,1,28073,49
2035,1,28344,49
2036,1,28511,49
2037,1,28815,49
2038,1,28889,49
2039,1,29040,49
2040,1,29228,49
2041,1,29645,49
2042,1,30085,49
2043,1,30618,49
2044,1,31132,49
2045,1,31720,49
2046,1,32223,49
2047,1,32834,49
2048,1,33495,49
2049,1,34094,49
2050,1,34478,49
2051,1,34832,49
2052,1,35126,49
2053,1,35431,49
2054,1,35746,49
2055,1,36068,49
2056,1,36429,49
2057,1,36793,49
2058,1,37152,49
2059,1,37506,49
2060,1,37878,49
1990,1,4332,57
1991,1,4443,57
1992,1,4577,57
1993,1,4663,57
1994,1,5106,57
1995,1,5319,57
1996,1,5609,57
1997,1,6016,57
1998,1,6102,57
1999,1,6170,57
2000,1,6243,57
2001,1,6246,57
2002,1,6163,57
2003,1,6494,57
2004,1,6646,57
2005,1,6700,57
2006,1,6802,57
2007,1,6965,57
2008,1,6942,57
2009,1,6875,57
2010,1,6695,57
2011,1,6640,57
2012,1,6897,57
2013,1,7139,57
2014,1,7155,57
2015,1,7583,57
2016,1,7645,57
2017,1,8075,57
2018,1,8083,57
2019,1,8250,57
2020,1,7356,57
2021,1,7853,57
2022,1,7968,57
2023,1,8709,57
2024,1,9128,57
2025,1,9206,57
2026,1,9237,57
2027,1,9268,57
2028,1,9324,57
2029,1,9406,57
2030,1,9646,57
2031,1,9458,57
2032,1,9396,57
2033,1,9346,57
2034,1,9343,57
2035,1,9355,57
2036,1,9334,57
2037,1,9360,57
2038,1,9314,57
2039,1,9293,57
2040,1,9273,57
2041,1,9339,57
2042,1,9405,57
2043,1,9500,57
2044,1,9590,57
2045,1,9697,57
2046,1,9782,57
2047,1,9907,57
2048,1,10049,57
2049,1,10170,57
2050,1,10233,57
2051,1,10300,57
2052,1,10340,57
2053,1,10378,57
2054,1,10416,57
2055,1,10455,57
2056,1,10499,57
2057,1,10542,57
2058,1,10585,57
2059,1,10630,57
2060,1,10671,57
1990,2,3860,11
1991,2,4184,11
1992,2,4630,11
1993,2,5310,11
1994,2,6366,11
1995,2,6485,11
1996,2,7231,11
1997,2,8152,11
1998,2,8467,11
1999,2,8994,11
2000,2,9067,11
2001,2,9145,11
2002,2,8657,11
2003,2,8920,11
2004,2,9667,11
2005,2,10726,11
2006,2,12034,11
2007,2,12956,11
2008,2,11606,11
2009,2,9737,11
2010,2,8956,11
2011,2,9016,11
2012,2,9362,11
2013,2,9717,11
2014,2,10596,11
2015,2,11372,11
2016,2,12283,11
2017,2,12635,11
2018,2,13266,11
2019,2,13618,11
2020,2,13970,11
2021,2,14883,11
2022,2,15134,11
2023,2,15524,11
2024,2,15736,11
2025,2,15974,11
2026,2,16211,11
2027,2,16596,11
2028,2,16963,11
2029,2,17449,11
2030,2,17544,11
2031,2,17809,11
2032,2,18107,11
2033,2,18475,11
2034,2,18923,11
2035,2,19402,11
2036,2,19926,11
2037,2,20493,11
2038,2,21090,11
2039,2,21683,11
2040,2,22267,11
2041,2,22931,11
2042,2,23566,11
2043,2,24182,11
2044,2,24831,11
2045,2,25519,11
2046,2,26248,11
2047,2,26974,11
2048,2,27681,11
2049,2,28375,11
2050,2,29054,11
2051,2,29757,11
2052,2,30179,11
2053,2,30619,11
2054,2,31024,11
2055,2,31433,11
2056,2,31857,11
2057,2,32259,11
2058,2,32664,11
2059,2,33074,11
2060,2,33413,11
1990,2,21034,35
1991,2,22548,35
1992,2,23726,35
1993,2,26162,35
1994,2,31818,35
1995,2,33586,35
1996,2,36508,35
1997,2,39174,35
1998,2,40523,35
1999,2,41880,35
2000,2,41611,35
2001,2,41605,35
2002,2,38365,35
2003,2,38589,35
2004,2,39746,35
2005,2,43726,35
2006,2,49808,35
2007,2,52856,35
2008,2,48422,35
2009,2,40709,35
2010,2,38358,35
2011,2,37864,35
2012,2,38789,35
2013,2,39116,35
2014,2,40122,35
2015,2,41886,35
2016,2,44718,35
2017,2,47123,35
2018,2,49226,35
2019,2,52051,35
2020,2,52395,35
2021,2,55505,35
2022,2,55840,35
2023,2,56810,35
2024,2,57600,35
2025,2,58872,35
2026,2,60101,35
2027,2,61869,35
2028,2,63565,35
2029,2,65519,35
2030,2,66159,35
2031,2,67461,35
2032,2,68823,35
2033,2,70355,35
2034,2,72162,35
2035,2,73965,35
2036,2,75908,35
2037,2,78024,35
2038,2,80199,35
2039,2,82334,35
2040,2,84418,35
2041,2,86667,35
2042,2,88825,35
2043,2,90946,35
2044,2,93175,35
2045,2,95619,35
2046,2,98269,35
2047,2,101002,35
2048,2,103722,35
2049,2,106409,35
2050,2,109199,35
2051,2,111981,35
2052,2,113847,35
2053,2,115827,35
2054,2,117671,35
2055,2,119533,35
2056,2,121430,35
2057,2,123175,35
2058,2,124923,35
2059,2,126609,35
2060,2,128103,35
1990,2,5047,49
1991,2,6279,49
1992,2,7487,49
1993,2,8299,49
1994,2,9559,49
1995,2,12106,49
1996,2,12660,49
1997,2,12704,49
1998,2,13371,49
1999,2,13979,49
2000,2,14052,49
2001,2,14696,49
2002,2,14578,49
2003,2,14629,49
2004,2,15857,49
2005,2,18161,49
2006,2,21249,49
2007,2,23726,49
2008,2,19874,49
2009,2,15713,49
2010,2,14283,49
2011,2,14963,49
2012,2,16862,49
2013,2,19330,49
2014,2,20812,49
2015,2,23027,49
2016,2,25961,49
2017,2,27615,49
2018,2,29799,49
2019,2,30193,49
2020,2,30546,49
2021,2,33128,49
2022,2,33758,49
2023,2,34525,49
2024,2,35235,49
2025,2,36248,49
2026,2,37072,49
2027,2,38084,49
2028,2,39053,49
2029,2,40240,49
2030,2,40597,49
2031,2,41272,49
2032,2,42027,49
2033,2,42925,49
2034,2,43973,49
2035,2,45051,49
2036,2,46183,49
2037,2,47440,49
2038,2,48730,49
2039,2,49997,49
2040,2,51292,49
2041,2,52659,49
2042,2,54017,49
2043,2,55390,49
2044,2,56859,49
2045,2,58438,49
2046,2,60144,49
2047,2,61910,49
2048,2,63678,49
2049,2,65493,49
2050,2,67354,49
2051,2,69224,49
2052,2,70553,49
2053,2,71959,49
2054,2,73314,49
2055,2,74725,49
2056,2,76217,49
2057,2,77655,49
2058,2,79147,49
2059,2,80668,49
2060,2,82180,49
1990,2,3043,57
1991,2,3140,57
1992,2,3621,57
1993,2,3959,57
1994,2,5074,57
1995,2,5230,57
1996,2,5823,57
1997,2,6538,57
1998,2,6706,57
1999,2,6300,57
2000,2,6375,57
2001,2,6377,57
2002,2,6181,57
2003,2,6342,57
2004,2,6697,57
2005,2,7403,57
2006,2,8295,57
2007,2,9082,57
2008,2,7767,57
2009,2,6467,57
2010,2,5794,57
2011,2,5625,57
2012,2,5988,57
2013,2,6233,57
2014,2,6717,57
2015,2,7015,57
2016,2,7315,57
2017,2,7830,57
2018,2,8433,57
2019,2,8672,57
2020,2,9793,57
2021,2,10410,57
2022,2,9962,57
2023,2,9762,57
2024,2,9560,57
2025,2,9495,57
2026,2,9533,57
2027,2,9712,57
2028,2,9928,57
2029,2,10199,57
2030,2,10281,57
2031,2,10457,57
2032,2,10644,57
2033,2,10864,57
2034,2,11110,57
2035,2,11384,57
2036,2,11674,57
2037,2,11991,57
2038,2,12320,57
2039,2,12648,57
2040,2,12973,57
2041,2,13337,57
2042,2,13682,57
2043,2,14017,57
2044,2,14369,57
2045,2,14740,57
2046,2,15135,57
2047,2,15536,57
2048,2,15933,57
2049,2,16325,57
2050,2,16731,57
2051,2,17144,57
2052,2,17406,57
2053,2,17662,57
2054,2,17904,57
2055,2,18157,57
2056,2,18420,57
2057,2,18671,57
2058,2,18919,57
2059,2,19158,57
2060,2,19364,57
1990,3,21144,11
1991,3,20817,11
1992,3,20598,11
1993,3,20864,11
1994,3,22103,11
1995,3,22270,11
1996,3,23346,11
1997,3,24745,11
1998,3,25331,11
1999,3,26238,11
2000,3,27661,11
2001,3,29130,11
2002,3,30561,11
2003,3,30476,11
2004,3,31068,11
2005,3,31702,11
2006,3,32036,11
2007,3,31903,11
2008,3,31940,11
2009,3,32547,11
2010,3,33319,11
2011,3,34810,11
2012,3,34463,11
2013,3,34812,11
2014,3,34999,11
2015,3,35547,11
2016,3,37120,11
2017,3,38873,11
2018,3,39880,11
2019,3,40714,11
2020,3,40553,11
2021,3,41588,11
2022,3,42398,11
2023,3,42994,11
2024,3,43458,11
2025,3,43622,11
2026,3,43852,11
2027,3,44272,11
2028,3,44707,11
2029,3,45123,11
2030,3,45653,11
2031,3,45787,11
2032,3,46125,11
2033,3,46376,11
2034,3,46640,11
2035,3,46894,11
2036,3,47200,11
2037,3,47523,11
2038,3,47862,11
2039,3,48189,11
2040,3,48721,11
2041,3,48829,11
2042,3,49179,11
2043,3,49562,11
2044,3,49956,11
2045,3,50314,11
2046,3,50693,11
2047,3,51077,11
2048,3,51475,11
2049,3,51867,11
2050,3,52480,11
2051,3,52686,11
2052,3,53115,11
2053,3,53556,11
2054,3,54011,11
2055,3,54471,11
2056,3,54926,11
2057,3,55383,11
2058,3,55854,11
2059,3,56326,11
2060,3,57024,11
1990,3,60646,35
1991,3,62509,35
1992,3,63089,35
1993,3,67896,35
1994,3,70188,35
1995,3,73349,35
1996,3,77722,35
1997,3,81206,35
1998,3,84565,35
1999,3,86404,35
2000,3,91158,35
2001,3,97520,35
2002,3,99520,35
2003,3,100842,35
2004,3,102694,35
2005,3,104612,35
2006,3,105969,35
2007,3,107650,35
2008,3,110852,35
2009,3,112974,35
2010,3,115138,35
2011,3,117716,35
2012,3,119973,35
2013,3,122794,35
2014,3,125511,35
2015,3,127552,35
2016,3,131423,35
2017,3,135376,35
2018,3,137729,35
2019,3,140749,35
2020,3,136689,35
2021,3,139285,35
2022,3,144887,35
2023,3,148075,35
2024,3,149500,35
2025,3,149695,35
2026,3,150663,35
2027,3,153487,35
2028,3,155412,35
2029,3,157324,35
2030,3,159064,35
2031,3,161328,35
2032,3,162829,35
2033,3,164093,35
2034,3,166330,35
2035,3,167568,35
2036,3,168882,35
2037,3,171025,35
2038,3,172436,35
2039,3,173965,35
2040,3,175604,35
2041,3,176858,35
2042,3,178354,35
2043,3,179975,35
2044,3,181581,35
2045,3,183083,35
2046,3,184608,35
2047,3,186197,35
2048,3,187806,35
2049,3,189381,35
2050,3,191139,35
2051,3,192520,35
2052,3,194025,35
2053,3,195559,35
2054,3,197106,35
2055,3,198625,35
2056,3,200166,35
2057,3,201730,35
2058,3,203298,35
2059,3,204893,35
2060,3,206746,35
1990,3,22561,49
1991,3,23662,49
1992,3,23920,49
1993,3,24814,49
1994,3,27009,49
1995,3,28014,49
1996,3,29883,49
1997,3,31523,49
1998,3,35243,49
1999,3,35041,49
2000,3,37108,49
2001,3,38738,49
2002,3,40687,49
2003,3,40548,49
2004,3,41781,49
2005,3,43662,49
2006,3,45507,49
2007,3,47290,49
2008,3,47568,49
2009,3,48388,49
2010,3,49247,49
2011,3,50156,49
2012,3,51116,49
2013,3,50643,49
2014,3,51139,49
2015,3,51826,49
2016,3,53419,49
2017,3,55923,49
2018,3,56952,49
2019,3,58372,49
2020,3,54895,49
2021,3,57480,49
2022,3,62701,49
2023,3,64390,49
2024,3,65002,49
2025,3,64998,49
2026,3,65415,49
2027,3,66433,49
2028,3,67514,49
2029,3,68561,49
2030,3,69386,49
2031,3,70124,49
2032,3,70773,49
2033,3,71271,49
2034,3,71915,49
2035,3,72486,49
2036,3,73113,49
2037,3,73823,49
2038,3,74588,49
2039,3,75477,49
2040,3,76406,49
2041,3,77283,49
2042,3,78332,49
2043,3,79462,49
2044,3,80651,49
2045,3,81757,49
2046,3,82871,49
2047,3,83988,49
2048,3,85107,49
2049,3,86227,49
2050,3,87309,49
2051,3,88342,49
2052,3,89424,49
2053,3,90535,49
2054,3,91654,49
2055,3,92792,49
2056,3,93915,49
2057,3,95051,49
2058,3,96161,49
2059,3,97234,49
2060,3,98299,49
1990,3,16154,57
1991,3,16429,57
1992,3,16386,57
1993,3,16598,57
1994,3,17514,57
1995,3,18210,57
1996,3,19310,57
1997,3,19647,57
1998,3,19661,57
1999,3,20542,57
2000,3,20787,57
2001,3,20795,57
2002,3,22037,57
2003,3,21931,57
2004,3,21667,57
2005,3,21960,57
2006,3,22276,57
2007,3,22632,57
2008,3,22859,57
2009,3,22958,57
2010,3,23213,57
2011,3,23238,57
2012,3,23223,57
2013,3,22540,57
2014,3,22126,57
2015,3,22066,57
2016,3,22302,57
2017,3,22813,57
2018,3,22986,57
2019,3,23865,57
2020,3,23021,57
2021,3,23237,57
2022,3,23957,57
2023,3,24454,57
2024,3,24781,57
2025,3,24815,57
2026,3,24910,57
2027,3,25079,57
2028,3,25201,57
2029,3,25340,57
2030,3,25497,57
2031,3,25480,57
2032,3,25571,57
2033,3,25637,57
2034,3,25704,57
2035,3,25795,57
2036,3,25903,57
2037,3,26010,57
2038,3,26135,57
2039,3,26256,57
2040,3,26456,57
2041,3,26474,57
2042,3,26589,57
2043,3,26716,57
2044,3,26842,57
2045,3,26960,57
2046,3,27087,57
2047,3,27222,57
2048,3,27362,57
2049,3,27506,57
2050,3,27743,57
2051,3,27812,57
2052,3,27967,57
2053,3,28120,57
2054,3,28278,57
2055,3,28433,57
2056,3,28593,57
2057,3,28752,57
2058,3,28922,57
2059,3,29099,57
2060,3,29366,57
1990,4,6279,11
1991,4,6183,11
1992,4,6116,11
1993,4,6196,11
1994,4,6564,11
1995,4,6612,11
1996,4,6931,11
1997,4,7347,11
1998,4,7521,11
1999,4,7791,11
2000,4,8213,11
2001,4,8648,11
2002,4,8814,11
2003,4,9232,11
2004,4,9407,11
2005,4,9639,11
2006,4,9989,11
2007,4,10158,11
2008,4,10605,11
2009,4,10980,11
2010,4,11351,11
2011,4,11847,11
2012,4,12248,11
2013,4,12801,11
2014,4,13051,11
2015,4,13373,11
2016,4,13928,11
2017,4,14745,11
2018,4,15292,11
2019,4,15859,11
2020,4,15348,11
2021,4,16209,11
2022,4,16732,11
2023,4,17441,11
2024,4,18042,11
2025,4,18496,11
2026,4,18929,11
2027,4,19385,11
2028,4,19830,11
2029,4,20307,11
2030,4,20685,11
2031,4,21175,11
2032,4,21703,11
2033,4,22188,11
2034,4,22682,11
2035,4,23088,11
2036,4,23512,11
2037,4,23928,11
2038,4,24362,11
2039,4,24788,11
2040,4,25231,11
2041,4,25653,11
2042,4,26042,11
2043,4,26413,11
2044,4,26827,11
2045,4,27255,11
2046,4,27718,11
2047,4,28172,11
2048,4,28629,11
2049,4,29089,11
2050,4,29507,11
2051,4,29955,11
2052,4,30392,11
2053,4,30845,11
2054,4,31303,11
2055,4,31767,11
2056,4,32239,11
2057,4,32706,11
2058,4,33116,11
2059,4,33498,11
2060,4,33837,11
1990,4,28661,35
1991,4,29542,35
1992,4,29816,35
1993,4,32092,35
1994,4,33171,35
1995,4,34668,35
1996,4,36730,35
1997,4,38378,35
1998,4,39969,35
1999,4,40838,35
2000,4,43089,35
2001,4,46102,35
2002,4,47321,35
2003,4,48604,35
2004,4,49908,35
2005,4,51525,35
2006,4,52872,35
2007,4,55871,35
2008,4,58264,35
2009,4,59803,35
2010,4,60915,35
2011,4,61514,35
2012,4,62589,35
2013,4,64494,35
2014,4,64869,35
2015,4,67318,35
2016,4,69965,35
2017,4,71414,35
2018,4,72255,35
2019,4,73790,35
2020,4,72079,35
2021,4,75297,35
2022,4,76728,35
2023,4,79975,35
2024,4,82573,35
2025,4,84332,35
2026,4,86174,35
2027,4,88232,35
2028,4,90177,35
2029,4,92248,35
2030,4,93942,35
2031,4,96048,35
2032,4,98538,35
2033,4,100649,35
2034,4,102924,35
2035,4,104627,35
2036,4,106434,35
2037,4,108159,35
2038,4,109973,35
2039,4,111691,35
2040,4,113552,35
2041,4,115191,35
2042,4,116741,35
2043,4,118239,35
2044,4,119889,35
2045,4,121641,35
2046,4,123520,35
2047,4,125367,35
2048,4,127257,35
2049,4,129109,35
2050,4,130863,35
2051,4,132518,35
2052,4,134189,35
2053,4,135868,35
2054,4,137582,35
2055,4,139270,35
2056,4,141007,35
2057,4,142699,35
2058,4,144170,35
2059,4,145502,35
2060,4,146760,35
1990,4,8716,49
1991,4,9142,49
1992,4,9241,49
1993,4,9587,49
1994,4,10433,49
1995,4,10821,49
1996,4,11544,49
1997,4,12178,49
1998,4,13617,49
1999,4,13535,49
2000,4,14336,49
2001,4,14966,49
2002,4,15583,49
2003,4,16419,49
2004,4,17164,49
2005,4,17788,49
2006,4,18521,49
2007,4,19802,49
2008,4,20567,49
2009,4,20996,49
2010,4,21702,49
2011,4,22673,49
2012,4,23457,49
2013,4,24783,49
2014,4,25448,49
2015,4,26892,49
2016,4,28287,49
2017,4,29490,49
2018,4,31483,49
2019,4,32847,49
2020,4,32188,49
2021,4,34005,49
2022,4,35212,49
2023,4,37009,49
2024,4,38451,49
2025,4,39507,49
2026,4,40510,49
2027,4,41518,49
2028,4,42516,49
2029,4,43678,49
2030,4,44611,49
2031,4,45689,49
2032,4,46914,49
2033,4,48032,49
2034,4,49171,49
2035,4,50107,49
2036,4,51073,49
2037,4,52019,49
2038,4,52995,49
2039,4,53956,49
2040,4,55071,49
2041,4,56058,49
2042,4,57027,49
2043,4,57942,49
2044,4,58950,49
2045,4,59994,49
2046,4,61096,49
2047,4,62164,49
2048,4,63274,49
2049,4,64424,49
2050,4,65579,49
2051,4,66732,49
2052,4,67903,49
2053,4,69049,49
2054,4,70184,49
2055,4,71331,49
2056,4,72450,49
2057,4,73486,49
2058,4,74417,49
2059,4,75263,49
2060,4,76098,49
1990,4,7466,57
1991,4,7594,57
1992,4,7572,57
1993,4,7672,57
1994,4,8093,57
1995,4,8415,57
1996,4,8923,57
1997,4,9079,57
1998,4,9086,57
1999,4,9491,57
2000,4,9604,57
2001,4,9608,57
2002,4,9953,57
2003,4,10242,57
2004,4,10484,57
2005,4,10574,57
2006,4,11401,57
2007,4,11610,57
2008,4,12101,57
2009,4,12162,57
2010,4,12307,57
2011,4,12545,57
2012,4,12758,57
2013,4,13015,57
2014,4,13267,57
2015,4,13804,57
2016,4,13991,57
2017,4,14016,57
2018,4,14353,57
2019,4,14497,57
2020,4,14412,57
2021,4,14702,57
2022,4,14813,57
2023,4,15440,57
2024,4,15937,57
2025,4,16251,57
2026,4,16544,57
2027,4,16849,57
2028,4,17123,57
2029,4,17364,57
2030,4,17579,57
2031,4,17849,57
2032,4,18154,57
2033,4,18421,57
2034,4,18689,57
2035,4,18899,57
2036,4,19115,57
2037,4,19321,57
2038,4,19537,57
2039,4,19744,57
2040,4,19975,57
2041,4,20171,57
2042,4,20342,57
2043,4,20498,57
2044,4,20683,57
2045,4,20882,57
2046,4,21103,57
2047,4,21328,57
2048,4,21555,57
2049,4,21785,57
2050,4,22000,57
2051,4,22217,57
2052,4,22427,57
2053,4,22638,57
2054,4,22857,57
2055,4,23066,57
2056,4,23285,57
2057,4,23496,57
2058,4,23673,57
2059,4,23829,57
2060,4,23963,57
1990,5,7451,11
1991,5,7500,11
1992,5,7701,11
1993,5,8211,11
1994,5,8798,11
1995,5,9193,11
1996,5,9668,11
1997,5,9695,11
1998,5,9860,11
1999,5,10063,11
2000,5,10060,11
2001,5,10169,11
2002,5,10360,11
2003,5,10567,11
2004,5,10921,11
2005,5,11020,11
2006,5,11188,11
2007,5,11684,11
2008,5,10714,11
2009,5,9361,11
2010,5,9316,11
2011,5,10447,11
2012,5,11136,11
2013,5,11580,11
2014,5,12032,11
2015,5,12774,11
2016,5,12625,11
2017,5,12887,11
2018,5,14536,11
2019,5,14769,11
2020,5,14559,11
2021,5,14738,11
2022,5,14751,11
2023,5,15347,11
2024,5,15837,11
2025,5,16089,11
2026,5,16318,11
2027,5,16529,11
2028,5,16668,11
2029,5,16894,11
2030,5,17034,11
2031,5,17191,11
2032,5,17315,11
2033,5,17491,11
2034,5,17669,11
2035,5,17642,11
2036,5,17615,11
2037,5,17591,11
2038,5,17597,11
2039,5,17585,11
2040,5,17527,11
2041,5,17481,11
2042,5,17528,11
2043,5,17550,11
2044,5,17572,11
2045,5,17586,11
2046,5,17546,11
2047,5,17441,11
2048,5,17327,11
2049,5,17208,11
2050,5,17049,11
2051,5,16935,11
2052,5,16903,11
2053,5,16894,11
2054,5,16898,11
2055,5,16893,11
2056,5,16857,11
2057,5,16826,11
2058,5,16795,11
2059,5,16768,11
2060,5,16728,11
1990,5,52083,35
1991,5,52385,35
1992,5,53219,35
1993,5,54947,35
1994,5,57180,35
1995,5,59657,35
1996,5,62273,35
1997,5,63361,35
1998,5,65370,35
1999,5,65909,35
2000,5,66336,35
2001,5,54484,35
2002,5,51028,35
2003,5,50108,35
2004,5,51196,35
2005,5,52007,35
2006,5,54387,35
2007,5,57084,35
2008,5,56621,35
2009,5,52046,35
2010,5,51704,35
2011,5,52827,35
2012,5,54113,35
2013,5,54417,35
2014,5,54411,35
2015,5,55376,35
2016,5,56609,35
2017,5,57931,35
2018,5,58712,35
2019,5,59851,35
2020,5,58960,35
2021,5,61337,35
2022,5,61387,35
2023,5,63216,35
2024,5,64358,35
2025,5,65041,35
2026,5,65725,35
2027,5,66489,35
2028,5,66952,35
2029,5,67866,35
2030,5,68434,35
2031,5,69043,35
2032,5,69789,35
2033,5,70668,35
2034,5,71700,35
2035,5,71755,35
2036,5,71849,35
2037,5,71977,35
2038,5,72225,35
2039,5,72427,35
2040,5,72482,35
2041,5,72493,35
2042,5,72920,35
2043,5,73250,35
2044,5,73555,35
2045,5,73849,35
2046,5,73892,35
2047,5,73656,35
2048,5,73362,35
2049,5,73026,35
2050,5,72549,35
2051,5,72135,35
2052,5,72103,35
2053,5,72162,35
2054,5,72264,35
2055,5,72319,35
2056,5,72247,35
2057,5,72194,35
2058,5,72149,35
2059,5,72101,35
2060,5,72077,35
1990,5,16397,49
1991,5,16752,49
1992,5,15673,49
1993,5,16006,49
1994,5,17769,49
1995,5,19153,49
1996,5,20553,49
1997,5,21365,49
1998,5,18417,49
1999,5,20964,49
2000,5,21742,49
2001,5,20243,49
2002,5,17811,49
2003,5,17163,49
2004,5,17726,49
2005,5,18139,49
2006,5,19351,49
2007,5,20364,49
2008,5,19910,49
2009,5,17840,49
2010,5,17040,49
2011,5,17366,49
2012,5,18067,49
2013,5,19137,49
2014,5,19399,49
2015,5,19284,49
2016,5,19419,49
2017,5,20224,49
2018,5,21061,49
2019,5,21610,49
2020,5,21527,49
2021,5,22590,49
2022,5,22810,49
2023,5,23547,49
2024,5,23970,49
2025,5,24291,49
2026,5,24556,49
2027,5,24787,49
2028,5,24950,49
2029,5,25340,49
2030,5,25570,49
2031,5,25765,49
2032,5,25974,49
2033,5,26280,49
2034,5,26622,49
2035,5,26653,49
2036,5,26712,49
2037,5,26802,49
2038,5,26957,49
2039,5,27116,49
2040,5,27244,49
2041,5,27341,49
2042,5,27625,49
2043,5,27876,49
2044,5,28136,49
2045,5,28387,49
2046,5,28546,49
2047,5,28590,49
2048,5,28613,49
2049,5,28622,49
2050,5,28566,49
2051,5,28519,49
2052,5,28629,49
2053,5,28768,49
2054,5,28922,49
2055,5,29052,49
2056,5,29134,49
2057,5,29202,49
2058,5,29267,49
2059,5,29322,49
2060,5,29376,49
1990,5,10860,57
1991,5,11032,57
1992,5,11117,57
1993,5,11140,57
1994,5,11972,57
1995,5,12895,57
1996,5,14212,57
1997,5,14610,57
1998,5,14593,57
1999,5,13947,57
2000,5,14114,57
2001,5,14119,57
2002,5,12422,57
2003,5,11987,57
2004,5,12125,57
2005,5,12009,57
2006,5,12153,57
2007,5,12875,57
2008,5,13210,57
2009,5,12094,57
2010,5,11930,57
2011,5,12293,57
2012,5,12512,57
2013,5,12841,57
2014,5,13372,57
2015,5,14105,57
2016,5,15099,57
2017,5,14777,57
2018,5,14524,57
2019,5,15224,57
2020,5,14143,57
2021,5,15451,57
2022,5,15865,57
2023,5,16191,57
2024,5,16331,57
2025,5,16602,57
2026,5,16840,57
2027,5,17036,57
2028,5,17231,57
2029,5,17584,57
2030,5,17762,57
2031,5,17986,57
2032,5,18167,57
2033,5,18410,57
2034,5,18660,57
2035,5,18714,57
2036,5,18770,57
2037,5,18830,57
2038,5,18924,57
2039,5,19014,57
2040,5,19063,57
2041,5,19107,57
2042,5,19254,57
2043,5,19377,57
2044,5,19502,57
2045,5,19622,57
2046,5,19676,57
2047,5,19663,57
2048,5,19636,57
2049,5,19604,57
2050,5,19534,57
2051,5,19494,57
2052,5,19551,57
2053,5,19629,57
2054,5,19717,57
2055,5,19795,57
2056,5,19839,57
2057,5,19887,57
2058,5,19940,57
2059,5,20001,57
2060,5,20059,57
1990,6,5964,11
1991,6,5870,11
1992,6,5806,11
1993,6,5882,11
1994,6,6230,11
1995,6,6277,11
1996,6,6580,11
1997,6,6973,11
1998,6,7138,11
1999,6,7394,11
2000,6,7795,11
2001,6,8206,11
2002,6,8870,11
2003,6,9232,11
2004,6,10165,11
2005,6,10688,11
2006,6,11587,11
2007,6,12594,11
2008,6,13532,11
2009,6,13460,11
2010,6,13655,11
2011,6,14485,11
2012,6,14689,11
2013,6,15565,11
2014,6,15885,11
2015,6,16281,11
2016,6,17022,11
2017,6,17774,11
2018,6,18400,11
2019,6,18991,11
2020,6,18372,11
2021,6,20003,11
2022,6,21238,11
2023,6,22407,11
2024,6,23092,11
2025,6,23795,11
2026,6,24372,11
2027,6,24754,11
2028,6,25182,11
2029,6,25720,11
2030,6,25887,11
2031,6,25895,11
2032,6,25982,11
2033,6,26232,11
2034,6,26713,11
2035,6,27160,11
2036,6,27685,11
2037,6,28211,11
2038,6,28725,11
2039,6,29229,11
2040,6,29698,11
2041,6,30078,11
2042,6,30437,11
2043,6,30750,11
2044,6,31125,11
2045,6,31468,11
2046,6,31804,11
2047,6,32065,11
2048,6,32246,11
2049,6,32573,11
2050,6,32869,11
2051,6,33116,11
2052,6,33289,11
2053,6,33430,11
2054,6,33549,11
2055,6,33753,11
2056,6,33865,11
2057,6,33942,11
2058,6,34002,11
2059,6,34064,11
2060,6,34079,11
1990,6,47604,35
1991,6,49066,35
1992,6,49520,35
1993,6,53308,35
1994,6,55093,35
1995,6,57573,35
1996,6,61005,35
1997,6,63741,35
1998,6,66392,35
1999,6,67835,35
2000,6,71588,35
2001,6,76604,35
2002,6,73150,35
2003,6,72531,35
2004,6,73379,35
2005,6,77299,35
2006,6,82387,35
2007,6,84669,35
2008,6,87690,35
2009,6,84065,35
2010,6,83606,35
2011,6,85097,35
2012,6,89374,35
2013,6,94027,35
2014,6,98197,35
2015,6,101607,35
2016,6,106178,35
2017,6,108876,35
2018,6,113503,35
2019,6,118799,35
2020,6,114422,35
2021,6,124760,35
2022,6,132996,35
2023,6,139640,35
2024,6,143932,35
2025,6,147860,35
2026,6,151790,35
2027,6,154540,35
2028,6,157482,35
2029,6,160991,35
2030,6,162579,35
2031,6,163110,35
2032,6,164570,35
2033,6,166661,35
2034,6,170349,35
2035,6,173521,35
2036,6,177738,35
2037,6,181564,35
2038,6,185696,35
2039,6,189693,35
2040,6,193339,35
2041,6,196459,35
2042,6,199380,35
2043,6,202084,35
2044,6,204958,35
2045,6,207719,35
2046,6,210363,35
2047,6,212612,35
2048,6,214293,35
2049,6,216437,35
2050,6,218422,35
2051,6,219860,35
2052,6,220822,35
2053,6,221502,35
2054,6,222048,35
2055,6,223055,35
2056,6,223609,35
2057,6,223874,35
2058,6,224134,35
2059,6,224323,35
2060,6,224528,35
1990,6,13568,49
1991,6,14230,49
1992,6,14385,49
1993,6,14923,49
1994,6,16240,49
1995,6,16840,49
1996,6,17964,49
1997,6,18951,49
1998,6,21196,49
1999,6,21067,49
2000,6,22317,49
2001,6,23297,49
2002,6,22650,49
2003,6,23551,49
2004,6,25409,49
2005,6,27316,49
2006,6,28212,49
2007,6,29969,49
2008,6,31734,49
2009,6,31535,49
2010,6,31359,49
2011,6,32628,49
2012,6,34031,49
2013,6,36263,49
2014,6,39278,49
2015,6,42290,49
2016,6,46228,49
2017,6,47557,49
2018,6,51964,49
2019,6,54353,49
2020,6,50550,49
2021,6,56190,49
2022,6,61144,49
2023,6,64552,49
2024,6,66964,49
2025,6,69168,49
2026,6,70932,49
2027,6,72177,49
2028,6,73453,49
2029,6,75098,49
2030,6,75868,49
2031,6,76050,49
2032,6,76669,49
2033,6,77669,49
2034,6,79362,49
2035,6,80983,49
2036,6,83004,49
2037,6,85118,49
2038,6,87200,49
2039,6,89266,49
2040,6,91257,49
2041,6,92883,49
2042,6,94659,49
2043,6,96299,49
2044,6,98143,49
2045,6,99931,49
2046,6,101675,49
2047,6,103262,49
2048,6,104574,49
2049,6,106359,49
2050,6,108056,49
2051,6,109527,49
2052,6,110863,49
2053,6,112064,49
2054,6,113183,49
2055,6,114531,49
2056,6,115618,49
2057,6,116511,49
2058,6,117364,49
2059,6,118097,49
2060,6,118774,49
1990,6,5032,57
1991,6,5117,57
1992,6,5103,57
1993,6,5170,57
1994,6,5454,57
1995,6,5671,57
1996,6,6012,57
1997,6,6116,57
1998,6,6121,57
1999,6,6394,57
2000,6,6470,57
2001,6,6473,57
2002,6,7020,57
2003,6,6926,57
2004,6,7016,57
2005,6,6983,57
2006,6,7031,57
2007,6,7124,57
2008,6,7152,57
2009,6,7097,57
2010,6,6842,57
2011,6,6541,57
2012,6,6601,57
2013,6,7072,57
2014,6,7441,57
2015,6,7864,57
2016,6,8104,57
2017,6,8505,57
2018,6,8983,57
2019,6,9083,57
2020,6,8731,57
2021,6,9428,57
2022,6,10071,57
2023,6,10639,57
2024,6,10991,57
2025,6,11327,57
2026,6,11610,57
2027,6,11788,57
2028,6,11966,57
2029,6,12189,57
2030,6,12243,57
2031,6,12213,57
2032,6,12236,57
2033,6,12339,57
2034,6,12549,57
2035,6,12756,57
2036,6,13000,57
2037,6,13241,57
2038,6,13478,57
2039,6,13716,57
2040,6,13929,57
2041,6,14089,57
2042,6,14244,57
2043,6,14379,57
2044,6,14535,57
2045,6,14682,57
2046,6,14815,57
2047,6,14923,57
2048,6,14990,57
2049,6,15125,57
2050,6,15253,57
2051,6,15343,57
2052,6,15404,57
2053,6,15441,57
2054,6,15467,57
2055,6,15531,57
2056,6,15555,57
2057,6,15562,57
2058,6,15565,57
2059,6,15567,57
2060,6,15559,57
1990,7,17385,11
1991,7,17113,11
1992,7,16928,11
1993,7,17149,11
1994,7,18167,11
1995,7,18299,11
1996,7,19185,11
1997,7,20333,11
1998,7,20814,11
1999,7,21560,11
2000,7,22727,11
2001,7,23931,11
2002,7,25349,11
2003,7,26550,11
2004,7,27966,11
2005,7,29813,11
2006,7,32198,11
2007,7,35064,11
2008,7,36423,11
2009,7,37082,11
2010,7,36712,11
2011,7,37770,11
2012,7,38182,11
2013,7,39206,11
2014,7,40363,11
2015,7,41732,11
2016,7,42818,11
2017,7,43435,11
2018,7,45387,11
2019,7,46724,11
2020,7,42674,11
2021,7,46907,11
2022,7,50664,11
2023,7,51907,11
2024,7,53062,11
2025,7,53953,11
2026,7,54371,11
2027,7,54726,11
2028,7,55246,11
2029,7,56048,11
2030,7,55978,11
2031,7,56163,11
2032,7,56386,11
2033,7,56483,11
2034,7,56769,11
2035,7,57021,11
2036,7,57395,11
2037,7,57785,11
2038,7,58176,11
2039,7,58507,11
2040,7,58921,11
2041,7,59399,11
2042,7,59838,11
2043,7,60242,11
2044,7,60667,11
2045,7,61019,11
2046,7,61404,11
2047,7,61742,11
2048,7,62096,11
2049,7,62386,11
2050,7,62602,11
2051,7,62975,11
2052,7,63290,11
2053,7,63601,11
2054,7,63892,11
2055,7,64196,11
2056,7,64485,11
2057,7,64769,11
2058,7,65019,11
2059,7,65248,11
2060,7,65384,11
1990,7,100104,35
1991,7,103180,35
1992,7,104136,35
1993,7,112086,35
1994,7,115855,35
1995,7,121071,35
1996,7,128285,35
1997,7,134039,35
1998,7,139600,35
1999,7,142635,35
2000,7,150529,35
2001,7,161054,35
2002,7,162500,35
2003,7,160992,35
2004,7,165610,35
2005,7,173488,35
2006,7,182980,35
2007,7,197231,35
2008,7,198027,35
2009,7,193814,35
2010,7,191755,35
2011,7,200143,35
2012,7,203105,35
2013,7,210385,35
2014,7,216868,35
2015,7,223874,35
2016,7,232384,35
2017,7,235055,35
2018,7,242259,35
2019,7,247701,35
2020,7,232939,35
2021,7,254981,35
2022,7,271725,35
2023,7,276050,35
2024,7,281358,35
2025,7,285165,35
2026,7,286874,35
2027,7,288319,35
2028,7,290891,35
2029,7,295157,35
2030,7,295601,35
2031,7,296450,35
2032,7,298271,35
2033,7,299193,35
2034,7,301321,35
2035,7,302879,35
2036,7,305319,35
2037,7,307739,35
2038,7,310242,35
2039,7,312386,35
2040,7,315294,35
2041,7,318173,35
2042,7,320887,35
2043,7,323594,35
2044,7,326196,35
2045,7,328433,35
2046,7,330758,35
2047,7,332726,35
2048,7,334790,35
2049,7,336250,35
2050,7,337409,35
2051,7,338902,35
2052,7,340349,35
2053,7,341673,35
2054,7,342930,35
2055,7,344213,35
2056,7,345456,35
2057,7,346643,35
2058,7,347748,35
2059,7,348546,35
2060,7,349250,35
1990,7,23931,49
1991,7,25099,49
1992,7,25371,49
1993,7,26319,49
1994,7,28643,49
1995,7,29704,49
1996,7,31686,49
1997,7,33430,49
1998,7,37384,49
1999,7,37158,49
2000,7,39360,49
2001,7,41090,49
2002,7,42062,49
2003,7,43624,49
2004,7,47272,49
2005,7,50012,49
2006,7,53161,49
2007,7,58521,49
2008,7,59632,49
2009,7,60272,49
2010,7,59765,49
2011,7,62960,49
2012,7,63850,49
2013,7,65129,49
2014,7,66220,49
2015,7,69147,49
2016,7,73581,49
2017,7,76420,49
2018,7,81955,49
2019,7,85239,49
2020,7,78828,49
2021,7,88248,49
2022,7,96171,49
2023,7,98837,49
2024,7,101607,49
2025,7,103940,49
2026,7,105094,49
2027,7,105999,49
2028,7,107350,49
2029,7,109397,49
2030,7,110218,49
2031,7,111061,49
2032,7,112073,49
2033,7,112769,49
2034,7,113893,49
2035,7,114898,49
2036,7,116159,49
2037,7,117499,49
2038,7,118791,49
2039,7,119964,49
2040,7,121467,49
2041,7,122844,49
2042,7,124345,49
2043,7,125851,49
2044,7,127439,49
2045,7,128937,49
2046,7,130521,49
2047,7,131976,49
2048,7,133482,49
2049,7,134866,49
2050,7,136091,49
2051,7,137399,49
2052,7,138755,49
2053,7,140103,49
2054,7,141444,49
2055,7,142849,49
2056,7,144257,49
2057,7,145629,49
2058,7,146955,49
2059,7,148135,49
2060,7,149301,49
1990,7,17190,57
1991,7,17484,57
1992,7,17430,57
1993,7,17662,57
1994,7,18631,57
1995,7,19371,57
1996,7,20539,57
1997,7,20896,57
1998,7,20911,57
1999,7,21844,57
2000,7,22105,57
2001,7,22112,57
2002,7,22670,57
2003,7,23062,57
2004,7,24397,57
2005,7,25347,57
2006,7,26367,57
2007,7,28140,57
2008,7,28533,57
2009,7,27220,57
2010,7,26837,57
2011,7,27742,57
2012,7,28223,57
2013,7,29013,57
2014,7,29651,57
2015,7,30476,57
2016,7,31677,57
2017,7,32397,57
2018,7,33518,57
2019,7,34562,57
2020,7,32306,57
2021,7,34882,57
2022,7,37254,57
2023,7,38036,57
2024,7,38959,57
2025,7,39575,57
2026,7,39808,57
2027,7,40009,57
2028,7,40350,57
2029,7,40834,57
2030,7,40832,57
2031,7,40886,57
2032,7,41010,57
2033,7,41053,57
2034,7,41213,57
2035,7,41380,57
2036,7,41630,57
2037,7,41909,57
2038,7,42168,57
2039,7,42383,57
2040,7,42673,57
2041,7,42964,57
2042,7,43244,57
2043,7,43511,57
2044,7,43794,57
2045,7,44031,57
2046,7,44279,57
2047,7,44509,57
2048,7,44745,57
2049,7,44941,57
2050,7,45097,57
2051,7,45328,57
2052,7,45534,57
2053,7,45723,57
2054,7,45911,57
2055,7,46110,57
2056,7,46301,57
2057,7,46492,57
2058,7,46662,57
2059,7,46812,57
2060,7,46911,57
1990,8,98,11
1991,8,126,11
1992,8,131,11
1993,8,175,11
1994,8,188,11
1995,8,207,11
1996,8,173,11
1997,8,185,11
1998,8,208,11
1999,8,171,11
2000,8,163,11
2001,8,259,11
2002,8,136,11
2003,8,179,11
2004,8,199,11
2005,8,238,11
2006,8,252,11
2007,8,244,11
2008,8,273,11
2009,8,264,11
2010,8,257,11
2011,8,422,11
2012,8,570,11
2013,8,469,11
2014,8,476,11
2015,8,468,11
2016,8,449,11
2017,8,515,11
2018,8,363,11
2019,8,150,11
2020,8,146,11
2021,8,139,11
2022,8,145,11
2023,8,150,11
2024,8,155,11
2025,8,156,11
2026,8,158,11
2027,8,159,11
2028,8,162,11
2029,8,167,11
2030,8,171,11
2031,8,175,11
2032,8,182,11
2033,8,184,11
2034,8,186,11
2035,8,187,11
2036,8,189,11
2037,8,191,11
2038,8,193,11
2039,8,194,11
2040,8,197,11
2041,8,198,11
2042,8,199,11
2043,8,200,11
2044,8,201,11
2045,8,201,11
2046,8,201,11
2047,8,201,11
2048,8,200,11
2049,8,199,11
2050,8,198,11
2051,8,198,11
2052,8,198,11
2053,8,198,11
2054,8,199,11
2055,8,199,11
2056,8,199,11
2057,8,200,11
2058,8,200,11
2059,8,201,11
2060,8,201,11
1990,8,3181,35
1991,8,3481,35
1992,8,3692,35
1993,8,3751,35
1994,8,3665,35
1995,8,3476,35
1996,8,3272,35
1997,8,3284,35
1998,8,3174,35
1999,8,3272,35
2000,8,3324,35
2001,8,2715,35
2002,8,2334,35
2003,8,2258,35
2004,8,2169,35
2005,8,2429,35
2006,8,2756,35
2007,8,3308,35
2008,8,3918,35
2009,8,3515,35
2010,8,3925,35
2011,8,4257,35
2012,8,5377,35
2013,8,5117,35
2014,8,4436,35
2015,8,4195,35
2016,8,4025,35
2017,8,3834,35
2018,8,3879,35
2019,8,3526,35
2020,8,3146,35
2021,8,3463,35
2022,8,3649,35
2023,8,3649,35
2024,8,3641,35
2025,8,3623,35
2026,8,3619,35
2027,8,3623,35
2028,8,3653,35
2029,8,3727,35
2030,8,3796,35
2031,8,3857,35
2032,8,3995,35
2033,8,4035,35
2034,8,4059,35
2035,8,4073,35
2036,8,4104,35
2037,8,4146,35
2038,8,4180,35
2039,8,4217,35
2040,8,4264,35
2041,8,4287,35
2042,8,4307,35
2043,8,4340,35
2044,8,4358,35
2045,8,4361,35
2046,8,4359,35
2047,8,4346,35
2048,8,4321,35
2049,8,4308,35
2050,8,4285,35
2051,8,4269,35
2052,8,4265,35
2053,8,4265,35
2054,8,4267,35
2055,8,4267,35
2056,8,4269,35
2057,8,4272,35
2058,8,4275,35
2059,8,4278,35
2060,8,4284,35
1990,8,96,49
1991,8,149,49
1992,8,146,49
1993,8,134,49
1994,8,199,49
1995,8,179,49
1996,8,137,49
1997,8,165,49
1998,8,205,49
1999,8,167,49
2000,8,157,49
2001,8,225,49
2002,8,199,49
2003,8,212,49
2004,8,218,49
2005,8,258,49
2006,8,263,49
2007,8,364,49
2008,8,478,49
2009,8,561,49
2010,8,698,49
2011,8,612,49
2012,8,1043,49
2013,8,963,49
2014,8,913,49
2015,8,961,49
2016,8,808,49
2017,8,945,49
2018,8,732,49
2019,8,667,49
2020,8,625,49
2021,8,613,49
2022,8,655,49
2023,8,675,49
2024,8,698,49
2025,8,706,49
2026,8,716,49
2027,8,729,49
2028,8,745,49
2029,8,771,49
2030,8,795,49
2031,8,816,49
2032,8,853,49
2033,8,871,49
2034,8,885,49
2035,8,897,49
2036,8,914,49
2037,8,933,49
2038,8,950,49
2039,8,967,49
2040,8,988,49
2041,8,1003,49
2042,8,1018,49
2043,8,1038,49
2044,8,1054,49
2045,8,1067,49
2046,8,1079,49
2047,8,1089,49
2048,8,1094,49
2049,8,1104,49
2050,8,1111,49
2051,8,1119,49
2052,8,1131,49
2053,8,1144,49
2054,8,1157,49
2055,8,1170,49
2056,8,1182,49
2057,8,1195,49
2058,8,1206,49
2059,8,1217,49
2060,8,1229,49
1990,8,39,57
1991,8,38,57
1992,8,62,57
1993,8,51,57
1994,8,52,57
1995,8,51,57
1996,8,35,57
1997,8,39,57
1998,8,40,57
1999,8,58,57
2000,8,59,57
2001,8,59,57
2002,8,51,57
2003,8,3,57
2004,8,293,57
2005,8,362,57
2006,8,316,57
2007,8,366,57
2008,8,361,57
2009,8,1,57
2010,8,1,57
2011,8,29,57
2012,8,16,57
2013,8,238,57
2014,8,261,57
2015,8,235,57
2016,8,265,57
2017,8,195,57
2018,8,170,57
2019,8,143,57
2020,8,129,57
2021,8,130,57
2022,8,140,57
2023,8,143,57
2024,8,148,57
2025,8,150,57
2026,8,153,57
2027,8,157,57
2028,8,162,57
2029,8,169,57
2030,8,175,57
2031,8,181,57
2032,8,191,57
2033,8,196,57
2034,8,201,57
2035,8,205,57
2036,8,210,57
2037,8,216,57
2038,8,221,57
2039,8,227,57
2040,8,233,57
2041,8,238,57
2042,8,242,57
2043,8,248,57
2044,8,253,57
2045,8,257,57
2046,8,261,57
2047,8,264,57
2048,8,267,57
2049,8,270,57
2050,8,273,57
2051,8,277,57
2052,8,281,57
2053,8,286,57
2054,8,291,57
2055,8,296,57
2056,8,301,57
2057,8,306,57
2058,8,311,57
2059,8,317,57
2060,8,323,57
1990,9,9824,11
1991,9,10289,11
1992,9,10647,11
1993,9,11337,11
1994,9,12264,11
1995,9,12751,11
1996,9,13737,11
1997,9,14216,11
1998,9,14871,11
1999,9,14864,11
2000,9,15514,11
2001,9,14767,11
2002,9,14916,11
2003,9,14857,11
2004,9,15637,11
2005,9,15566,11
2006,9,15970,11
2007,9,17162,11
2008,9,17257,11
2009,9,16740,11
2010,9,16062,11
2011,9,16555,11
2012,9,17264,11
2013,9,17321,11
2014,9,17837,11
2015,9,18387,11
2016,9,19165,11
2017,9,20062,11
2018,9,19801,11
2019,9,20064,11
2020,9,19060,11
2021,9,20496,11
2022,9,19880,11
2023,9,19358,11
2024,9,18906,11
2025,9,18798,11
2026,9,18866,11
2027,9,18951,11
2028,9,19050,11
2029,9,19247,11
2030,9,19398,11
2031,9,19762,11
2032,9,20237,11
2033,9,20714,11
2034,9,21161,11
2035,9,21607,11
2036,9,22067,11
2037,9,22555,11
2038,9,22973,11
2039,9,23439,11
2040,9,23845,11
2041,9,24287,11
2042,9,24660,11
2043,9,25064,11
2044,9,25462,11
2045,9,25897,11
2046,9,26313,11
2047,9,26762,11
2048,9,27232,11
2049,9,27676,11
2050,9,28072,11
2051,9,28495,11
2052,9,28863,11
2053,9,29230,11
2054,9,29577,11
2055,9,29896,11
2056,9,30209,11
2057,9,30503,11
2058,9,30784,11
2059,9,31047,11
2060,9,31267,11
1990,9,47432,35
1991,9,48033,35
1992,9,49983,35
1993,9,51826,35
1994,9,57384,35
1995,9,60181,35
1996,9,62865,35
1997,9,64661,35
1998,9,65292,35
1999,9,65553,35
2000,9,65949,35
2001,9,70135,35
2002,9,70298,35
2003,9,70551,35
2004,9,71310,35
2005,9,72753,35
2006,9,74666,35
2007,9,77591,35
2008,9,77498,35
2009,9,73869,35
2010,9,72198,35
2011,9,72000,35
2012,9,75010,35
2013,9,77467,35
2014,9,78626,35
2015,9,81404,35
2016,9,83243,35
2017,9,83981,35
2018,9,85585,35
2019,9,85778,35
2020,9,82182,35
2021,9,87607,35
2022,9,84056,35
2023,9,81891,35
2024,9,79864,35
2025,9,79219,35
2026,9,79380,35
2027,9,79676,35
2028,9,79982,35
2029,9,80589,35
2030,9,80987,35
2031,9,82190,35
2032,9,83873,35
2033,9,85573,35
2034,9,87200,35
2035,9,88787,35
2036,9,90494,35
2037,9,92313,35
2038,9,93900,35
2039,9,95708,35
2040,9,97297,35
2041,9,98897,35
2042,9,100274,35
2043,9,101807,35
2044,9,103281,35
2045,9,104926,35
2046,9,106468,35
2047,9,108183,35
2048,9,109978,35
2049,9,111662,35
2050,9,113265,35
2051,9,114845,35
2052,9,116296,35
2053,9,117744,35
2054,9,119133,35
2055,9,120414,35
2056,9,121693,35
2057,9,122854,35
2058,9,124017,35
2059,9,125083,35
2060,9,126060,35
1990,9,14121,49
1991,9,14470,49
1992,9,15419,49
1993,9,15708,49
1994,9,17300,49
1995,9,18238,49
1996,9,19718,49
1997,9,20825,49
1998,9,21496,49
1999,9,22837,49
2000,9,22897,49
2001,9,23626,49
2002,9,24189,49
2003,9,24495,49
2004,9,24948,49
2005,9,26583,49
2006,9,28779,49
2007,9,30427,49
2008,9,30617,49
2009,9,29706,49
2010,9,28293,49
2011,9,29529,49
2012,9,30119,49
2013,9,31784,49
2014,9,33480,49
2015,9,36376,49
2016,9,38365,49
2017,9,41265,49
2018,9,42506,49
2019,9,42926,49
2020,9,41128,49
2021,9,44555,49
2022,9,43450,49
2023,9,42727,49
2024,9,42002,49
2025,9,41995,49
2026,9,42244,49
2027,9,42441,49
2028,9,42679,49
2029,9,43168,49
2030,9,43519,49
2031,9,44234,49
2032,9,45263,49
2033,9,46309,49
2034,9,47311,49
2035,9,48304,49
2036,9,49349,49
2037,9,50469,49
2038,9,51429,49
2039,9,52504,49
2040,9,53517,49
2041,9,54496,49
2042,9,55385,49
2043,9,56381,49
2044,9,57369,49
2045,9,58431,49
2046,9,59463,49
2047,9,60583,49
2048,9,61755,49
2049,9,62889,49
2050,9,63958,49
2051,9,65014,49
2052,9,66007,49
2053,9,67004,49
2054,9,67994,49
2055,9,68949,49
2056,9,69933,49
2057,9,70838,49
2058,9,71770,49
2059,9,72673,49
2060,9,73611,49
1990,9,9622,57
1991,9,9866,57
1992,9,10164,57
1993,9,10352,57
1994,9,11339,57
1995,9,11812,57
1996,9,12457,57
1997,9,13360,57
1998,9,13553,57
1999,9,13703,57
2000,9,13866,57
2001,9,13871,57
2002,9,13798,57
2003,9,13846,57
2004,9,13869,57
2005,9,14031,57
2006,9,14094,57
2007,9,14719,57
2008,9,14801,57
2009,9,14100,57
2010,9,13625,57
2011,9,13843,57
2012,9,13841,57
2013,9,14016,57
2014,9,14384,57
2015,9,14732,57
2016,9,14900,57
2017,9,15058,57
2018,9,15363,57
2019,9,15279,57
2020,9,15248,57
2021,9,15843,57
2022,9,14820,57
2023,9,14419,57
2024,9,14037,57
2025,9,13893,57
2026,9,13885,57
2027,9,13882,57
2028,9,13886,57
2029,9,13901,57
2030,9,13938,57
2031,9,14096,57
2032,9,14334,57
2033,9,14577,57
2034,9,14798,57
2035,9,15034,57
2036,9,15273,57
2037,9,15534,57
2038,9,15744,57
2039,9,15989,57
2040,9,16200,57
2041,9,16427,57
2042,9,16605,57
2043,9,16815,57
2044,9,17015,57
2045,9,17236,57
2046,9,17446,57
2047,9,17689,57
2048,9,17945,57
2049,9,18193,57
2050,9,18427,57
2051,9,18670,57
2052,9,18882,57
2053,9,19087,57
2054,9,19290,57
2055,9,19480,57
2056,9,19671,57
2057,9,19845,57
2058,9,20018,57
2059,9,20179,57
2060,9,20320,57
1990,10,5853,11
1991,10,5893,11
1992,10,6050,11
1993,10,6451,11
1994,10,6912,11
1995,10,7222,11
1996,10,7594,11
1997,10,7617,11
1998,10,7747,11
1999,10,7905,11
2000,10,7902,11
2001,10,7988,11
2002,10,8039,11
2003,10,8079,11
2004,10,8368,11
2005,10,8297,11
2006,10,8594,11
2007,10,8376,11
2008,10,8587,11
2009,10,8310,11
2010,10,7977,11
2011,10,7953,11
2012,10,7958,11
2013,10,7788,11
2014,10,8491,11
2015,10,9099,11
2016,10,9172,11
2017,10,10111,11
2018,10,10277,11
2019,10,10730,11
2020,10,11006,11
2021,10,11783,11
2022,10,12262,11
2023,10,12553,11
2024,10,12683,11
2025,10,12889,11
2026,10,13064,11
2027,10,13127,11
2028,10,13091,11
2029,10,13060,11
2030,10,12977,11
2031,10,12901,11
2032,10,12843,11
2033,10,12703,11
2034,10,12621,11
2035,10,12511,11
2036,10,12424,11
2037,10,12326,11
2038,10,12217,11
2039,10,12108,11
2040,10,11994,11
2041,10,11916,11
2042,10,11858,11
2043,10,11800,11
2044,10,11756,11
2045,10,11714,11
2046,10,11688,11
2047,10,11656,11
2048,10,11627,11
2049,10,11591,11
2050,10,11544,11
2051,10,11522,11
2052,10,11508,11
2053,10,11506,11
2054,10,11504,11
2055,10,11511,11
2056,10,11518,11
2057,10,11532,11
2058,10,11547,11
2059,10,11562,11
2060,10,11570,11
1990,10,57929,35
1991,10,58265,35
1992,10,59192,35
1993,10,61116,35
1994,10,63597,35
1995,10,66346,35
1996,10,69262,35
1997,10,70471,35
1998,10,72706,35
1999,10,73307,35
2000,10,73789,35
2001,10,60618,35
2002,10,58225,35
2003,10,56233,35
2004,10,57539,35
2005,10,60196,35
2006,10,61822,35
2007,10,64461,35
2008,10,64774,35
2009,10,60654,35
2010,10,59301,35
2011,10,62433,35
2012,10,64552,35
2013,10,64872,35
2014,10,66439,35
2015,10,70686,35
2016,10,72622,35
2017,10,76224,35
2018,10,80930,35
2019,10,84870,35
2020,10,83685,35
2021,10,89735,35
2022,10,93810,35
2023,10,97355,35
2024,10,99486,35
2025,10,102020,35
2026,10,104033,35
2027,10,105142,35
2028,10,105286,35
2029,10,105385,35
2030,10,105148,35
2031,10,104942,35
2032,10,104958,35
2033,10,104274,35
2034,10,103953,35
2035,10,103289,35
2036,10,102857,35
2037,10,102301,35
2038,10,101614,35
2039,10,100894,35
2040,10,100168,35
2041,10,99598,35
2042,10,99236,35
2043,10,98889,35
2044,10,98623,35
2045,10,98382,35
2046,10,98271,35
2047,10,98096,35
2048,10,97920,35
2049,10,97685,35
2050,10,97397,35
2051,10,97177,35
2052,10,97079,35
2053,10,97043,35
2054,10,97040,35
2055,10,97077,35
2056,10,97143,35
2057,10,97242,35
2058,10,97365,35
2059,10,97495,35
2060,10,97676,35
1990,10,5959,49
1991,10,6088,49
1992,10,5696,49
1993,10,5818,49
1994,10,6458,49
1995,10,6960,49
1996,10,7470,49
1997,10,7765,49
1998,10,6693,49
1999,10,7619,49
2000,10,7903,49
2001,10,7357,49
2002,10,7151,49
2003,10,6976,49
2004,10,7575,49
2005,10,8505,49
2006,10,9077,49
2007,10,9387,49
2008,10,9432,49
2009,10,9188,49
2010,10,8997,49
2011,10,9381,49
2012,10,9733,49
2013,10,10127,49
2014,10,11589,49
2015,10,12743,49
2016,10,12594,49
2017,10,13686,49
2018,10,15053,49
2019,10,15416,49
2020,10,15670,49
2021,10,16900,49
2022,10,17623,49
2023,10,18316,49
2024,10,18767,49
2025,10,19217,49
2026,10,19582,49
2027,10,19808,49
2028,10,19846,49
2029,10,19935,49
2030,10,19906,49
2031,10,19898,49
2032,10,19952,49
2033,10,19872,49
2034,10,19843,49
2035,10,19760,49
2036,10,19737,49
2037,10,19699,49
2038,10,19634,49
2039,10,19570,49
2040,10,19516,49
2041,10,19484,49
2042,10,19507,49
2043,10,19537,49
2044,10,19594,49
2045,10,19655,49
2046,10,19742,49
2047,10,19812,49
2048,10,19879,49
2049,10,19938,49
2050,10,19975,49
2051,10,20024,49
2052,10,20101,49
2053,10,20191,49
2054,10,20291,49
2055,10,20401,49
2056,10,20516,49
2057,10,20628,49
2058,10,20749,49
2059,10,20864,49
2060,10,20995,49
1990,10,4131,57
1991,10,4197,57
1992,10,4228,57
1993,10,4238,57
1994,10,4552,57
1995,10,4904,57
1996,10,5406,57
1997,10,5557,57
1998,10,5549,57
1999,10,5303,57
2000,10,5367,57
2001,10,5369,57
2002,10,5144,57
2003,10,5349,57
2004,10,5493,57
2005,10,5460,57
2006,10,5821,57
2007,10,6463,57
2008,10,6359,57
2009,10,6083,57
2010,10,6018,57
2011,10,6094,57
2012,10,6097,57
2013,10,6410,57
2014,10,6835,57
2015,10,7036,57
2016,10,6815,57
2017,10,7227,57
2018,10,7889,57
2019,10,8189,57
2020,10,8282,57
2021,10,8746,57
2022,10,9008,57
2023,10,9238,57
2024,10,9349,57
2025,10,9491,57
2026,10,9607,57
2027,10,9655,57
2028,10,9613,57
2029,10,9571,57
2030,10,9502,57
2031,10,9449,57
2032,10,9409,57
2033,10,9309,57
2034,10,9230,57
2035,10,9142,57
2036,10,9075,57
2037,10,8993,57
2038,10,8906,57
2039,10,8819,57
2040,10,8727,57
2041,10,8656,57
2042,10,8601,57
2043,10,8548,57
2044,10,8501,57
2045,10,8459,57
2046,10,8428,57
2047,10,8393,57
2048,10,8359,57
2049,10,8322,57
2050,10,8280,57
2051,10,8251,57
2052,10,8231,57
2053,10,8215,57
2054,10,8201,57
2055,10,8193,57
2056,10,8186,57
2057,10,8183,57
2058,10,8182,57
2059,10,8183,57
2060,10,8183,57
1990,11,1403,11
1991,11,1319,11
1992,11,1334,11
1993,11,1446,11
1994,11,1604,11
1995,11,1492,11
1996,11,1651,11
1997,11,1748,11
1998,11,1674,11
1999,11,1691,11
2000,11,1678,11
2001,11,896,11
2002,11,930,11
2003,11,885,11
2004,11,855,11
2005,11,820,11
2006,11,825,11
2007,11,852,11
2008,11,888,11
2009,11,875,11
2010,11,893,11
2011,11,737,11
2012,11,720,11
2013,11,758,11
2014,11,783,11
2015,11,815,11
2016,11,826,11
2017,11,845,11
2018,11,813,11
2019,11,957,11
2020,11,1111,11
2021,11,954,11
2022,11,915,11
2023,11,973,11
2024,11,1032,11
2025,11,1020,11
2026,11,1028,11
2027,11,1041,11
2028,11,1048,11
2029,11,1061,11
2030,11,1068,11
2031,11,1077,11
2032,11,1089,11
2033,11,1101,11
2034,11,1115,11
2035,11,1128,11
2036,11,1141,11
2037,11,1156,11
2038,11,1171,11
2039,11,1185,11
2040,11,1200,11
2041,11,1214,11
2042,11,1230,11
2043,11,1244,11
2044,11,1258,11
2045,11,1273,11
2046,11,1290,11
2047,11,1305,11
2048,11,1321,11
2049,11,1338,11
2050,11,1354,11
2051,11,1371,11
2052,11,1389,11
2053,11,1406,11
2054,11,1425,11
2055,11,1442,11
2056,11,1461,11
2057,11,1479,11
2058,11,1499,11
2059,11,1517,11
2060,11,1536,11
1990,11,3029,35
1991,11,3100,35
1992,11,3078,35
1993,11,3274,35
1994,11,3890,35
1995,11,3539,35
1996,11,3821,35
1997,11,4103,35
1998,11,4030,35
1999,11,4392,35
2000,11,4728,35
2001,11,1064,35
2002,11,1112,35
2003,11,1025,35
2004,11,1007,35
2005,11,959,35
2006,11,903,35
2007,11,933,35
2008,11,973,35
2009,11,973,35
2010,11,955,35
2011,11,1021,35
2012,11,1034,35
2013,11,1056,35
2014,11,1054,35
2015,11,1033,35
2016,11,1099,35
2017,11,1150,35
2018,11,1177,35
2019,11,1211,35
2020,11,1492,35
2021,11,1201,35
2022,11,1132,35
2023,11,1220,35
2024,11,1309,35
2025,11,1290,35
2026,11,1296,35
2027,11,1315,35
2028,11,1318,35
2029,11,1328,35
2030,11,1335,35
2031,11,1339,35
2032,11,1353,35
2033,11,1366,35
2034,11,1380,35
2035,11,1394,35
2036,11,1408,35
2037,11,1424,35
2038,11,1440,35
2039,11,1455,35
2040,11,1469,35
2041,11,1483,35
2042,11,1497,35
2043,11,1511,35
2044,11,1524,35
2045,11,1539,35
2046,11,1553,35
2047,11,1568,35
2048,11,1582,35
2049,11,1597,35
2050,11,1610,35
2051,11,1623,35
2052,11,1635,35
2053,11,1649,35
2054,11,1661,35
2055,11,1674,35
2056,11,1686,35
2057,11,1700,35
2058,11,1713,35
2059,11,1727,35
2060,11,1740,35
1990,11,3099,49
1991,11,3081,49
1992,11,3181,49
1993,11,3376,49
1994,11,3504,49
1995,11,3525,49
1996,11,3711,49
1997,11,3907,49
1998,11,2663,49
1999,11,4124,49
2000,11,4232,49
2001,11,2927,49
2002,11,2755,49
2003,11,2803,49
2004,11,2786,49
2005,11,2844,49
2006,11,2878,49
2007,11,2995,49
2008,11,3061,49
2009,11,3101,49
2010,11,3216,49
2011,11,3280,49
2012,11,3267,49
2013,11,3370,49
2014,11,3390,49
2015,11,3330,49
2016,11,3399,49
2017,11,3580,49
2018,11,3454,49
2019,11,3462,49
2020,11,3462,49
2021,11,3210,49
2022,11,3084,49
2023,11,3284,49
2024,11,3442,49
2025,11,3405,49
2026,11,3390,49
2027,11,3377,49
2028,11,3348,49
2029,11,3336,49
2030,11,3317,49
2031,11,3291,49
2032,11,3277,49
2033,11,3263,49
2034,11,3253,49
2035,11,3243,49
2036,11,3237,49
2037,11,3235,49
2038,11,3232,49
2039,11,3230,49
2040,11,3230,49
2041,11,3228,49
2042,11,3228,49
2043,11,3229,49
2044,11,3232,49
2045,11,3236,49
2046,11,3241,49
2047,11,3245,49
2048,11,3250,49
2049,11,3255,49
2050,11,3256,49
2051,11,3257,49
2052,11,3256,49
2053,11,3256,49
2054,11,3255,49
2055,11,3253,49
2056,11,3249,49
2057,11,3244,49
2058,11,3237,49
2059,11,3229,49
2060,11,3217,49
1990,11,1663,57
1991,11,1633,57
1992,11,1692,57
1993,11,1784,57
1994,11,1901,57
1995,11,1820,57
1996,11,1920,57
1997,11,1986,57
1998,11,1873,57
1999,11,1273,57
2000,11,1287,57
2001,11,1288,57
2002,11,1348,57
2003,11,1345,57
2004,11,1070,57
2005,11,1053,57
2006,11,1041,57
2007,11,1092,57
2008,11,1141,57
2009,11,1366,57
2010,11,1441,57
2011,11,1515,57
2012,11,1644,57
2013,11,1458,57
2014,11,1443,57
2015,11,1445,57
2016,11,1491,57
2017,11,1538,57
2018,11,1474,57
2019,11,1482,57
2020,11,1504,57
2021,11,1352,57
2022,11,1310,57
2023,11,1394,57
2024,11,1469,57
2025,11,1456,57
2026,11,1456,57
2027,11,1455,57
2028,11,1445,57
2029,11,1444,57
2030,11,1434,57
2031,11,1426,57
2032,11,1421,57
2033,11,1414,57
2034,11,1409,57
2035,11,1405,57
2036,11,1401,57
2037,11,1398,57
2038,11,1395,57
2039,11,1393,57
2040,11,1389,57
2041,11,1385,57
2042,11,1383,57
2043,11,1378,57
2044,11,1375,57
2045,11,1371,57
2046,11,1367,57
2047,11,1365,57
2048,11,1363,57
2049,11,1361,57
2050,11,1358,57
2051,11,1356,57
2052,11,1355,57
2053,11,1353,57
2054,11,1350,57
2055,11,1348,57
2056,11,1345,57
2057,11,1344,57
2058,11,1342,57
2059,11,1342,57
2060,11,1340,57
1990,12,1890,11
1991,12,1892,11
1992,12,1911,11
1993,12,1989,11
1994,12,2136,11
1995,12,2174,11
1996,12,2304,11
1997,12,2426,11
1998,12,2483,11
1999,12,2558,11
2000,12,2661,11
2001,12,2705,11
2002,12,2789,11
2003,12,2844,11
2004,12,2968,11
2005,12,3060,11
2006,12,3204,11
2007,12,3364,11
2008,12,3372,11
2009,12,3324,11
2010,12,3304,11
2011,12,3383,11
2012,12,3410,11
2013,12,3470,11
2014,12,3521,11
2015,12,3643,11
2016,12,3830,11
2017,12,4004,11
2018,12,4220,11
2019,12,4434,11
2020,12,10579,11
2021,12,7394,11
2022,12,6217,11
2023,12,5886,11
2024,12,6003,11
2025,12,6110,11
2026,12,6198,11
2027,12,6260,11
2028,12,6329,11
2029,12,6424,11
2030,12,6463,11
2031,12,6474,11
2032,12,6549,11
2033,12,6601,11
2034,12,6675,11
2035,12,6735,11
2036,12,6816,11
2037,12,6894,11
2038,12,6937,11
2039,12,7017,11
2040,12,7064,11
2041,12,7139,11
2042,12,7215,11
2043,12,7378,11
2044,12,7513,11
2045,12,7684,11
2046,12,7814,11
2047,12,7977,11
2048,12,8109,11
2049,12,8275,11
2050,12,8408,11
2051,12,8545,11
2052,12,8725,11
2053,12,8847,11
2054,12,8998,11
2055,12,9121,11
2056,12,9302,11
2057,12,9429,11
2058,12,9570,11
2059,12,9682,11
2060,12,9853,11
1990,12,9565,35
1991,12,9813,35
1992,12,9961,35
1993,12,10566,35
1994,12,11158,35
1995,12,11693,35
1996,12,12306,35
1997,12,12801,35
1998,12,13198,35
1999,12,13452,35
2000,12,13828,35
2001,12,13909,35
2002,12,13714,35
2003,12,13669,35
2004,12,13991,35
2005,12,14519,35
2006,12,15131,35
2007,12,15922,35
2008,12,15971,35
2009,12,15395,35
2010,12,15393,35
2011,12,16232,35
2012,12,17104,35
2013,12,18035,35
2014,12,18896,35
2015,12,20035,35
2016,12,21210,35
2017,12,22422,35
2018,12,24820,35
2019,12,25831,35
2020,12,57746,35
2021,12,40141,35
2022,12,33433,35
2023,12,31650,35
2024,12,32091,35
2025,12,32573,35
2026,12,32990,35
2027,12,33386,35
2028,12,33817,35
2029,12,34212,35
2030,12,34621,35
2031,12,34821,35
2032,12,35138,35
2033,12,35428,35
2034,12,35932,35
2035,12,36298,35
2036,12,36628,35
2037,12,37096,35
2038,12,37452,35
2039,12,38042,35
2040,12,38428,35
2041,12,38867,35
2042,12,39328,35
2043,12,39914,35
2044,12,40817,35
2045,12,41618,35
2046,12,42411,35
2047,12,43321,35
2048,12,44168,35
2049,12,44757,35
2050,12,45574,35
2051,12,46381,35
2052,12,47172,35
2053,12,47922,35
2054,12,48692,35
2055,12,49333,35
2056,12,50083,35
2057,12,50829,35
2058,12,51417,35
2059,12,52261,35
2060,12,52981,35
1990,12,3592,49
1991,12,3754,49
1992,12,3816,49
1993,12,3951,49
1994,12,4344,49
1995,12,4611,49
1996,12,4918,49
1997,12,5139,49
1998,12,5380,49
1999,12,5599,49
2000,12,5816,49
2001,12,5915,49
2002,12,5945,49
2003,12,6035,49
2004,12,6349,49
2005,12,6727,49
2006,12,7153,49
2007,12,7652,49
2008,12,7675,49
2009,12,7474,49
2010,12,7414,49
2011,12,7661,49
2012,12,7924,49
2013,12,8231,49
2014,12,8570,49
2015,12,8980,49
2016,12,9482,49
2017,12,9925,49
2018,12,10488,49
2019,12,10786,49
2020,12,26200,49
2021,12,18504,49
2022,12,15728,49
2023,12,14970,49
2024,12,15324,49
2025,12,15621,49
2026,12,15871,49
2027,12,16078,49
2028,12,16315,49
2029,12,16649,49
2030,12,16825,49
2031,12,16969,49
2032,12,17157,49
2033,12,17389,49
2034,12,17612,49
2035,12,17867,49
2036,12,18157,49
2037,12,18420,49
2038,12,18722,49
2039,12,18963,49
2040,12,19275,49
2041,12,19575,49
2042,12,19825,49
2043,12,20333,49
2044,12,20840,49
2045,12,21374,49
2046,12,21926,49
2047,12,22479,49
2048,12,23011,49
2049,12,23535,49
2050,12,24172,49
2051,12,24659,49
2052,12,25174,49
2053,12,25710,49
2054,12,26296,49
2055,12,26793,49
2056,12,27335,49
2057,12,27914,49
2058,12,28373,49
2059,12,28944,49
2060,12,29462,49
1990,12,1235,57
1991,12,1258,57
1992,12,1277,57
1993,12,1293,57
1994,12,1393,57
1995,12,1460,57
1996,12,1560,57
1997,12,1620,57
1998,12,1620,57
1999,12,1640,57
2000,12,1659,57
2001,12,1660,57
2002,12,1656,57
2003,12,1679,57
2004,12,1706,57
2005,12,1747,57
2006,12,1801,57
2007,12,1880,57
2008,12,1885,57
2009,12,1819,57
2010,12,1789,57
2011,12,1904,57
2012,12,2012,57
2013,12,2152,57
2014,12,2296,57
2015,12,2460,57
2016,12,2620,57
2017,12,2790,57
2018,12,2958,57
2019,12,3236,57
2020,12,6947,57
2021,12,4784,57
2022,12,3929,57
2023,12,3718,57
2024,12,3751,57
2025,12,3804,57
2026,12,3833,57
2027,12,3868,57
2028,12,3903,57
2029,12,3946,57
2030,12,3970,57
2031,12,3982,57
2032,12,4005,57
2033,12,4028,57
2034,12,4061,57
2035,12,4092,57
2036,12,4132,57
2037,12,4153,57
2038,12,4188,57
2039,12,4223,57
2040,12,4254,57
2041,12,4315,57
2042,12,4347,57
2043,12,4420,57
2044,12,4497,57
2045,12,4565,57
2046,12,4666,57
2047,12,4738,57
2048,12,4806,57
2049,12,4898,57
2050,12,4976,57
2051,12,5049,57
2052,12,5117,57
2053,12,5208,57
2054,12,5291,57
2055,12,5365,57
2056,12,5458,57
2057,12,5525,57
2058,12,5598,57
2059,12,5666,57
2060,12,5764,57
