year,sector_id,number_of_jobs,cid
2023,1,1303,3
2023,2,1588,3
2023,3,2159,3
2023,4,1236,3
2023,5,2955,3
2023,6,902,3
2023,7,3513,3
2023,8,52,3
2023,9,1972,3
2023,10,1162,3
2023,11,979,3
2023,12,637,3
2023,1,12151,11
2023,2,14990,11
2023,3,43109,11
2023,4,18350,11
2023,5,14214,11
2023,6,19518,11
2023,7,57164,11
2023,8,339,11
2023,9,21699,11
2023,10,13705,11
2023,11,872,11
2023,12,5365,11
2023,1,59624,35
2023,2,65788,35
2023,3,148258,35
2023,4,82573,35
2023,5,63213,35
2023,6,141477,35
2023,7,270653,35
2023,8,4552,35
2023,9,88128,35
2023,10,101952,35
2023,11,1257,35
2023,12,28012,35
2023,1,25345,49
2023,2,36300,49
2023,3,64340,49
2023,4,40157,49
2023,5,25235,49
2023,6,62873,49
2023,7,109223,49
2023,8,882,49
2023,9,48804,49
2023,10,21176,49
2023,11,3802,49
2023,12,14146,49
2023,1,9456,57
2023,2,10622,57
2023,3,26314,57
2023,4,15628,57
2023,5,19151,57
2023,6,10690,57
2023,7,36953,57
2023,8,210,57
2023,9,15636,57
2023,10,10245,57
2023,11,1559,57
2023,12,3691,57
2024,1,1204,3
2024,2,1854,3
2024,3,2297,3
2024,4,1291,3
2024,5,2754,3
2024,6,942,3
2024,7,3285,3
2024,8,57,3
2024,9,1999,3
2024,10,1182,3
2024,11,973,3
2024,12,624,3
2024,1,12175,11
2024,2,15105,11
2024,3,44678,11
2024,4,18681,11
2024,5,14638,11
2024,6,19203,11
2024,7,56582,11
2024,8,408,11
2024,9,21538,11
2024,10,13391,11
2024,11,873,11
2024,12,5319,11
2024,1,60118,35
2024,2,66978,35
2024,3,153423,35
2024,4,84673,35
2024,5,62151,35
2024,6,140663,35
2024,7,272897,35
2024,8,4661,35
2024,9,87175,35
2024,10,103457,35
2024,11,1256,35
2024,12,27856,35
2024,1,25872,49
2024,2,36665,49
2024,3,65923,49
2024,4,42774,49
2024,5,25587,49
2024,6,61855,49
2024,7,109681,49
2024,8,965,49
2024,9,48333,49
2024,10,21834,49
2024,11,3812,49
2024,12,14097,49
2024,1,9773,57
2024,2,11230,57
2024,3,26981,57
2024,4,15726,57
2024,5,20222,57
2024,6,9717,57
2024,7,37400,57
2024,8,155,57
2024,9,15348,57
2024,10,10449,57
2024,11,1557,57
2024,12,3687,57
2025,1,1207,3
2025,2,1897,3
2025,3,2339,3
2025,4,1344,3
2025,5,2798,3
2025,6,948,3
2025,7,3334,3
2025,8,58,3
2025,9,2009,3
2025,10,1228,3
2025,11,973,3
2025,12,680,3
2025,1,12101,11
2025,2,15351,11
2025,3,45213,11
2025,4,19393,11
2025,5,14808,11
2025,6,19361,11
2025,7,57152,11
2025,8,404,11
2025,9,21494,11
2025,10,13620,11
2025,11,869,11
2025,12,5886,11
2025,1,59818,35
2025,2,68427,35
2025,3,155746,35
2025,4,87968,35
2025,5,62878,35
2025,6,141900,35
2025,7,275902,35
2025,8,4605,35
2025,9,87814,35
2025,10,105283,35
2025,11,1250,35
2025,12,30848,35
2025,1,26289,49
2025,2,38242,49
2025,3,67387,49
2025,4,44988,49
2025,5,26210,49
2025,6,62839,49
2025,7,112253,49
2025,8,962,49
2025,9,49260,49
2025,10,22460,49
2025,11,3800,49
2025,12,15802,49
2025,1,9750,57
2025,2,11378,57
2025,3,27348,57
2025,4,16293,57
2025,5,20455,57
2025,6,9774,57
2025,7,37711,57
2025,8,154,57
2025,9,15349,57
2025,10,10598,57
2025,11,1542,57
2025,12,4060,57
2026,1,1222,3
2026,2,1934,3
2026,3,2353,3
2026,4,1380,3
2026,5,2827,3
2026,6,938,3
2026,7,3361,3
2026,8,59,3
2026,9,2010,3
2026,10,1263,3
2026,11,972,3
2026,12,691,3
2026,1,12095,11
2026,2,15481,11
2026,3,45310,11
2026,4,19934,11
2026,5,14833,11
2026,6,19155,11
2026,7,57595,11
2026,8,414,11
2026,9,21294,11
2026,10,13674,11
2026,11,868,11
2026,12,6000,11
2026,1,59722,35
2026,2,68894,35
2026,3,155761,35
2026,4,90260,35
2026,5,62877,35
2026,6,140668,35
2026,7,278064,35
2026,8,4703,35
2026,9,87201,35
2026,10,105850,35
2026,11,1246,35
2026,12,31432,35
2026,1,26805,49
2026,2,39746,49
2026,3,68569,49
2026,4,46811,49
2026,5,26558,49
2026,6,62927,49
2026,7,114472,49
2026,8,996,49
2026,9,49693,49
2026,10,22800,49
2026,11,3803,49
2026,12,16319,49
2026,1,9799,57
2026,2,11496,57
2026,3,27487,57
2026,4,16764,57
2026,5,20486,57
2026,6,9670,57
2026,7,38084,57
2026,8,159,57
2026,9,15262,57
2026,10,10639,57
2026,11,1537,57
2026,12,4143,57
2027,1,1226,3
2027,2,1984,3
2027,3,2385,3
2027,4,1417,3
2027,5,2849,3
2027,6,930,3
2027,7,3409,3
2027,8,61,3
2027,9,2031,3
2027,10,1295,3
2027,11,971,3
2027,12,706,3
2027,1,12041,11
2027,2,15658,11
2027,3,45388,11
2027,4,20419,11
2027,5,14872,11
2027,6,18971,11
2027,7,58092,11
2027,8,419,11
2027,9,21362,11
2027,10,13766,11
2027,11,864,11
2027,12,6117,11
2027,1,59527,35
2027,2,72248,35
2027,3,157256,35
2027,4,92498,35
2027,5,63048,35
2027,6,140573,35
2027,7,281037,35
2027,8,4767,35
2027,9,88014,35
2027,10,106935,35
2027,11,1238,35
2027,12,32206,35
2027,1,27150,49
2027,2,41183,49
2027,3,69781,49
2027,4,48440,49
2027,5,26895,49
2027,6,62813,49
2027,7,116501,49
2027,8,1019,49
2027,9,50581,49
2027,10,23179,49
2027,11,3789,49
2027,12,16838,49
2027,1,9798,57
2027,2,11656,57
2027,3,27630,57
2027,4,17169,57
2027,5,20548,57
2027,6,9565,57
2027,7,38416,57
2027,8,162,57
2027,9,15344,57
2027,10,10721,57
2027,11,1527,57
2027,12,4230,57
2028,1,1233,3
2028,2,2045,3
2028,3,2411,3
2028,4,1445,3
2028,5,2871,3
2028,6,929,3
2028,7,3464,3
2028,8,59,3
2028,9,2046,3
2028,10,1320,3
2028,11,969,3
2028,12,721,3
2028,1,11955,11
2028,2,15892,11
2028,3,45348,11
2028,4,20743,11
2028,5,14906,11
2028,6,18928,11
2028,7,58670,11
2028,8,400,11
2028,9,21298,11
2028,10,13741,11
2028,11,857,11
2028,12,6229,11
2028,1,59076,35
2028,2,73034,35
2028,3,158262,35
2028,4,93732,35
2028,5,63105,35
2028,6,141129,35
2028,7,283394,35
2028,8,4538,35
2028,9,88113,35
2028,10,106940,35
2028,11,1227,35
2028,12,32821,35
2028,1,27433,49
2028,2,42630,49
2028,3,70718,49
2028,4,49757,49
2028,5,27214,49
2028,6,63137,49
2028,7,118893,49
2028,8,978,49
2028,9,51173,49
2028,10,23366,49
2028,11,3767,49
2028,12,17344,49
2028,1,9768,57
2028,2,11902,57
2028,3,27726,57
2028,4,17456,57
2028,5,20617,57
2028,6,9547,57
2028,7,38891,57
2028,8,155,57
2028,9,15335,57
2028,10,10721,57
2028,11,1513,57
2028,12,4314,57
2029,1,1235,3
2029,2,2101,3
2029,3,2429,3
2029,4,1466,3
2029,5,2912,3
2029,6,934,3
2029,7,3513,3
2029,8,56,3
2029,9,2065,3
2029,10,1345,3
2029,11,963,3
2029,12,736,3
2029,1,11849,11
2029,2,16186,11
2029,3,45340,11
2029,4,21058,11
2029,5,15046,11
2029,6,19008,11
2029,7,59365,11
2029,8,375,11
2029,9,21330,11
2029,10,13736,11
2029,11,851,11
2029,12,6356,11
2029,1,58466,35
2029,2,74910,35
2029,3,159338,35
2029,4,95009,35
2029,5,63648,35
2029,6,142771,35
2029,7,286969,35
2029,8,4255,35
2029,9,88433,35
2029,10,107132,35
2029,11,1219,35
2029,12,33575,35
2029,1,27583,49
2029,2,43942,49
2029,3,71596,49
2029,4,50987,49
2029,5,27703,49
2029,6,63869,49
2029,7,121456,49
2029,8,924,49
2029,9,51788,49
2029,10,23566,49
2029,11,3747,49
2029,12,17885,49
2029,1,9718,57
2029,2,12187,57
2029,3,27843,57
2029,4,17718,57
2029,5,20818,57
2029,6,9583,57
2029,7,39449,57
2029,8,146,57
2029,9,15382,57
2029,10,10736,57
2029,11,1500,57
2029,12,4410,57
2030,1,1231,3
2030,2,2145,3
2030,3,2451,3
2030,4,1495,3
2030,5,2972,3
2030,6,940,3
2030,7,3564,3
2030,8,55,3
2030,9,2093,3
2030,10,1370,3
2030,11,960,3
2030,12,754,3
2030,1,11709,11
2030,2,16386,11
2030,3,45525,11
2030,4,21414,11
2030,5,15250,11
2030,6,19114,11
2030,7,59883,11
2030,8,367,11
2030,9,21506,11
2030,10,13699,11
2030,11,846,11
2030,12,6485,11
2030,1,57908,35
2030,2,75420,35
2030,3,160181,35
2030,4,96555,35
2030,5,64501,35
2030,6,145228,35
2030,7,290614,35
2030,8,4165,35
2030,9,89762,35
2030,10,107162,35
2030,11,1210,35
2030,12,34365,35
2030,1,27631,49
2030,2,44825,49
2030,3,72178,49
2030,4,52337,49
2030,5,28305,49
2030,6,64681,49
2030,7,123707,49
2030,8,909,49
2030,9,52708,49
2030,10,23710,49
2030,11,3730,49
2030,12,18411,49
2030,1,9625,57
2030,2,12378,57
2030,3,28058,57
2030,4,18021,57
2030,5,21108,57
2030,6,9627,57
2030,7,39910,57
2030,8,144,57
2030,9,15509,57
2030,10,10726,57
2030,11,1487,57
2030,12,4510,57
2031,1,1221,3
2031,2,2169,3
2031,3,2457,3
2031,4,1517,3
2031,5,3023,3
2031,6,944,3
2031,7,3598,3
2031,8,55,3
2031,9,2124,3
2031,10,1392,3
2031,11,957,3
2031,12,769,3
2031,1,11507,11
2031,2,16504,11
2031,3,45137,11
2031,4,21738,11
2031,5,15442,11
2031,6,19182,11
2031,7,60282,11
2031,8,369,11
2031,9,21702,11
2031,10,13674,11
2031,11,842,11
2031,12,6593,11
2031,1,57025,35
2031,2,74850,35
2031,3,160207,35
2031,4,97966,35
2031,5,65297,35
2031,6,146859,35
2031,7,293352,35
2031,8,4174,35
2031,9,91183,35
2031,10,107209,35
2031,11,1203,35
2031,12,35039,35
2031,1,27538,49
2031,2,45467,49
2031,3,72376,49
2031,4,53661,49
2031,5,28897,49
2031,6,65383,49
2031,7,125748,49
2031,8,916,49
2031,9,53699,49
2031,10,23882,49
2031,11,3713,49
2031,12,18900,49
2031,1,9494,57
2031,2,12492,57
2031,3,27958,57
2031,4,18306,57
2031,5,21382,57
2031,6,9666,57
2031,7,40266,57
2031,8,144,57
2031,9,15676,57
2031,10,10736,57
2031,11,1476,57
2031,12,4593,57
2032,1,1213,3
2032,2,2198,3
2032,3,2474,3
2032,4,1543,3
2032,5,3070,3
2032,6,947,3
2032,7,3649,3
2032,8,59,3
2032,9,2145,3
2032,10,1411,3
2032,11,957,3
2032,12,787,3
2032,1,11352,11
2032,2,16648,11
2032,3,44955,11
2032,4,22054,11
2032,5,15594,11
2032,6,19253,11
2032,7,60880,11
2032,8,384,11
2032,9,21837,11
2032,10,13623,11
2032,11,837,11
2032,12,6709,11
2032,1,56327,35
2032,2,75523,35
2032,3,160480,35
2032,4,99740,35
2032,5,66105,35
2032,6,148843,35
2032,7,297661,35
2032,8,4364,35
2032,9,92374,35
2032,10,107249,35
2032,11,1197,35
2032,12,35825,35
2032,1,27577,49
2032,2,46117,49
2032,3,72500,49
2032,4,55006,49
2032,5,29458,49
2032,6,66216,49
2032,7,128260,49
2032,8,962,49
2032,9,54559,49
2032,10,24073,49
2032,11,3701,49
2032,12,19420,49
2032,1,9390,57
2032,2,12604,57
2032,3,27978,57
2032,4,18567,57
2032,5,21614,57
2032,6,9701,57
2032,7,40663,57
2032,8,151,57
2032,9,15781,57
2032,10,10727,57
2032,11,1464,57
2032,12,4686,57
2033,1,1213,3
2033,2,2222,3
2033,3,2479,3
2033,4,1561,3
2033,5,3107,3
2033,6,956,3
2033,7,3688,3
2033,8,62,3
2033,9,2162,3
2033,10,1429,3
2033,11,958,3
2033,12,804,3
2033,1,11288,11
2033,2,16895,11
2033,3,44829,11
2033,4,22365,11
2033,5,15745,11
2033,6,19407,11
2033,7,61520,11
2033,8,403,11
2033,9,21968,11
2033,10,13570,11
2033,11,839,11
2033,12,6841,11
2033,1,56102,35
2033,2,75386,35
2033,3,160871,35
2033,4,101114,35
2033,5,66779,35
2033,6,151992,35
2033,7,303067,35
2033,8,4568,35
2033,9,93602,35
2033,10,107119,35
2033,11,1201,35
2033,12,36677,35
2033,1,27773,49
2033,2,46750,49
2033,3,72579,49
2033,4,56239,49
2033,5,29912,49
2033,6,67112,49
2033,7,130591,49
2033,8,1009,49
2033,9,55254,49
2033,10,24159,49
2033,11,3708,49
2033,12,19937,49
2033,1,9361,57
2033,2,12775,57
2033,3,28023,57
2033,4,18829,57
2033,5,21818,57
2033,6,9787,57
2033,7,41137,57
2033,8,159,57
2033,9,15880,57
2033,10,10716,57
2033,11,1463,57
2033,12,4776,57
2034,1,1257,3
2034,2,2250,3
2034,3,2492,3
2034,4,1582,3
2034,5,3126,3
2034,6,968,3
2034,7,3775,3
2034,8,65,3
2034,9,2186,3
2034,10,1418,3
2034,11,956,3
2034,12,823,3
2034,1,11649,11
2034,2,17258,11
2034,3,44806,11
2034,4,22757,11
2034,5,15883,11
2034,6,19706,11
2034,7,62863,11
2034,8,418,11
2034,9,22159,11
2034,10,13523,11
2034,11,841,11
2034,12,7021,11
2034,1,57886,35
2034,2,77111,35
2034,3,161675,35
2034,4,103010,35
2034,5,67566,35
2034,6,154996,35
2034,7,309862,35
2034,8,4748,35
2034,9,94420,35
2034,10,107161,35
2034,11,1204,35
2034,12,37744,35
2034,1,28990,49
2034,2,47523,49
2034,3,72843,49
2034,4,57757,49
2034,5,30390,49
2034,6,68355,49
2034,7,134590,49
2034,8,1050,49
2034,9,56148,49
2034,10,24325,49
2034,11,3715,49
2034,12,20603,49
2034,1,9653,57
2034,2,13007,57
2034,3,28143,57
2034,4,19165,57
2034,5,22002,57
2034,6,9931,57
2034,7,42086,57
2034,8,166,57
2034,9,16001,57
2034,10,10714,57
2034,11,1460,57
2034,12,4906,57
2035,1,1208,3
2035,2,2267,3
2035,3,2499,3
2035,4,1589,3
2035,5,3146,3
2035,6,978,3
2035,7,3708,3
2035,8,66,3
2035,9,2181,3
2035,10,1392,3
2035,11,959,3
2035,12,831,3
2035,1,11128,11
2035,2,17367,11
2035,3,44608,11
2035,4,22837,11
2035,5,15993,11
2035,6,19887,11
2035,7,61742,11
2035,8,423,11
2035,9,22048,11
2035,10,13265,11
2035,11,840,11
2035,12,7060,11
2035,1,55652,35
2035,2,78779,35
2035,3,161791,35
2035,4,103535,35
2035,5,68100,35
2035,6,157936,35
2035,7,307888,35
2035,8,4804,35
2035,9,94450,35
2035,10,105742,35
2035,11,1202,35
2035,12,38231,35
2035,1,28087,49
2035,2,47728,49
2035,3,72625,49
2035,4,58437,49
2035,5,30750,49
2035,6,69230,49
2035,7,133468,49
2035,8,1065,49
2035,9,56218,49
2035,10,24086,49
2035,11,3712,49
2035,12,20851,49
2035,1,9248,57
2035,2,13066,57
2035,3,28140,57
2035,4,19242,57
2035,5,22155,57
2035,6,10019,57
2035,7,41406,57
2035,8,168,57
2035,9,15910,57
2035,10,10563,57
2035,11,1454,57
2035,12,4939,57
2036,1,1214,3
2036,2,2289,3
2036,3,2520,3
2036,4,1607,3
2036,5,3183,3
2036,6,988,3
2036,7,3748,3
2036,8,66,3
2036,9,2191,3
2036,10,1372,3
2036,11,964,3
2036,12,846,3
2036,1,11136,11
2036,2,17560,11
2036,3,44547,11
2036,4,23064,11
2036,5,16207,11
2036,6,20115,11
2036,7,62096,11
2036,8,418,11
2036,9,22136,11
2036,10,13106,11
2036,11,839,11
2036,12,7180,11
2036,1,55906,35
2036,2,78191,35
2036,3,162502,35
2036,4,104569,35
2036,5,69104,35
2036,6,161762,35
2036,7,311738,35
2036,8,4766,35
2036,9,94952,35
2036,10,105001,35
2036,11,1204,35
2036,12,39038,35
2036,1,28407,49
2036,2,48016,49
2036,3,72723,49
2036,4,59426,49
2036,5,31332,49
2036,6,70401,49
2036,7,135237,49
2036,8,1058,49
2036,9,56738,49
2036,10,24027,49
2036,11,3716,49
2036,12,21345,49
2036,1,9273,57
2036,2,13166,57
2036,3,28214,57
2036,4,19434,57
2036,5,22450,57
2036,6,10142,57
2036,7,41689,57
2036,8,167,57
2036,9,15979,57
2036,10,10489,57
2036,11,1448,57
2036,12,5034,57
2037,1,1222,3
2037,2,2294,3
2037,3,2535,3
2037,4,1622,3
2037,5,3220,3
2037,6,997,3
2037,7,3787,3
2037,8,65,3
2037,9,2207,3
2037,10,1357,3
2037,11,966,3
2037,12,860,3
2037,1,11190,11
2037,2,17689,11
2037,3,44568,11
2037,4,23339,11
2037,5,16431,11
2037,6,20322,11
2037,7,62708,11
2037,8,414,11
2037,9,22323,11
2037,10,13002,11
2037,11,840,11
2037,12,7320,11
2037,1,56331,35
2037,2,79764,35
2037,3,163611,35
2037,4,105856,35
2037,5,70169,35
2037,6,164639,35
2037,7,316329,35
2037,8,4720,35
2037,9,96003,35
2037,10,104637,35
2037,11,1205,35
2037,12,39998,35
2037,1,28780,49
2037,2,48019,49
2037,3,72986,49
2037,4,60447,49
2037,5,31911,49
2037,6,71420,49
2037,7,137237,49
2037,8,1049,49
2037,9,57419,49
2037,10,24025,49
2037,11,3717,49
2037,12,21844,49
2037,1,9314,57
2037,2,13212,57
2037,3,28330,57
2037,4,19657,57
2037,5,22753,57
2037,6,10237,57
2037,7,42113,57
2037,8,166,57
2037,9,16082,57
2037,10,10445,57
2037,11,1445,57
2037,12,5131,57
2038,1,1227,3
2038,2,2295,3
2038,3,2553,3
2038,4,1641,3
2038,5,3254,3
2038,6,1005,3
2038,7,3839,3
2038,8,66,3
2038,9,2228,3
2038,10,1348,3
2038,11,966,3
2038,12,877,3
2038,1,11210,11
2038,2,17794,11
2038,3,44656,11
2038,4,23659,11
2038,5,16629,11
2038,6,20531,11
2038,7,63607,11
2038,8,413,11
2038,9,22533,11
2038,10,12967,11
2038,11,839,11
2038,12,7478,11
2038,1,56574,35
2038,2,79565,35
2038,3,165053,35
2038,4,107352,35
2038,5,71127,35
2038,6,168247,35
2038,7,322866,35
2038,8,4705,35
2038,9,96838,35
2038,10,104767,35
2038,11,1206,35
2038,12,41013,35
2038,1,29053,49
2038,2,47942,49
2038,3,73443,49
2038,4,61602,49
2038,5,32456,49
2038,6,72423,49
2038,7,139801,49
2038,8,1047,49
2038,9,58156,49
2038,10,24145,49
2038,11,3717,49
2038,12,22403,49
2038,1,9335,57
2038,2,13232,57
2038,3,28472,57
2038,4,19922,57
2038,5,23026,57
2038,6,10345,57
2038,7,42695,57
2038,8,166,57
2038,9,16218,57
2038,10,10452,57
2038,11,1441,57
2038,12,5235,57
2039,1,1233,3
2039,2,2297,3
2039,3,2575,3
2039,4,1659,3
2039,5,3285,3
2039,6,1013,3
2039,7,3891,3
2039,8,66,3
2039,9,2250,3
2039,10,1340,3
2039,11,967,3
2039,12,892,3
2039,1,11256,11
2039,2,17891,11
2039,3,44819,11
2039,4,23974,11
2039,5,16816,11
2039,6,20727,11
2039,7,64527,11
2039,8,411,11
2039,9,22780,11
2039,10,12937,11
2039,11,839,11
2039,12,7641,11
2039,1,56893,35
2039,2,79698,35
2039,3,166799,35
2039,4,108775,35
2039,5,72037,35
2039,6,171346,35
2039,7,328682,35
2039,8,4697,35
2039,9,97815,35
2039,10,104912,35
2039,11,1208,35
2039,12,42034,35
2039,1,29330,49
2039,2,47837,49
2039,3,74113,49
2039,4,62655,49
2039,5,32964,49
2039,6,73346,49
2039,7,142169,49
2039,8,1047,49
2039,9,58923,49
2039,10,24257,49
2039,11,3719,49
2039,12,22945,49
2039,1,9361,57
2039,2,13259,57
2039,3,28650,57
2039,4,20184,57
2039,5,23279,57
2039,6,10444,57
2039,7,43273,57
2039,8,166,57
2039,9,16368,57
2039,10,10464,57
2039,11,1437,57
2039,12,5348,57
2040,1,1239,3
2040,2,2295,3
2040,3,2597,3
2040,4,1677,3
2040,5,3312,3
2040,6,1021,3
2040,7,3939,3
2040,8,66,3
2040,9,2273,3
2040,10,1331,3
2040,11,968,3
2040,12,910,3
2040,1,11296,11
2040,2,17968,11
2040,3,45178,11
2040,4,24313,11
2040,5,16992,11
2040,6,20930,11
2040,7,65389,11
2040,8,410,11
2040,9,23025,11
2040,10,12917,11
2040,11,839,11
2040,12,7799,11
2040,1,57258,35
2040,2,79716,35
2040,3,168803,35
2040,4,110470,35
2040,5,72939,35
2040,6,174922,35
2040,7,334459,35
2040,8,4696,35
2040,9,98813,35
2040,10,105127,35
2040,11,1209,35
2040,12,43052,35
2040,1,29554,49
2040,2,47655,49
2040,3,74806,49
2040,4,63717,49
2040,5,33455,49
2040,6,74366,49
2040,7,144357,49
2040,8,1047,49
2040,9,59643,49
2040,10,24374,49
2040,11,3718,49
2040,12,23494,49
2040,1,9380,57
2040,2,13243,57
2040,3,28911,57
2040,4,20435,57
2040,5,23518,57
2040,6,10538,57
2040,7,43735,57
2040,8,166,57
2040,9,16506,57
2040,10,10476,57
2040,11,1431,57
2040,12,5455,57
2041,1,1244,3
2041,2,2289,3
2041,3,2618,3
2041,4,1694,3
2041,5,3336,3
2041,6,1027,3
2041,7,3982,3
2041,8,67,3
2041,9,2293,3
2041,10,1324,3
2041,11,970,3
2041,12,924,3
2041,1,11361,11
2041,2,18005,11
2041,3,45158,11
2041,4,24618,11
2041,5,17155,11
2041,6,21113,11
2041,7,66203,11
2041,8,410,11
2041,9,23296,11
2041,10,12907,11
2041,11,838,11
2041,12,7954,11
2041,1,57712,35
2041,2,79736,35
2041,3,170567,35
2041,4,111984,35
2041,5,73778,35
2041,6,178033,35
2041,7,339761,35
2041,8,4715,35
2041,9,99924,35
2041,10,105423,35
2041,11,1211,35
2041,12,44107,35
2041,1,29821,49
2041,2,47367,49
2041,3,75510,49
2041,4,64679,49
2041,5,33919,49
2041,6,75220,49
2041,7,146418,49
2041,8,1052,49
2041,9,60402,49
2041,10,24510,49
2041,11,3715,49
2041,12,24023,49
2041,1,9418,57
2041,2,13216,57
2041,3,28970,57
2041,4,20688,57
2041,5,23709,57
2041,6,10626,57
2041,7,44222,57
2041,8,167,57
2041,9,16672,57
2041,10,10484,57
2041,11,1426,57
2041,12,5556,57
2042,1,1250,3
2042,2,2287,3
2042,3,2637,3
2042,4,1708,3
2042,5,3357,3
2042,6,1038,3
2042,7,4027,3
2042,8,68,3
2042,9,2315,3
2042,10,1320,3
2042,11,970,3
2042,12,942,3
2042,1,11402,11
2042,2,18067,11
2042,3,45346,11
2042,4,24904,11
2042,5,17308,11
2042,6,21373,11
2042,7,67018,11
2042,8,413,11
2042,9,23535,11
2042,10,12913,11
2042,11,837,11
2042,12,8120,11
2042,1,58040,35
2042,2,79406,35
2042,3,172473,35
2042,4,113381,35
2042,5,74564,35
2042,6,181437,35
2042,7,344875,35
2042,8,4760,35
2042,9,100775,35
2042,10,105818,35
2042,11,1213,35
2042,12,45129,35
2042,1,30020,49
2042,2,47171,49
2042,3,76213,49
2042,4,65599,49
2042,5,34353,49
2042,6,76308,49
2042,7,148408,49
2042,8,1062,49
2042,9,61072,49
2042,10,24667,49
2042,11,3714,49
2042,12,24557,49
2042,1,9433,57
2042,2,13217,57
2042,3,29144,57
2042,4,20940,57
2042,5,23911,57
2042,6,10758,57
2042,7,44720,57
2042,8,169,57
2042,9,16812,57
2042,10,10518,57
2042,11,1421,57
2042,12,5667,57
2043,1,1254,3
2043,2,2285,3
2043,3,2658,3
2043,4,1718,3
2043,5,3372,3
2043,6,1047,3
2043,7,4064,3
2043,8,69,3
2043,9,2337,3
2043,10,1313,3
2043,11,970,3
2043,12,958,3
2043,1,11460,11
2043,2,18133,11
2043,3,45569,11
2043,4,25165,11
2043,5,17425,11
2043,6,21596,11
2043,7,67784,11
2043,8,416,11
2043,9,23788,11
2043,10,12916,11
2043,11,838,11
2043,12,8282,11
2043,1,58500,35
2043,2,79297,35
2043,3,174592,35
2043,4,114781,35
2043,5,75228,35
2043,6,184858,35
2043,7,350398,35
2043,8,4798,35
2043,9,101838,35
2043,10,106250,35
2043,11,1214,35
2043,12,46204,35
2043,1,30253,49
2043,2,47009,49
2043,3,76992,49
2043,4,66472,49
2043,5,34751,49
2043,6,77237,49
2043,7,150271,49
2043,8,1071,49
2043,9,61774,49
2043,10,24819,49
2043,11,3710,49
2043,12,25108,49
2043,1,9470,57
2043,2,13221,57
2043,3,29335,57
2043,4,21153,57
2043,5,24065,57
2043,6,10867,57
2043,7,45159,57
2043,8,171,57
2043,9,16972,57
2043,10,10548,57
2043,11,1415,57
2043,12,5773,57
2044,1,1256,3
2044,2,2281,3
2044,3,2678,3
2044,4,1730,3
2044,5,3386,3
2044,6,1058,3
2044,7,4103,3
2044,8,69,3
2044,9,2352,3
2044,10,1308,3
2044,11,970,3
2044,12,973,3
2044,1,11503,11
2044,2,18181,11
2044,3,45804,11
2044,4,25453,11
2044,5,17543,11
2044,6,21850,11
2044,7,68570,11
2044,8,413,11
2044,9,24029,11
2044,10,12921,11
2044,11,837,11
2044,12,8436,11
2044,1,58931,35
2044,2,79460,35
2044,3,176869,35
2044,4,116311,35
2044,5,75921,35
2044,6,188348,35
2044,7,355914,35
2044,8,4793,35
2044,9,102867,35
2044,10,106728,35
2044,11,1216,35
2044,12,47343,35
2044,1,30457,49
2044,2,46847,49
2044,3,77838,49
2044,4,67403,49
2044,5,35117,49
2044,6,78261,49
2044,7,152199,49
2044,8,1070,49
2044,9,62463,49
2044,10,24979,49
2044,11,3708,49
2044,12,25655,49
2044,1,9485,57
2044,2,13218,57
2044,3,29534,57
2044,4,21399,57
2044,5,24222,57
2044,6,10983,57
2044,7,45647,57
2044,8,171,57
2044,9,17111,57
2044,10,10580,57
2044,11,1412,57
2044,12,5879,57
2045,1,1259,3
2045,2,2287,3
2045,3,2698,3
2045,4,1743,3
2045,5,3408,3
2045,6,1067,3
2045,7,4137,3
2045,8,69,3
2045,9,2374,3
2045,10,1304,3
2045,11,971,3
2045,12,988,3
2045,1,11558,11
2045,2,18307,11
2045,3,46066,11
2045,4,25758,11
2045,5,17696,11
2045,6,22099,11
2045,7,69321,11
2045,8,411,11
2045,9,24302,11
2045,10,12924,11
2045,11,836,11
2045,12,8606,11
2045,1,59434,35
2045,2,80077,35
2045,3,179379,35
2045,4,117992,35
2045,5,76773,35
2045,6,191979,35
2045,7,361215,35
2045,8,4783,35
2045,9,104070,35
2045,10,107226,35
2045,11,1217,35
2045,12,48497,35
2045,1,30667,49
2045,2,46944,49
2045,3,78799,49
2045,4,68363,49
2045,5,35543,49
2045,6,79271,49
2045,7,154037,49
2045,8,1067,49
2045,9,63229,49
2045,10,25135,49
2045,11,3703,49
2045,12,26238,49
2045,1,9511,57
2045,2,13274,57
2045,3,29745,57
2045,4,21656,57
2045,5,24424,57
2045,6,11104,57
2045,7,46093,57
2045,8,170,57
2045,9,17271,57
2045,10,10609,57
2045,11,1407,57
2045,12,5995,57
2046,1,1262,3
2046,2,2308,3
2046,3,2719,3
2046,4,1754,3
2046,5,3430,3
2046,6,1082,3
2046,7,4171,3
2046,8,70,3
2046,9,2395,3
2046,10,1298,3
2046,11,970,3
2046,12,1004,3
2046,1,11599,11
2046,2,18531,11
2046,3,46343,11
2046,4,26061,11
2046,5,17851,11
2046,6,22411,11
2046,7,69996,11
2046,8,411,11
2046,9,24555,11
2046,10,12924,11
2046,11,836,11
2046,12,8780,11
2046,1,59872,35
2046,2,81220,35
2046,3,181979,35
2046,4,119686,35
2046,5,77642,35
2046,6,195767,35
2046,7,366080,35
2046,8,4786,35
2046,9,105232,35
2046,10,107715,35
2046,11,1219,35
2046,12,49696,35
2046,1,30816,49
2046,2,47342,49
2046,3,79815,49
2046,4,69265,49
2046,5,35965,49
2046,6,80493,49
2046,7,155667,49
2046,8,1067,49
2046,9,63928,49
2046,10,25275,49
2046,11,3700,49
2046,12,26824,49
2046,1,9536,57
2046,2,13413,57
2046,3,29958,57
2046,4,21917,57
2046,5,24632,57
2046,6,11261,57
2046,7,46495,57
2046,8,170,57
2046,9,17447,57
2046,10,10641,57
2046,11,1400,57
2046,12,6117,57
2047,1,1262,3
2047,2,2341,3
2047,3,2739,3
2047,4,1767,3
2047,5,3451,3
2047,6,1098,3
2047,7,4198,3
2047,8,70,3
2047,9,2411,3
2047,10,1292,3
2047,11,970,3
2047,12,1024,3
2047,1,11641,11
2047,2,18832,11
2047,3,46625,11
2047,4,26355,11
2047,5,18001,11
2047,6,22778,11
2047,7,70611,11
2047,8,411,11
2047,9,24831,11
2047,10,12919,11
2047,11,835,11
2047,12,8964,11
2047,1,60337,35
2047,2,82778,35
2047,3,184635,35
2047,4,121385,35
2047,5,78496,35
2047,6,200072,35
2047,7,370685,35
2047,8,4820,35
2047,9,106514,35
2047,10,108171,35
2047,11,1219,35
2047,12,50929,35
2047,1,30950,49
2047,2,47972,49
2047,3,80853,49
2047,4,70107,49
2047,5,36369,49
2047,6,81912,49
2047,7,157140,49
2047,8,1073,49
2047,9,64671,49
2047,10,25400,49
2047,11,3695,49
2047,12,27436,49
2047,1,9550,57
2047,2,13614,57
2047,3,30178,57
2047,4,22175,57
2047,5,24834,57
2047,6,11434,57
2047,7,46854,57
2047,8,171,57
2047,9,17616,57
2047,10,10668,57
2047,11,1395,57
2047,12,6235,57
2048,1,1265,3
2048,2,2382,3
2048,3,2757,3
2048,4,1777,3
2048,5,3475,3
2048,6,1115,3
2048,7,4221,3
2048,8,71,3
2048,9,2433,3
2048,10,1287,3
2048,11,971,3
2048,12,1038,3
2048,1,11692,11
2048,2,19186,11
2048,3,46913,11
2048,4,26625,11
2048,5,18157,11
2048,6,23159,11
2048,7,71134,11
2048,8,415,11
2048,9,25091,11
2048,10,12909,11
2048,11,834,11
2048,12,9145,11
2048,1,60874,35
2048,2,84689,35
2048,3,187416,35
2048,4,123042,35
2048,5,79375,35
2048,6,204502,35
2048,7,374958,35
2048,8,4874,35
2048,9,107797,35
2048,10,108609,35
2048,11,1220,35
2048,12,52214,35
2048,1,31115,49
2048,2,48802,49
2048,3,81928,49
2048,4,70901,49
2048,5,36783,49
2048,6,83379,49
2048,7,158427,49
2048,8,1084,49
2048,9,65405,49
2048,10,25516,49
2048,11,3690,49
2048,12,28054,49
2048,1,9580,57
2048,2,13876,57
2048,3,30401,57
2048,4,22424,57
2048,5,25046,57
2048,6,11630,57
2048,7,47178,57
2048,8,173,57
2048,9,17791,57
2048,10,10695,57
2048,11,1391,57
2048,12,6363,57
2049,1,1267,3
2049,2,2433,3
2049,3,2778,3
2049,4,1787,3
2049,5,3499,3
2049,6,1132,3
2049,7,4243,3
2049,8,73,3
2049,9,2451,3
2049,10,1281,3
2049,11,971,3
2049,12,1057,3
2049,1,11750,11
2049,2,19590,11
2049,3,47193,11
2049,4,26898,11
2049,5,18317,11
2049,6,23536,11
2049,7,71627,11
2049,8,417,11
2049,9,25352,11
2049,10,12897,11
2049,11,832,11
2049,12,9330,11
2049,1,61450,35
2049,2,86925,35
2049,3,190226,35
2049,4,124732,35
2049,5,80296,35
2049,6,208883,35
2049,7,379188,35
2049,8,4929,35
2049,9,109109,35
2049,10,109039,35
2049,11,1221,35
2049,12,53503,35
2049,1,31274,49
2049,2,49826,49
2049,3,83004,49
2049,4,71650,49
2049,5,37203,49
2049,6,84842,49
2049,7,159716,49
2049,8,1094,49
2049,9,66141,49
2049,10,25626,49
2049,11,3684,49
2049,12,28696,49
2049,1,9621,57
2049,2,14180,57
2049,3,30622,57
2049,4,22665,57
2049,5,25264,57
2049,6,11822,57
2049,7,47482,57
2049,8,176,57
2049,9,17984,57
2049,10,10715,57
2049,11,1384,57
2049,12,6488,57
2050,1,1268,3
2050,2,2487,3
2050,3,2799,3
2050,4,1797,3
2050,5,3523,3
2050,6,1147,3
2050,7,4265,3
2050,8,74,3
2050,9,2467,3
2050,10,1275,3
2050,11,971,3
2050,12,1076,3
2050,1,11811,11
2050,2,20016,11
2050,3,47682,11
2050,4,27163,11
2050,5,18478,11
2050,6,23884,11
2050,7,72133,11
2050,8,420,11
2050,9,25623,11
2050,10,12886,11
2050,11,830,11
2050,12,9526,11
2050,1,62114,35
2050,2,89377,35
2050,3,193356,35
2050,4,126545,35
2050,5,81250,35
2050,6,213446,35
2050,7,383837,35
2050,8,4983,35
2050,9,110572,35
2050,10,109530,35
2050,11,1222,35
2050,12,54878,35
2050,1,31449,49
2050,2,50954,49
2050,3,84125,49
2050,4,72392,49
2050,5,37629,49
2050,6,86221,49
2050,7,161087,49
2050,8,1105,49
2050,9,66931,49
2050,10,25742,49
2050,11,3679,49
2050,12,29334,49
2050,1,9658,57
2050,2,14507,57
2050,3,30965,57
2050,4,22913,57
2050,5,25484,57
2050,6,11997,57
2050,7,47801,57
2050,8,178,57
2050,9,18169,57
2050,10,10738,57
2050,11,1378,57
2050,12,6619,57
2051,1,1269,3
2051,2,2536,3
2051,3,2807,3
2051,4,1799,3
2051,5,3549,3
2051,6,1160,3
2051,7,4271,3
2051,8,74,3
2051,9,2486,3
2051,10,1269,3
2051,11,968,3
2051,12,1092,3
2051,1,11850,11
2051,2,20427,11
2051,3,47726,11
2051,4,27389,11
2051,5,18647,11
2051,6,24164,11
2051,7,72544,11
2051,8,421,11
2051,9,25855,11
2051,10,12856,11
2051,11,829,11
2051,12,9692,11
2051,1,62649,35
2051,2,91830,35
2051,3,196027,35
2051,4,128138,35
2051,5,82215,35
2051,6,216424,35
2051,7,387544,35
2051,8,5028,35
2051,9,111855,35
2051,10,109851,35
2051,11,1223,35
2051,12,56160,35
2051,1,31580,49
2051,2,52106,49
2051,3,85188,49
2051,4,73067,49
2051,5,38068,49
2051,6,87399,49
2051,7,162272,49
2051,8,1114,49
2051,9,67662,49
2051,10,25826,49
2051,11,3672,49
2051,12,29973,49
2051,1,9682,57
2051,2,14815,57
2051,3,31039,57
2051,4,23097,57
2051,5,25715,57
2051,6,12125,57
2051,7,47992,57
2051,8,178,57
2051,9,18333,57
2051,10,10751,57
2051,11,1371,57
2051,12,6739,57
2052,1,1269,3
2052,2,2593,3
2052,3,2825,3
2052,4,1806,3
2052,5,3572,3
2052,6,1169,3
2052,7,4289,3
2052,8,75,3
2052,9,2501,3
2052,10,1263,3
2052,11,968,3
2052,12,1109,3
2052,1,11887,11
2052,2,20818,11
2052,3,47979,11
2052,4,27596,11
2052,5,18800,11
2052,6,24395,11
2052,7,72921,11
2052,8,424,11
2052,9,26075,11
2052,10,12828,11
2052,11,828,11
2052,12,9868,11
2052,1,63226,35
2052,2,94341,35
2052,3,198940,35
2052,4,129745,35
2052,5,83132,35
2052,6,219083,35
2052,7,391415,35
2052,8,5080,35
2052,9,113203,35
2052,10,110248,35
2052,11,1224,35
2052,12,57450,35
2052,1,31718,49
2052,2,53281,49
2052,3,86294,49
2052,4,73769,49
2052,5,38473,49
2052,6,88428,49
2052,7,163454,49
2052,8,1123,49
2052,9,68393,49
2052,10,25916,49
2052,11,3663,49
2052,12,30618,49
2052,1,9721,57
2052,2,15152,57
2052,3,31248,57
2052,4,23312,57
2052,5,25929,57
2052,6,12247,57
2052,7,48262,57
2052,8,180,57
2052,9,18527,57
2052,10,10767,57
2052,11,1363,57
2052,12,6859,57
2053,1,1268,3
2053,2,2649,3
2053,3,2843,3
2053,4,1814,3
2053,5,3590,3
2053,6,1175,3
2053,7,4311,3
2053,8,76,3
2053,9,2513,3
2053,10,1257,3
2053,11,968,3
2053,12,1126,3
2053,1,11922,11
2053,2,21206,11
2053,3,48235,11
2053,4,27787,11
2053,5,18927,11
2053,6,24571,11
2053,7,73337,11
2053,8,426,11
2053,9,26280,11
2053,10,12808,11
2053,11,825,11
2053,12,10032,11
2053,1,63833,35
2053,2,96919,35
2053,3,201906,35
2053,4,131311,35
2053,5,83945,35
2053,6,221363,35
2053,7,395569,35
2053,8,5138,35
2053,9,114532,35
2053,10,110737,35
2053,11,1223,35
2053,12,58741,35
2053,1,31869,49
2053,2,54520,49
2053,3,87450,49
2053,4,74526,49
2053,5,38838,49
2053,6,89288,49
2053,7,164806,49
2053,8,1135,49
2053,9,69153,49
2053,10,26041,49
2053,11,3656,49
2053,12,31267,49
2053,1,9750,57
2053,2,15488,57
2053,3,31465,57
2053,4,23514,57
2053,5,26102,57
2053,6,12332,57
2053,7,48553,57
2053,8,182,57
2053,9,18684,57
2053,10,10788,57
2053,11,1357,57
2053,12,6982,57
2054,1,1268,3
2054,2,2708,3
2054,3,2860,3
2054,4,1818,3
2054,5,3605,3
2054,6,1180,3
2054,7,4325,3
2054,8,77,3
2054,9,2529,3
2054,10,1251,3
2054,11,967,3
2054,12,1144,3
2054,1,11946,11
2054,2,21613,11
2054,3,48484,11
2054,4,27967,11
2054,5,19043,11
2054,6,24736,11
2054,7,73702,11
2054,8,428,11
2054,9,26485,11
2054,10,12782,11
2054,11,825,11
2054,12,10207,11
2054,1,64434,35
2054,2,99636,35
2054,3,204893,35
2054,4,132867,35
2054,5,84719,35
2054,6,223641,35
2054,7,399730,35
2054,8,5179,35
2054,9,115916,35
2054,10,111216,35
2054,11,1224,35
2054,12,60034,35
2054,1,31999,49
2054,2,55834,49
2054,3,88639,49
2054,4,75315,49
2054,5,39174,49
2054,6,90130,49
2054,7,166062,49
2054,8,1143,49
2054,9,69909,49
2054,10,26152,49
2054,11,3647,49
2054,12,31919,49
2054,1,9773,57
2054,2,15834,57
2054,3,31684,57
2054,4,23708,57
2054,5,26258,57
2054,6,12416,57
2054,7,48812,57
2054,8,184,57
2054,9,18839,57
2054,10,10804,57
2054,11,1351,57
2054,12,7107,57
2055,1,1265,3
2055,2,2759,3
2055,3,2870,3
2055,4,1816,3
2055,5,3616,3
2055,6,1183,3
2055,7,4329,3
2055,8,77,3
2055,9,2540,3
2055,10,1246,3
2055,11,962,3
2055,12,1160,3
2055,1,11968,11
2055,2,22032,11
2055,3,48722,11
2055,4,28126,11
2055,5,19141,11
2055,6,24881,11
2055,7,74071,11
2055,8,428,11
2055,9,26678,11
2055,10,12766,11
2055,11,822,11
2055,12,10372,11
2055,1,65058,35
2055,2,102500,35
2055,3,207978,35
2055,4,134408,35
2055,5,85451,35
2055,6,225808,35
2055,7,404042,35
2055,8,5204,35
2055,9,117331,35
2055,10,111791,35
2055,11,1224,35
2055,12,61389,35
2055,1,32147,49
2055,2,57227,49
2055,3,89810,49
2055,4,76083,49
2055,5,39484,49
2055,6,90903,49
2055,7,167396,49
2055,8,1146,49
2055,9,70689,49
2055,10,26287,49
2055,11,3637,49
2055,12,32595,49
2055,1,9797,57
2055,2,16190,57
2055,3,31891,57
2055,4,23889,57
2055,5,26386,57
2055,6,12486,57
2055,7,49078,57
2055,8,184,57
2055,9,18990,57
2055,10,10828,57
2055,11,1343,57
2055,12,7232,57
2056,1,1262,3
2056,2,2803,3
2056,3,2888,3
2056,4,1824,3
2056,5,3624,3
2056,6,1186,3
2056,7,4348,3
2056,8,78,3
2056,9,2546,3
2056,10,1241,3
2056,11,962,3
2056,12,1175,3
2056,1,11970,11
2056,2,22304,11
2056,3,48951,11
2056,4,28336,11
2056,5,19217,11
2056,6,25018,11
2056,7,74473,11
2056,8,423,11
2056,9,26813,11
2056,10,12760,11
2056,11,819,11
2056,12,10530,11
2056,1,65627,35
2056,2,104779,35
2056,3,211515,35
2056,4,136251,35
2056,5,86105,35
2056,6,227990,35
2056,7,408765,35
2056,8,5180,35
2056,9,118558,35
2056,10,112530,35
2056,11,1225,35
2056,12,62775,35
2056,1,32272,49
2056,2,58291,49
2056,3,90950,49
2056,4,76935,49
2056,5,39754,49
2056,6,91681,49
2056,7,168909,49
2056,8,1139,49
2056,9,71356,49
2056,10,26459,49
2056,11,3628,49
2056,12,33246,49
2056,1,9807,57
2056,2,16441,57
2056,3,32099,57
2056,4,24116,57
2056,5,26485,57
2056,6,12539,57
2056,7,49380,57
2056,8,182,57
2056,9,19103,57
2056,10,10860,57
2056,11,1337,57
2056,12,7347,57
2057,1,1256,3
2057,2,2834,3
2057,3,2904,3
2057,4,1831,3
2057,5,3633,3
2057,6,1191,3
2057,7,4365,3
2057,8,77,3
2057,9,2549,3
2057,10,1236,3
2057,11,962,3
2057,12,1191,3
2057,1,11951,11
2057,2,22475,11
2057,3,49151,11
2057,4,28523,11
2057,5,19307,11
2057,6,25159,11
2057,7,74792,11
2057,8,414,11
2057,9,26909,11
2057,10,12742,11
2057,11,818,11
2057,12,10685,11
2057,1,66087,35
2057,2,106558,35
2057,3,214333,35
2057,4,137979,35
2057,5,86802,35
2057,6,230282,35
2057,7,413039,35
2057,8,5095,35
2057,9,119653,35
2057,10,113106,35
2057,11,1225,35
2057,12,64026,35
2057,1,32368,49
2057,2,59125,49
2057,3,92022,49
2057,4,77723,49
2057,5,40057,49
2057,6,92551,49
2057,7,170328,49
2057,8,1119,49
2057,9,71967,49
2057,10,26606,49
2057,11,3620,49
2057,12,33903,49
2057,1,9805,57
2057,2,16625,57
2057,3,32295,57
2057,4,24324,57
2057,5,26606,57
2057,6,12613,57
2057,7,49638,57
2057,8,179,57
2057,9,19197,57
2057,10,10882,57
2057,11,1330,57
2057,12,7462,57
2058,1,1251,3
2058,2,2853,3
2058,3,2911,3
2058,4,1832,3
2058,5,3645,3
2058,6,1196,3
2058,7,4369,3
2058,8,75,3
2058,9,2553,3
2058,10,1232,3
2058,11,959,3
2058,12,1200,3
2058,1,11932,11
2058,2,22592,11
2058,3,49323,11
2058,4,28708,11
2058,5,19401,11
2058,6,25304,11
2058,7,75062,11
2058,8,405,11
2058,9,27001,11
2058,10,12721,11
2058,11,814,11
2058,12,10837,11
2058,1,66541,35
2058,2,108058,35
2058,3,217030,35
2058,4,139702,35
2058,5,87525,35
2058,6,232639,35
2058,7,417092,35
2058,8,5016,35
2058,9,120738,35
2058,10,113677,35
2058,11,1226,35
2058,12,65344,35
2058,1,32480,49
2058,2,59862,49
2058,3,93037,49
2058,4,78541,49
2058,5,40371,49
2058,6,93469,49
2058,7,171758,49
2058,8,1100,49
2058,9,72599,49
2058,10,26757,49
2058,11,3609,49
2058,12,34543,49
2058,1,9801,57
2058,2,16768,57
2058,3,32477,57
2058,4,24535,57
2058,5,26729,57
2058,6,12687,57
2058,7,49877,57
2058,8,176,57
2058,9,19285,57
2058,10,10902,57
2058,11,1324,57
2058,12,7578,57
2059,1,1246,3
2059,2,2873,3
2059,3,2924,3
2059,4,1837,3
2059,5,3655,3
2059,6,1199,3
2059,7,4380,3
2059,8,75,3
2059,9,2558,3
2059,10,1226,3
2059,11,958,3
2059,12,1217,3
2059,1,11907,11
2059,2,22672,11
2059,3,49462,11
2059,4,28899,11
2059,5,19497,11
2059,6,25444,11
2059,7,75307,11
2059,8,398,11
2059,9,27087,11
2059,10,12699,11
2059,11,812,11
2059,12,10983,11
2059,1,66975,35
2059,2,109371,35
2059,3,219574,35
2059,4,141435,35
2059,5,88254,35
2059,6,234989,35
2059,7,421077,35
2059,8,4965,35
2059,9,121811,35
2059,10,114239,35
2059,11,1226,35
2059,12,66653,35
2059,1,32601,49
2059,2,60532,49
2059,3,93976,49
2059,4,79303,49
2059,5,40690,49
2059,6,94402,49
2059,7,173199,49
2059,8,1086,49
2059,9,73247,49
2059,10,26913,49
2059,11,3600,49
2059,12,35196,49
2059,1,9793,57
2059,2,16883,57
2059,3,32651,57
2059,4,24741,57
2059,5,26853,57
2059,6,12760,57
2059,7,50093,57
2059,8,173,57
2059,9,19367,57
2059,10,10919,57
2059,11,1315,57
2059,12,7688,57
2060,1,1241,3
2060,2,2895,3
2060,3,2941,3
2060,4,1845,3
2060,5,3666,3
2060,6,1203,3
2060,7,4397,3
2060,8,74,3
2060,9,2561,3
2060,10,1221,3
2060,11,956,3
2060,12,1231,3
2060,1,11878,11
2060,2,22723,11
2060,3,49792,11
2060,4,29069,11
2060,5,19591,11
2060,6,25580,11
2060,7,75520,11
2060,8,393,11
2060,9,27156,11
2060,10,12677,11
2060,11,809,11
2060,12,11129,11
2060,1,67404,35
2060,2,110550,35
2060,3,222186,35
2060,4,143218,35
2060,5,88987,35
2060,6,237364,35
2060,7,425008,35
2060,8,4939,35
2060,9,122871,35
2060,10,114805,35
2060,11,1225,35
2060,12,67920,35
2060,1,32737,49
2060,2,61166,49
2060,3,94855,49
2060,4,80035,49
2060,5,41016,49
2060,6,95334,49
2060,7,174661,49
2060,8,1079,49
2060,9,73893,49
2060,10,27069,49
2060,11,3589,49
2060,12,35855,49
2060,1,9784,57
2060,2,16976,57
2060,3,32935,57
2060,4,24936,57
2060,5,26973,57
2060,6,12831,57
2060,7,50294,57
2060,8,172,57
2060,9,19439,57
2060,10,10934,57
2060,11,1307,57
2060,12,7801,57
2061,1,1235,3
2061,2,2909,3
2061,3,2944,3
2061,4,1846,3
2061,5,3677,3
2061,6,1207,3
2061,7,4399,3
2061,8,74,3
2061,9,2566,3
2061,10,1217,3
2061,11,952,3
2061,12,1245,3
2061,1,11849,11
2061,2,22760,11
2061,3,49643,11
2061,4,29245,11
2061,5,19686,11
2061,6,25708,11
2061,7,75762,11
2061,8,391,11
2061,9,27233,11
2061,10,12654,11
2061,11,808,11
2061,12,11263,11
2061,1,68689,35
2061,2,111628,35
2061,3,224441,35
2061,4,144906,35
2061,5,89707,35
2061,6,239573,35
2061,7,429234,35
2061,8,4925,35
2061,9,124006,35
2061,10,115286,35
2061,11,1226,35
2061,12,69236,35
2061,1,33038,49
2061,2,61771,49
2061,3,95716,49
2061,4,80789,49
2061,5,41335,49
2061,6,96203,49
2061,7,176258,49
2061,8,1074,49
2061,9,74699,49
2061,10,27209,49
2061,11,3580,49
2061,12,36522,49
2061,1,9776,57
2061,2,17051,57
2061,3,32943,57
2061,4,25135,57
2061,5,27098,57
2061,6,12886,57
2061,7,50510,57
2061,8,171,57
2061,9,19511,57
2061,10,10954,57
2061,11,1300,57
2061,12,7904,57
2062,1,1231,3
2062,2,2933,3
2062,3,2959,3
2062,4,1853,3
2062,5,3688,3
2062,6,1210,3
2062,7,4418,3
2062,8,74,3
2062,9,2570,3
2062,10,1211,3
2062,11,952,3
2062,12,1260,3
2062,1,11822,11
2062,2,22794,11
2062,3,49736,11
2062,4,29424,11
2062,5,19786,11
2062,6,25833,11
2062,7,76043,11
2062,8,389,11
2062,9,27315,11
2062,10,12631,11
2062,11,806,11
2062,12,11397,11
2062,1,69185,35
2062,2,112661,35
2062,3,226802,35
2062,4,146608,35
2062,5,90432,35
2062,6,241703,35
2062,7,433139,35
2062,8,4915,35
2062,9,125076,35
2062,10,115763,35
2062,11,1225,35
2062,12,70505,35
2062,1,33175,49
2062,2,62337,49
2062,3,96576,49
2062,4,81514,49
2062,5,41655,49
2062,6,97023,49
2062,7,177661,49
2062,8,1071,49
2062,9,75399,49
2062,10,27347,49
2062,11,3570,49
2062,12,37173,49
2062,1,9770,57
2062,2,17127,57
2062,3,33082,57
2062,4,25327,57
2062,5,27230,57
2062,6,12953,57
2062,7,50736,57
2062,8,171,57
2062,9,19590,57
2062,10,10972,57
2062,11,1293,57
2062,12,8017,57
2063,1,1227,3
2063,2,2954,3
2063,3,2974,3
2063,4,1859,3
2063,5,3702,3
2063,6,1213,3
2063,7,4437,3
2063,8,73,3
2063,9,2574,3
2063,10,1206,3
2063,11,951,3
2063,12,1274,3
2063,1,11797,11
2063,2,22826,11
2063,3,49826,11
2063,4,29603,11
2063,5,19887,11
2063,6,25953,11
2063,7,76321,11
2063,8,388,11
2063,9,27400,11
2063,10,12610,11
2063,11,805,11
2063,12,11544,11
2063,1,69680,35
2063,2,113660,35
2063,3,229177,35
2063,4,148332,35
2063,5,91148,35
2063,6,243760,35
2063,7,437037,35
2063,8,4907,35
2063,9,126186,35
2063,10,116249,35
2063,11,1225,35
2063,12,71785,35
2063,1,33315,49
2063,2,62889,49
2063,3,97435,49
2063,4,82236,49
2063,5,41966,49
2063,6,97803,49
2063,7,179034,49
2063,8,1068,49
2063,9,76102,49
2063,10,27485,49
2063,11,3560,49
2063,12,37823,49
2063,1,9763,57
2063,2,17193,57
2063,3,33222,57
2063,4,25518,57
2063,5,27365,57
2063,6,13016,57
2063,7,50966,57
2063,8,170,57
2063,9,19670,57
2063,10,10991,57
2063,11,1285,57
2063,12,8131,57
2064,1,1224,3
2064,2,2966,3
2064,3,2980,3
2064,4,1861,3
2064,5,3715,3
2064,6,1217,3
2064,7,4442,3
2064,8,73,3
2064,9,2579,3
2064,10,1202,3
2064,11,948,3
2064,12,1286,3
2064,1,11772,11
2064,2,22855,11
2064,3,49919,11
2064,4,29785,11
2064,5,19988,11
2064,6,26068,11
2064,7,76600,11
2064,8,386,11
2064,9,27491,11
2064,10,12587,11
2064,11,804,11
2064,12,11689,11
2064,1,70195,35
2064,2,114625,35
2064,3,231549,35
2064,4,150058,35
2064,5,91872,35
2064,6,245728,35
2064,7,440879,35
2064,8,4900,35
2064,9,127322,35
2064,10,116740,35
2064,11,1226,35
2064,12,73170,35
2064,1,33452,49
2064,2,63414,49
2064,3,98291,49
2064,4,82956,49
2064,5,42274,49
2064,6,98549,49
2064,7,180362,49
2064,8,1066,49
2064,9,76809,49
2064,10,27620,49
2064,11,3553,49
2064,12,38504,49
2064,1,9755,57
2064,2,17254,57
2064,3,33361,57
2064,4,25707,57
2064,5,27504,57
2064,6,13079,57
2064,7,51204,57
2064,8,170,57
2064,9,19753,57
2064,10,11010,57
2064,11,1279,57
2064,12,8240,57
2065,1,1220,3
2065,2,2985,3
2065,3,2994,3
2065,4,1867,3
2065,5,3729,3
2065,6,1219,3
2065,7,4462,3
2065,8,72,3
2065,9,2583,3
2065,10,1197,3
2065,11,947,3
2065,12,1303,3
2065,1,11746,11
2065,2,22881,11
2065,3,50010,11
2065,4,29969,11
2065,5,20091,11
2065,6,26181,11
2065,7,76879,11
2065,8,386,11
2065,9,27585,11
2065,10,12566,11
2065,11,802,11
2065,12,11833,11
2065,1,70717,35
2065,2,115557,35
2065,3,233964,35
2065,4,151819,35
2065,5,92596,35
2065,6,247672,35
2065,7,444764,35
2065,8,4894,35
2065,9,128483,35
2065,10,117237,35
2065,11,1225,35
2065,12,74451,35
2065,1,33593,49
2065,2,63924,49
2065,3,99149,49
2065,4,83674,49
2065,5,42584,49
2065,6,99264,49
2065,7,181679,49
2065,8,1064,49
2065,9,77519,49
2065,10,27758,49
2065,11,3543,49
2065,12,39152,49
2065,1,9749,57
2065,2,17312,57
2065,3,33500,57
2065,4,25893,57
2065,5,27646,57
2065,6,13138,57
2065,7,51444,57
2065,8,169,57
2065,9,19839,57
2065,10,11029,57
2065,11,1272,57
2065,12,8354,57
