building_type_id,non_residential_sqft,note,parcel_id,residential_units,stories,unit_price_non_residential,year_built,res_price_per_sqft,residential_price,non_residential_price,job_spaces,building_sqft,DEVTYPE
2,0,pipeline,52166,301,2,0,2024,0,0,0,0,481600,develop
2,0,pipeline,30558,89,2,0,2024,0,0,0,0,106800,develop
2,0,pipeline,44778,505,6,0,2024,0,0,0,0,0,develop
4,389000,pipeline,30732,0,24,0,2024,0,0,0,614,389000,develop
2,0,pipeline,475424,377,39,0,2024,0,0,0,0,680000,develop
5,0,pipeline,492239,0,1,0,2024,0,0,0,1000,280000,redevelop
1,0,pipeline,5959,90,1,0,2024,0,35500000,0,0,177500,develop
1,0,pipeline,66672,108,2,0,2024,0,0,0,0,236500,develop
2,0,pipeline,66672,253,5,0,2024,0,0,0,0,303000,develop
4,0,pipeline,66672,0,1,0,2024,0,0,0,100,37500,develop
5,0,pipeline,66672,0,1,0,2024,0,0,0,252,159750,develop
6,153844,pipeline,28450,0,1,0,2024,0,0,0,89,153844,develop
2,0,pipeline,488697,136,3,0,2024,0,0,0,0,261800,redevelop
6,160000,pipeline,68305,0,1,0,2024,0,0,0,100,160000,develop
1,0,pipeline,491036,5,2,0,2024,0,0,0,0,10000,develop
2,0,pipeline,491036,125,6,0,2024,0,0,0,0,125000,develop
5,40000,pipeline,491036,0,0,0,2024,0,0,0,63,40000,develop
4,80000,pipeline,491036,0,0,0,2024,0,0,0,213,80000,develop
8,30000,pipeline,491036,0,0,0,2024,0,0,0,100,30000,develop
2,0,pipeline,488960,156,5,0,2024,0,0,0,0,175000,develop
2,0,pipeline,45729,149,5,0,2024,0,0,0,0,170000,develop
5,75333,pipeline,48393,0,1,0,2024,0,0,0,100,75333,develop
4,5000,pipeline,48393,0,1,0,2024,0,0,0,13,5000,develop
2,0,pipeline,589501,26,1,0,2024,0,0,0,0,0,develop
2,0,pipeline,713788,21,1,0,2024,0,0,0,0,0,develop
2,0,pipeline,589501,21,1,0,2024,0,0,0,0,0,develop
1,0,pipeline,740714,1,1,0,2024,0,0,0,0,0,develop
2,0,pipeline,556620,1,1,0,2024,0,0,0,0,0,develop
2,0,pipeline,556620,1,1,0,2024,0,0,0,0,0,develop
2,0,pipeline,713788,43,1,0,2024,0,0,0,0,0,develop
1,0,pipeline,648985,1,1,0,2024,0,0,0,0,0,develop
1,0,pipeline,680347,1,1,0,2024,0,0,0,0,0,develop
8,28569,pipeline,651600,0,1,0,2024,0,0,0,95,28569,develop
2,0,pipeline,713788,20,1,0,2024,0,0,0,0,0,develop
1,0,pipeline,585405,1,1,0,2024,0,0,0,0,0,develop
1,0,pipeline,585405,1,1,0,2024,0,0,0,0,0,develop
1,0,pipeline,585405,1,1,0,2024,0,0,0,0,0,develop
2,0,pipeline,782405,50,1,0,2024,0,0,0,0,0,develop
1,0,pipeline,565140,1,1,0,2024,0,0,0,0,0,develop
1,0,pipeline,679122,1,1,0,2024,0,0,0,0,0,develop
1,0,pipeline,651580,1,1,0,2024,0,0,0,0,0,develop
1,0,pipeline,588013,1,1,0,2024,0,0,0,0,0,develop
1,0,pipeline,679122,1,1,0,2024,0,0,0,0,0,develop
1,0,pipeline,783924,1,1,0,2024,0,0,0,0,0,develop
1,0,pipeline,651580,1,1,0,2024,0,0,0,0,0,develop
1,0,pipeline,783924,1,1,0,2024,0,0,0,0,0,develop
1,0,pipeline,524117,1,1,0,2024,0,0,0,0,0,develop
1,0,pipeline,769390,1,1,0,2024,0,0,0,0,0,develop
1,0,pipeline,770017,1,1,0,2024,0,0,0,0,0,develop
1,0,pipeline,709255,1,1,0,2024,0,0,0,0,0,develop
1,0,pipeline,558321,1,1,0,2024,0,0,0,0,0,develop
1,0,pipeline,588217,1,1,0,2024,0,0,0,0,0,develop
1,0,pipeline,741903,1,1,0,2024,0,0,0,0,0,develop
1,0,pipeline,619560,1,1,0,2024,0,0,0,0,0,develop
1,0,pipeline,715761,1,1,0,2024,0,0,0,0,0,develop
1,0,pipeline,715761,1,1,0,2024,0,0,0,0,0,develop
1,0,pipeline,589165,1,1,0,2024,0,0,0,0,0,develop
1,0,pipeline,653938,1,1,0,2024,0,0,0,0,0,develop
1,0,pipeline,715761,1,1,0,2024,0,0,0,0,0,develop
1,0,pipeline,559340,1,1,0,2024,0,0,0,0,0,develop
1,0,pipeline,559360,1,1,0,2024,0,0,0,0,0,develop
1,0,pipeline,620139,1,1,0,2024,0,0,0,0,0,develop
1,0,pipeline,788575,1,1,0,2024,0,0,0,0,0,develop
1,0,pipeline,711107,1,1,0,2024,0,0,0,0,0,develop
1,0,pipeline,596012,1,1,0,2024,0,0,0,0,0,develop
1,0,pipeline,534718,1,1,0,2024,0,0,0,0,0,develop
1,0,pipeline,786221,1,1,0,2024,0,0,0,0,0,develop
1,0,pipeline,596960,1,1,0,2024,0,0,0,0,0,develop
2,0,pipeline,738691,1,1,0,2024,0,0,0,0,0,develop
2,0,pipeline,618235,1,1,0,2024,0,0,0,0,0,develop
2,0,pipeline,618235,1,1,0,2024,0,0,0,0,0,develop
2,0,pipeline,677818,1,1,0,2024,0,0,0,0,0,develop
2,0,pipeline,768301,1,1,0,2024,0,0,0,0,0,develop
2,0,pipeline,647841,1,1,0,2024,0,0,0,0,0,develop
2,0,pipeline,739171,1,1,0,2024,0,0,0,0,0,develop
2,0,pipeline,768261,1,1,0,2024,0,0,0,0,0,develop
7,7000,pipeline,630654,56,1,0,2024,0,0,0,19,63000,develop
2,0,pipeline,630654,20,1,0,2024,0,0,0,0,20000,redevelop
2,0,pipeline,796194,1,1,0,2024,0,0,0,0,0,develop
2,0,pipeline,796210,1,1,0,2024,0,0,0,0,0,develop
2,0,pipeline,619418,1,1,0,2024,0,0,0,0,0,develop
2,0,pipeline,796202,1,1,0,2024,0,0,0,0,0,develop
2,0,pipeline,796235,1,1,0,2024,0,0,0,0,0,develop
2,0,pipeline,619418,1,1,0,2024,0,0,0,0,0,develop
2,0,pipeline,740527,1,1,0,2024,0,0,0,0,0,develop
2,0,pipeline,796227,1,1,0,2024,0,0,0,0,0,develop
2,0,pipeline,796234,1,1,0,2024,0,0,0,0,0,develop
2,0,pipeline,619418,1,1,0,2024,0,0,0,0,0,develop
2,0,pipeline,796242,1,1,0,2024,0,0,0,0,0,develop
2,0,pipeline,796238,1,1,0,2024,0,0,0,0,0,develop
2,0,pipeline,796230,1,1,0,2024,0,0,0,0,0,develop
2,0,pipeline,740527,1,1,0,2024,0,0,0,0,0,develop
2,0,pipeline,796215,1,1,0,2024,0,0,0,0,0,develop
2,0,pipeline,796199,1,1,0,2024,0,0,0,0,0,develop
2,0,pipeline,770632,1,1,0,2024,0,0,0,0,0,develop
2,0,pipeline,796214,1,1,0,2024,0,0,0,0,0,develop
2,0,pipeline,796217,1,1,0,2024,0,0,0,0,0,develop
2,0,pipeline,740527,1,1,0,2024,0,0,0,0,0,develop
2,0,pipeline,796212,1,1,0,2024,0,0,0,0,0,develop
2,0,pipeline,796254,1,1,0,2024,0,0,0,0,0,develop
2,0,pipeline,796197,1,1,0,2024,0,0,0,0,0,develop
2,0,pipeline,796204,1,1,0,2024,0,0,0,0,0,develop
2,0,pipeline,796213,1,1,0,2024,0,0,0,0,0,develop
2,0,pipeline,796243,1,1,0,2024,0,0,0,0,0,develop
2,0,pipeline,796207,1,1,0,2024,0,0,0,0,0,develop
2,0,pipeline,796250,1,1,0,2024,0,0,0,0,0,develop
2,0,pipeline,796196,1,1,0,2024,0,0,0,0,0,develop
2,0,pipeline,796212,1,1,0,2024,0,0,0,0,0,develop
2,0,pipeline,722062,52,1,0,2024,0,0,0,0,52000,develop
2,0,pipeline,785582,50,1,0,2024,0,0,0,0,66500,develop
7,8000,pipeline,630654,52,1,0,2024,0,0,0,22,60000,develop
7,17000,pipeline,601907,148,1,0,2024,0,0,0,46,170000,develop
2,0,pipeline,796240,1,1,0,2024,0,0,0,0,0,develop
1,0,pipeline,771817,1,1,0,2024,0,0,0,0,0,develop
1,0,pipeline,711461,1,1,0,2024,0,0,0,0,0,develop
1,0,pipeline,771817,1,1,0,2024,0,0,0,0,0,develop
1,0,pipeline,649781,1,1,0,2024,0,0,0,0,0,develop
1,0,pipeline,619416,1,1,0,2024,0,0,0,0,0,develop
1,0,pipeline,650908,1,1,0,2024,0,0,0,0,0,develop
1,0,pipeline,771912,1,1,0,2024,0,0,0,0,0,develop
1,0,pipeline,619665,1,1,0,2024,0,0,0,0,0,develop
2,0,pipeline,649439,1,1,0,2024,0,0,0,0,0,develop
2,0,pipeline,557342,1,1,0,2024,0,0,0,0,0,develop
2,0,pipeline,557311,1,1,0,2024,0,0,0,0,0,develop
2,0,pipeline,557342,1,1,0,2024,0,0,0,0,0,develop
2,0,pipeline,679217,1,1,0,2024,0,0,0,0,0,develop
2,0,pipeline,649446,1,1,0,2024,0,0,0,0,0,develop
1,0,pipeline,621999,1,1,0,2024,0,0,0,0,0,develop
2,0,pipeline,773263,1,1,0,2024,0,0,0,0,0,develop
2,0,pipeline,624106,1,1,0,2024,0,0,0,0,0,develop
2,0,pipeline,713298,1,1,0,2024,0,0,0,0,0,develop
2,0,pipeline,743270,1,1,0,2024,0,0,0,0,0,develop
2,0,pipeline,773263,1,1,0,2024,0,0,0,0,0,develop
2,0,pipeline,773731,1,1,0,2024,0,0,0,0,0,develop
2,0,pipeline,773263,1,1,0,2024,0,0,0,0,0,develop
2,0,pipeline,774910,1,1,0,2024,0,0,0,0,0,develop
2,0,pipeline,773263,1,1,0,2024,0,0,0,0,0,develop
2,0,pipeline,773263,1,1,0,2024,0,0,0,0,0,develop
2,0,pipeline,744567,1,1,0,2024,0,0,0,0,0,develop
2,0,pipeline,743270,1,1,0,2024,0,0,0,0,0,develop
2,0,pipeline,773263,1,1,0,2024,0,0,0,0,0,develop
2,0,pipeline,743270,1,1,0,2024,0,0,0,0,0,develop
2,0,pipeline,773263,1,1,0,2024,0,0,0,0,0,develop
2,0,pipeline,745254,1,1,0,2024,0,0,0,0,0,develop
2,0,pipeline,774910,1,1,0,2024,0,0,0,0,0,develop
2,0,pipeline,684617,1,1,0,2024,0,0,0,0,0,develop
2,0,pipeline,744567,1,1,0,2024,0,0,0,0,0,develop
2,0,pipeline,654709,1,1,0,2024,0,0,0,0,0,develop
2,0,pipeline,773731,1,1,0,2024,0,0,0,0,0,develop
2,0,pipeline,773263,1,1,0,2024,0,0,0,0,0,develop
2,0,pipeline,773731,1,1,0,2024,0,0,0,0,0,develop
2,0,pipeline,773263,1,1,0,2024,0,0,0,0,0,develop
2,0,pipeline,773731,1,1,0,2024,0,0,0,0,0,develop
2,0,pipeline,773263,1,1,0,2024,0,0,0,0,0,develop
2,0,pipeline,773731,1,1,0,2024,0,0,0,0,0,develop
2,0,pipeline,773263,1,1,0,2024,0,0,0,0,0,develop
1,0,pipeline,744449,1,1,0,2024,0,0,0,0,0,develop
1,0,pipeline,562423,1,1,0,2024,0,0,0,0,0,develop
1,0,pipeline,744449,1,1,0,2024,0,0,0,0,0,develop
1,0,pipeline,683978,1,1,0,2024,0,0,0,0,0,develop
1,0,pipeline,744449,1,1,0,2024,0,0,0,0,0,develop
1,0,pipeline,652300,1,1,0,2024,0,0,0,0,0,develop
1,0,pipeline,743565,1,1,0,2024,0,0,0,0,0,develop
1,0,pipeline,744449,1,1,0,2024,0,0,0,0,0,develop
1,0,pipeline,774766,1,1,0,2024,0,0,0,0,0,develop
1,0,pipeline,744449,1,1,0,2024,0,0,0,0,0,develop
1,0,pipeline,562230,1,1,0,2024,0,0,0,0,0,develop
1,0,pipeline,622292,1,1,0,2024,0,0,0,0,0,develop
1,0,pipeline,592612,1,1,0,2024,0,0,0,0,0,develop
1,0,pipeline,623523,1,1,0,2024,0,0,0,0,0,develop
1,0,pipeline,744449,1,1,0,2024,0,0,0,0,0,develop
1,0,pipeline,744449,1,1,0,2024,0,0,0,0,0,develop
1,0,pipeline,744449,1,1,0,2024,0,0,0,0,0,develop
1,0,pipeline,562230,1,1,0,2024,0,0,0,0,0,develop
1,0,pipeline,744449,1,1,0,2024,0,0,0,0,0,develop
1,0,pipeline,622292,1,1,0,2024,0,0,0,0,0,develop
1,0,pipeline,592612,1,1,0,2024,0,0,0,0,0,develop
1,0,pipeline,562230,1,1,0,2024,0,0,0,0,0,develop
1,0,pipeline,562423,1,1,0,2024,0,0,0,0,0,develop
1,0,pipeline,562230,1,1,0,2024,0,0,0,0,0,develop
1,0,pipeline,683978,1,1,0,2024,0,0,0,0,0,develop
1,0,pipeline,744449,1,1,0,2024,0,0,0,0,0,develop
1,0,pipeline,744449,1,1,0,2024,0,0,0,0,0,develop
1,0,pipeline,683989,1,1,0,2024,0,0,0,0,0,develop
1,0,pipeline,744449,1,1,0,2024,0,0,0,0,0,develop
1,0,pipeline,653581,1,1,0,2024,0,0,0,0,0,develop
1,0,pipeline,744449,1,1,0,2024,0,0,0,0,0,develop
1,0,pipeline,744449,1,1,0,2024,0,0,0,0,0,develop
1,0,pipeline,787207,1,1,0,2024,0,0,0,0,0,develop
1,0,pipeline,741252,1,1,0,2024,0,0,0,0,0,develop
1,0,pipeline,622402,1,1,0,2024,0,0,0,0,0,develop
1,0,pipeline,591444,1,1,0,2024,0,0,0,0,0,develop
1,0,pipeline,652334,1,1,0,2024,0,0,0,0,0,develop
1,0,pipeline,652918,1,1,0,2024,0,0,0,0,0,develop
1,0,pipeline,622402,1,1,0,2024,0,0,0,0,0,develop
1,0,pipeline,622402,1,1,0,2024,0,0,0,0,0,develop
1,0,pipeline,652334,1,1,0,2024,0,0,0,0,0,develop
1,0,pipeline,622402,1,1,0,2024,0,0,0,0,0,develop
1,0,pipeline,591444,1,1,0,2024,0,0,0,0,0,develop
1,0,pipeline,712865,1,1,0,2024,0,0,0,0,0,develop
1,0,pipeline,712869,1,1,0,2024,0,0,0,0,0,develop
1,0,pipeline,622402,1,1,0,2024,0,0,0,0,0,develop
1,0,pipeline,743685,1,1,0,2024,0,0,0,0,0,develop
1,0,pipeline,743121,1,1,0,2024,0,0,0,0,0,develop
1,0,pipeline,622402,1,1,0,2024,0,0,0,0,0,develop
1,0,pipeline,622402,1,1,0,2024,0,0,0,0,0,develop
1,0,pipeline,561743,1,1,0,2024,0,0,0,0,0,develop
1,0,pipeline,622402,1,1,0,2024,0,0,0,0,0,develop
1,0,pipeline,743554,1,1,0,2024,0,0,0,0,0,develop
1,0,pipeline,622402,1,1,0,2024,0,0,0,0,0,develop
1,0,pipeline,743685,1,1,0,2024,0,0,0,0,0,develop
1,0,pipeline,559698,1,1,0,2024,0,0,0,0,0,develop
1,0,pipeline,715424,1,1,0,2024,0,0,0,0,0,develop
1,0,pipeline,622402,1,1,0,2024,0,0,0,0,0,develop
1,0,pipeline,622402,1,1,0,2024,0,0,0,0,0,develop
1,0,pipeline,787207,1,1,0,2024,0,0,0,0,0,develop
2,0,pipeline,653992,254,1,0,2024,0,0,0,0,0,develop
2,0,pipeline,621192,45,1,0,2024,0,0,0,0,0,develop
1,0,pipeline,742777,1,1,0,2024,0,0,0,0,0,develop
1,0,pipeline,590846,1,1,0,2024,0,0,0,0,0,develop
1,0,pipeline,621315,1,1,0,2024,0,0,0,0,0,develop
1,0,pipeline,560745,1,1,0,2024,0,0,0,0,0,develop
1,0,pipeline,652582,1,1,0,2024,0,0,0,0,0,develop
1,0,pipeline,712470,1,1,0,2024,0,0,0,0,0,develop
1,0,pipeline,561256,1,1,0,2024,0,0,0,0,0,develop
1,0,pipeline,561256,1,1,0,2024,0,0,0,0,0,develop
1,0,pipeline,591124,1,1,0,2024,0,0,0,0,0,develop
1,0,pipeline,621720,1,1,0,2024,0,0,0,0,0,develop
1,0,pipeline,742777,1,1,0,2024,0,0,0,0,0,develop
1,0,pipeline,561256,1,1,0,2024,0,0,0,0,0,develop
1,0,pipeline,621720,1,1,0,2024,0,0,0,0,0,develop
1,0,pipeline,712470,1,1,0,2024,0,0,0,0,0,develop
1,0,pipeline,561256,1,1,0,2024,0,0,0,0,0,develop
1,0,pipeline,561256,1,1,0,2024,0,0,0,0,0,develop
1,0,pipeline,561256,1,1,0,2024,0,0,0,0,0,develop
1,0,pipeline,561256,1,1,0,2024,0,0,0,0,0,develop
1,0,pipeline,561256,1,1,0,2024,0,0,0,0,0,develop
1,0,pipeline,561256,1,1,0,2024,0,0,0,0,0,develop
1,0,pipeline,653069,1,1,0,2024,0,0,0,0,0,develop
1,0,pipeline,777725,1,1,0,2024,0,0,0,0,0,develop
1,0,pipeline,590846,1,1,0,2024,0,0,0,0,0,develop
1,0,pipeline,561256,1,1,0,2024,0,0,0,0,0,develop
1,0,pipeline,560745,1,1,0,2024,0,0,0,0,0,develop
1,0,pipeline,561256,1,1,0,2024,0,0,0,0,0,develop
1,0,pipeline,742294,1,1,0,2024,0,0,0,0,0,develop
1,0,pipeline,726700,1,1,0,2024,0,0,0,0,0,develop
1,0,pipeline,777604,1,1,0,2024,0,0,0,0,0,develop
1,0,pipeline,772321,1,1,0,2024,0,0,0,0,0,develop
1,0,pipeline,590846,1,1,0,2024,0,0,0,0,0,develop
1,0,pipeline,622769,1,1,0,2024,0,0,0,0,0,develop
1,0,pipeline,712088,1,1,0,2024,0,0,0,0,0,develop
1,0,pipeline,560745,1,1,0,2024,0,0,0,0,0,develop
1,0,pipeline,681564,1,1,0,2024,0,0,0,0,0,develop
1,0,pipeline,561178,1,1,0,2024,0,0,0,0,0,develop
1,0,pipeline,712088,1,1,0,2024,0,0,0,0,0,develop
1,0,pipeline,742539,1,1,0,2024,0,0,0,0,0,develop
1,0,pipeline,561256,1,1,0,2024,0,0,0,0,0,develop
1,0,pipeline,561256,1,1,0,2024,0,0,0,0,0,develop
1,0,pipeline,681699,1,1,0,2024,0,0,0,0,0,develop
1,0,pipeline,590439,1,1,0,2024,0,0,0,0,0,develop
1,0,pipeline,788083,1,1,0,2024,0,0,0,0,0,develop
1,0,pipeline,561256,1,1,0,2024,0,0,0,0,0,develop
1,0,pipeline,561256,1,1,0,2024,0,0,0,0,0,develop
1,0,pipeline,711953,1,1,0,2024,0,0,0,0,0,develop
1,0,pipeline,561256,1,1,0,2024,0,0,0,0,0,develop
1,0,pipeline,651510,1,1,0,2024,0,0,0,0,0,develop
1,0,pipeline,681699,1,1,0,2024,0,0,0,0,0,develop
1,0,pipeline,561256,1,1,0,2024,0,0,0,0,0,develop
1,0,pipeline,742539,1,1,0,2024,0,0,0,0,0,develop
1,0,pipeline,651510,1,1,0,2024,0,0,0,0,0,develop
1,0,pipeline,651905,1,1,0,2024,0,0,0,0,0,develop
1,0,pipeline,561256,1,1,0,2024,0,0,0,0,0,develop
1,0,pipeline,561256,1,1,0,2024,0,0,0,0,0,develop
1,0,pipeline,561256,1,1,0,2024,0,0,0,0,0,develop
2,0,pipeline,560987,1,1,0,2024,0,0,0,0,0,develop
2,0,pipeline,683309,1,1,0,2024,0,0,0,0,0,develop
2,0,pipeline,713189,1,1,0,2024,0,0,0,0,0,develop
2,0,pipeline,780150,1,1,0,2024,0,0,0,0,0,develop
2,0,pipeline,780150,1,1,0,2024,0,0,0,0,0,develop
2,0,pipeline,683309,1,1,0,2024,0,0,0,0,0,develop
2,0,pipeline,622860,1,1,0,2024,0,0,0,0,0,develop
2,0,pipeline,622860,1,1,0,2024,0,0,0,0,0,develop
2,0,pipeline,622860,1,1,0,2024,0,0,0,0,0,develop
2,0,pipeline,622860,1,1,0,2024,0,0,0,0,0,develop
1,0,pipeline,590810,1,1,0,2024,0,0,0,0,0,develop
1,0,pipeline,776899,1,1,0,2024,0,0,0,0,0,develop
1,0,pipeline,770830,1,1,0,2024,0,0,0,0,0,develop
1,0,pipeline,786648,1,1,0,2024,0,0,0,0,0,develop
1,0,pipeline,743232,1,1,0,2024,0,0,0,0,0,develop
1,0,pipeline,560746,1,1,0,2024,0,0,0,0,0,develop
1,0,pipeline,652872,1,1,0,2024,0,0,0,0,0,develop
1,0,pipeline,744174,1,1,0,2024,0,0,0,0,0,develop
1,0,pipeline,682477,1,1,0,2024,0,0,0,0,0,develop
1,0,pipeline,682477,1,1,0,2024,0,0,0,0,0,develop
1,0,pipeline,772844,1,1,0,2024,0,0,0,0,0,develop
1,0,pipeline,784986,1,1,0,2024,0,0,0,0,0,develop
1,0,pipeline,777541,1,1,0,2024,0,0,0,0,0,develop
1,0,pipeline,682123,1,1,0,2024,0,0,0,0,0,develop
1,0,pipeline,772844,1,1,0,2024,0,0,0,0,0,develop
1,0,pipeline,684249,1,1,0,2024,0,0,0,0,0,develop
1,0,pipeline,772844,1,1,0,2024,0,0,0,0,0,develop
1,0,pipeline,684938,1,1,0,2024,0,0,0,0,0,develop
1,0,pipeline,786247,1,1,0,2024,0,0,0,0,0,develop
1,0,pipeline,681541,1,1,0,2024,0,0,0,0,0,develop
1,0,pipeline,684536,1,1,0,2024,0,0,0,0,0,develop
1,0,pipeline,714199,1,1,0,2024,0,0,0,0,0,develop
1,0,pipeline,590478,1,1,0,2024,0,0,0,0,0,develop
1,0,pipeline,712506,1,1,0,2024,0,0,0,0,0,develop
1,0,pipeline,742182,1,1,0,2024,0,0,0,0,0,develop
1,0,pipeline,744174,1,1,0,2024,0,0,0,0,0,develop
1,0,pipeline,560128,1,1,0,2024,0,0,0,0,0,develop
1,0,pipeline,775806,1,1,0,2024,0,0,0,0,0,develop
1,0,pipeline,653349,1,1,0,2024,0,0,0,0,0,develop
1,0,pipeline,744174,1,1,0,2024,0,0,0,0,0,develop
1,0,pipeline,744174,1,1,0,2024,0,0,0,0,0,develop
1,0,pipeline,742182,1,1,0,2024,0,0,0,0,0,develop
1,0,pipeline,744174,1,1,0,2024,0,0,0,0,0,develop
1,0,pipeline,744174,1,1,0,2024,0,0,0,0,0,develop
1,0,pipeline,623201,1,1,0,2024,0,0,0,0,0,develop
1,0,pipeline,772844,1,1,0,2024,0,0,0,0,0,develop
1,0,pipeline,682123,1,1,0,2024,0,0,0,0,0,develop
1,0,pipeline,623152,1,1,0,2024,0,0,0,0,0,develop
2,0,pipeline,652685,1,1,0,2024,0,0,0,0,0,develop
2,0,pipeline,744604,1,1,0,2024,0,0,0,0,0,develop
2,0,pipeline,682528,1,1,0,2024,0,0,0,0,0,develop
2,0,pipeline,714971,1,1,0,2024,0,0,0,0,0,develop
2,0,pipeline,654311,1,1,0,2024,0,0,0,0,0,develop
2,0,pipeline,621733,1,1,0,2024,0,0,0,0,0,develop
2,0,pipeline,652685,1,1,0,2024,0,0,0,0,0,develop
2,0,pipeline,593432,1,1,0,2024,0,0,0,0,0,develop
2,0,pipeline,684639,1,1,0,2024,0,0,0,0,0,develop
2,0,pipeline,621733,1,1,0,2024,0,0,0,0,0,develop
2,0,pipeline,591774,1,1,0,2024,0,0,0,0,0,develop
2,0,pipeline,784636,1,1,0,2024,0,0,0,0,0,develop
2,0,pipeline,653279,1,1,0,2024,0,0,0,0,0,develop
2,0,pipeline,621193,1,1,0,2024,0,0,0,0,0,develop
2,0,pipeline,562583,1,1,0,2024,0,0,0,0,0,develop
2,0,pipeline,590969,1,1,0,2024,0,0,0,0,0,develop
2,0,pipeline,682528,1,1,0,2024,0,0,0,0,0,develop
2,0,pipeline,622538,1,1,0,2024,0,0,0,0,0,develop
2,0,pipeline,621733,1,1,0,2024,0,0,0,0,0,develop
2,0,pipeline,652741,1,1,0,2024,0,0,0,0,0,develop
2,0,pipeline,622538,1,1,0,2024,0,0,0,0,0,develop
2,0,pipeline,683315,1,1,0,2024,0,0,0,0,0,develop
2,0,pipeline,684885,1,1,0,2024,0,0,0,0,0,develop
2,0,pipeline,682860,1,1,0,2024,0,0,0,0,0,develop
2,0,pipeline,652282,1,1,0,2024,0,0,0,0,0,develop
2,0,pipeline,774794,1,1,0,2024,0,0,0,0,0,develop
2,0,pipeline,591774,1,1,0,2024,0,0,0,0,0,develop
2,0,pipeline,593464,1,1,0,2024,0,0,0,0,0,develop
2,0,pipeline,621193,1,1,0,2024,0,0,0,0,0,develop
2,0,pipeline,652249,1,1,0,2024,0,0,0,0,0,develop
2,0,pipeline,591774,1,1,0,2024,0,0,0,0,0,develop
2,0,pipeline,562885,1,1,0,2024,0,0,0,0,0,develop
2,0,pipeline,593432,1,1,0,2024,0,0,0,0,0,develop
2,0,pipeline,743406,1,1,0,2024,0,0,0,0,0,develop
2,0,pipeline,590969,1,1,0,2024,0,0,0,0,0,develop
2,0,pipeline,621193,1,1,0,2024,0,0,0,0,0,develop
2,0,pipeline,652741,1,1,0,2024,0,0,0,0,0,develop
2,0,pipeline,774484,1,1,0,2024,0,0,0,0,0,develop
2,0,pipeline,593146,1,1,0,2024,0,0,0,0,0,develop
2,0,pipeline,590969,1,1,0,2024,0,0,0,0,0,develop
2,0,pipeline,652685,1,1,0,2024,0,0,0,0,0,develop
2,0,pipeline,652685,1,1,0,2024,0,0,0,0,0,develop
2,0,pipeline,714663,1,1,0,2024,0,0,0,0,0,develop
2,0,pipeline,593146,1,1,0,2024,0,0,0,0,0,develop
2,0,pipeline,562713,1,1,0,2024,0,0,0,0,0,develop
2,0,pipeline,621193,1,1,0,2024,0,0,0,0,0,develop
2,0,pipeline,562805,1,1,0,2024,0,0,0,0,0,develop
2,0,pipeline,714020,1,1,0,2024,0,0,0,0,0,develop
2,0,pipeline,590969,1,1,0,2024,0,0,0,0,0,develop
2,0,pipeline,621733,1,1,0,2024,0,0,0,0,0,develop
2,0,pipeline,652685,1,1,0,2024,0,0,0,0,0,develop
2,0,pipeline,714020,1,1,0,2024,0,0,0,0,0,develop
2,0,pipeline,652685,1,1,0,2024,0,0,0,0,0,develop
2,0,pipeline,562886,1,1,0,2024,0,0,0,0,0,develop
2,0,pipeline,784636,1,1,0,2024,0,0,0,0,0,develop
2,0,pipeline,653279,1,1,0,2024,0,0,0,0,0,develop
2,0,pipeline,590969,1,1,0,2024,0,0,0,0,0,develop
2,0,pipeline,652685,1,1,0,2024,0,0,0,0,0,develop
2,0,pipeline,712474,1,1,0,2024,0,0,0,0,0,develop
2,0,pipeline,622538,1,1,0,2024,0,0,0,0,0,develop
2,0,pipeline,774992,1,1,0,2024,0,0,0,0,0,develop
2,0,pipeline,562583,1,1,0,2024,0,0,0,0,0,develop
2,0,pipeline,590969,1,1,0,2024,0,0,0,0,0,develop
2,0,pipeline,591774,1,1,0,2024,0,0,0,0,0,develop
2,0,pipeline,785959,1,1,0,2024,0,0,0,0,0,develop
2,0,pipeline,652685,1,1,0,2024,0,0,0,0,0,develop
2,0,pipeline,652638,1,1,0,2024,0,0,0,0,0,develop
2,0,pipeline,652685,1,1,0,2024,0,0,0,0,0,develop
2,0,pipeline,621733,1,1,0,2024,0,0,0,0,0,develop
2,0,pipeline,743771,1,1,0,2024,0,0,0,0,0,develop
2,0,pipeline,785924,1,1,0,2024,0,0,0,0,0,develop
2,0,pipeline,652741,1,1,0,2024,0,0,0,0,0,develop
2,0,pipeline,684885,1,1,0,2024,0,0,0,0,0,develop
2,0,pipeline,774554,1,1,0,2024,0,0,0,0,0,develop
2,0,pipeline,682528,1,1,0,2024,0,0,0,0,0,develop
2,0,pipeline,590969,1,1,0,2024,0,0,0,0,0,develop
2,0,pipeline,714355,1,1,0,2024,0,0,0,0,0,develop
2,0,pipeline,682528,1,1,0,2024,0,0,0,0,0,develop
2,0,pipeline,621733,1,1,0,2024,0,0,0,0,0,develop
2,0,pipeline,621733,1,1,0,2024,0,0,0,0,0,develop
2,0,pipeline,652741,1,1,0,2024,0,0,0,0,0,develop
2,0,pipeline,712474,1,1,0,2024,0,0,0,0,0,develop
2,0,pipeline,562713,1,1,0,2024,0,0,0,0,0,develop
2,0,pipeline,774484,1,1,0,2024,0,0,0,0,0,develop
2,0,pipeline,652282,1,1,0,2024,0,0,0,0,0,develop
1,0,pipeline,621028,1,1,0,2024,0,0,0,0,0,develop
1,0,pipeline,593142,1,1,0,2024,0,0,0,0,0,develop
1,0,pipeline,593310,1,1,0,2024,0,0,0,0,0,develop
1,0,pipeline,593310,1,1,0,2024,0,0,0,0,0,develop
1,0,pipeline,593310,1,1,0,2024,0,0,0,0,0,develop
1,0,pipeline,593310,1,1,0,2024,0,0,0,0,0,develop
1,0,pipeline,786770,1,1,0,2024,0,0,0,0,0,develop
1,0,pipeline,711517,1,1,0,2024,0,0,0,0,0,develop
1,0,pipeline,623116,1,1,0,2024,0,0,0,0,0,develop
1,0,pipeline,714646,1,1,0,2024,0,0,0,0,0,develop
1,0,pipeline,589780,1,1,0,2024,0,0,0,0,0,develop
1,0,pipeline,788407,1,1,0,2024,0,0,0,0,0,develop
1,0,pipeline,559324,1,1,0,2024,0,0,0,0,0,develop
1,0,pipeline,593310,1,1,0,2024,0,0,0,0,0,develop
1,0,pipeline,788407,1,1,0,2024,0,0,0,0,0,develop
1,0,pipeline,593310,1,1,0,2024,0,0,0,0,0,develop
1,0,pipeline,623116,1,1,0,2024,0,0,0,0,0,develop
2,0,pipeline,777240,21,1,0,2024,0,0,0,0,0,develop
1,0,pipeline,772004,1,1,0,2024,0,0,0,0,0,develop
1,0,pipeline,589583,1,1,0,2024,0,0,0,0,0,develop
1,0,pipeline,772004,1,1,0,2024,0,0,0,0,0,develop
1,0,pipeline,736882,1,1,0,2024,0,0,0,0,0,develop
1,0,pipeline,771728,1,1,0,2024,0,0,0,0,0,develop
1,0,pipeline,742155,1,1,0,2024,0,0,0,0,0,develop
1,0,pipeline,681535,1,1,0,2024,0,0,0,0,0,develop
1,0,pipeline,742155,1,1,0,2024,0,0,0,0,0,develop
1,0,pipeline,682093,1,1,0,2024,0,0,0,0,0,develop
1,0,pipeline,711622,1,1,0,2024,0,0,0,0,0,develop
1,0,pipeline,742532,1,1,0,2024,0,0,0,0,0,develop
1,0,pipeline,619712,1,1,0,2024,0,0,0,0,0,develop
1,0,pipeline,742047,1,1,0,2024,0,0,0,0,0,develop
1,0,pipeline,676501,1,1,0,2024,0,0,0,0,0,develop
1,0,pipeline,582294,1,1,0,2024,0,0,0,0,0,develop
1,0,pipeline,772004,1,1,0,2024,0,0,0,0,0,develop
1,0,pipeline,709944,1,1,0,2024,0,0,0,0,0,develop
1,0,pipeline,742155,1,1,0,2024,0,0,0,0,0,develop
1,0,pipeline,560447,1,1,0,2024,0,0,0,0,0,develop
1,0,pipeline,589940,1,1,0,2024,0,0,0,0,0,develop
1,0,pipeline,742155,1,1,0,2024,0,0,0,0,0,develop
1,0,pipeline,652146,1,1,0,2024,0,0,0,0,0,develop
1,0,pipeline,742155,1,1,0,2024,0,0,0,0,0,develop
1,0,pipeline,711017,1,1,0,2024,0,0,0,0,0,develop
1,0,pipeline,742155,1,1,0,2024,0,0,0,0,0,develop
1,0,pipeline,742155,1,1,0,2024,0,0,0,0,0,develop
1,0,pipeline,801049,1,1,0,2024,0,0,0,0,0,develop
1,0,pipeline,801055,1,1,0,2024,0,0,0,0,0,develop
1,0,pipeline,801055,1,1,0,2024,0,0,0,0,0,develop
1,0,pipeline,801055,1,1,0,2024,0,0,0,0,0,develop
1,0,pipeline,801055,1,1,0,2024,0,0,0,0,0,develop
1,0,pipeline,623529,1,1,0,2024,0,0,0,0,0,develop
1,0,pipeline,623584,1,1,0,2024,0,0,0,0,0,develop
1,0,pipeline,801049,1,1,0,2024,0,0,0,0,0,develop
1,0,pipeline,801055,1,1,0,2024,0,0,0,0,0,develop
1,0,pipeline,623529,1,1,0,2024,0,0,0,0,0,develop
1,0,pipeline,801055,1,1,0,2024,0,0,0,0,0,develop
1,0,pipeline,623529,1,1,0,2024,0,0,0,0,0,develop
1,0,pipeline,801055,1,1,0,2024,0,0,0,0,0,develop
1,0,pipeline,801055,1,1,0,2024,0,0,0,0,0,develop
1,0,pipeline,801055,1,1,0,2024,0,0,0,0,0,develop
1,0,pipeline,623339,1,1,0,2024,0,0,0,0,0,develop
1,0,pipeline,623339,1,1,0,2024,0,0,0,0,0,develop
1,0,pipeline,801055,1,1,0,2024,0,0,0,0,0,develop
2,0,pipeline,591331,1,1,0,2024,0,0,0,0,0,develop
2,0,pipeline,774184,1,1,0,2024,0,0,0,0,0,develop
2,0,pipeline,714699,1,1,0,2024,0,0,0,0,0,develop
2,0,pipeline,711903,1,1,0,2024,0,0,0,0,0,develop
2,0,pipeline,623255,1,1,0,2024,0,0,0,0,0,develop
2,0,pipeline,562749,1,1,0,2024,0,0,0,0,0,develop
2,0,pipeline,623255,1,1,0,2024,0,0,0,0,0,develop
2,0,pipeline,774345,1,1,0,2024,0,0,0,0,0,develop
2,0,pipeline,714699,1,1,0,2024,0,0,0,0,0,develop
2,0,pipeline,712468,1,1,0,2024,0,0,0,0,0,develop
2,0,pipeline,562749,1,1,0,2024,0,0,0,0,0,develop
2,0,pipeline,593337,1,1,0,2024,0,0,0,0,0,develop
2,0,pipeline,714196,1,1,0,2024,0,0,0,0,0,develop
2,0,pipeline,562749,1,1,0,2024,0,0,0,0,0,develop
2,0,pipeline,653326,1,1,0,2024,0,0,0,0,0,develop
2,0,pipeline,774345,1,1,0,2024,0,0,0,0,0,develop
2,0,pipeline,712468,1,1,0,2024,0,0,0,0,0,develop
2,0,pipeline,714196,1,1,0,2024,0,0,0,0,0,develop
2,0,pipeline,562749,1,1,0,2024,0,0,0,0,0,develop
2,0,pipeline,651660,1,1,0,2024,0,0,0,0,0,develop
1,0,pipeline,592853,1,1,0,2024,0,0,0,0,0,develop
1,0,pipeline,783759,1,1,0,2024,0,0,0,0,0,develop
1,0,pipeline,773911,1,1,0,2024,0,0,0,0,0,develop
1,0,pipeline,784565,1,1,0,2024,0,0,0,0,0,develop
1,0,pipeline,773911,1,1,0,2024,0,0,0,0,0,develop
1,0,pipeline,784565,1,1,0,2024,0,0,0,0,0,develop
1,0,pipeline,714545,1,1,0,2024,0,0,0,0,0,develop
1,0,pipeline,715027,1,1,0,2024,0,0,0,0,0,develop
1,0,pipeline,782761,1,1,0,2024,0,0,0,0,0,develop
1,0,pipeline,787054,1,1,0,2024,0,0,0,0,0,develop
1,0,pipeline,714545,1,1,0,2024,0,0,0,0,0,develop
1,0,pipeline,783759,1,1,0,2024,0,0,0,0,0,develop
1,0,pipeline,562632,1,1,0,2024,0,0,0,0,0,develop
1,0,pipeline,715027,1,1,0,2024,0,0,0,0,0,develop
1,0,pipeline,774871,1,1,0,2024,0,0,0,0,0,develop
1,0,pipeline,742067,1,1,0,2024,0,0,0,0,0,develop
1,0,pipeline,772532,1,1,0,2024,0,0,0,0,0,develop
1,0,pipeline,591263,1,1,0,2024,0,0,0,0,0,develop
1,0,pipeline,772553,1,1,0,2024,0,0,0,0,0,develop
1,0,pipeline,772279,1,1,0,2024,0,0,0,0,0,develop
1,0,pipeline,651778,1,1,0,2024,0,0,0,0,0,develop
1,0,pipeline,621175,1,1,0,2024,0,0,0,0,0,develop
1,0,pipeline,651778,1,1,0,2024,0,0,0,0,0,develop
1,0,pipeline,742286,1,1,0,2024,0,0,0,0,0,develop
1,0,pipeline,681644,1,1,0,2024,0,0,0,0,0,develop
1,0,pipeline,742875,1,1,0,2024,0,0,0,0,0,develop
1,0,pipeline,651778,1,1,0,2024,0,0,0,0,0,develop
1,0,pipeline,742169,1,1,0,2024,0,0,0,0,0,develop
1,0,pipeline,742169,1,1,0,2024,0,0,0,0,0,develop
1,0,pipeline,742017,1,1,0,2024,0,0,0,0,0,develop
1,0,pipeline,742286,1,1,0,2024,0,0,0,0,0,develop
1,0,pipeline,621578,1,1,0,2024,0,0,0,0,0,develop
1,0,pipeline,742286,1,1,0,2024,0,0,0,0,0,develop
1,0,pipeline,712700,1,1,0,2024,0,0,0,0,0,develop
2,0,pipeline,542275,72,1,0,2024,0,0,0,0,72000,develop
2,0,pipeline,622614,78,1,0,2024,0,0,0,0,0,develop
2,0,pipeline,774757,70,1,0,2024,0,0,0,0,0,develop
2,0,pipeline,744477,51,1,0,2024,0,0,0,0,0,develop
1,0,pipeline,780237,32,1,0,2024,0,0,0,0,0,develop
2,0,pipeline,714150,44,1,0,2024,0,0,0,0,0,develop
1,0,pipeline,554725,14,1,0,2024,0,0,0,0,0,develop
1,0,pipeline,645976,12,1,0,2024,0,0,0,0,0,develop
2,0,pipeline,779088,84,1,0,2024,0,0,0,0,0,develop
2,0,pipeline,779074,78,1,0,2024,0,0,0,0,0,develop
1,0,pipeline,560264,20,1,0,2024,0,0,0,0,0,develop
1,0,pipeline,646376,15,1,0,2024,0,0,0,0,0,develop
8,152478,pipeline,591344,0,1,0,2024,0,0,0,508,152478,develop
8,152478,pipeline,708208,0,1,0,2024,0,0,0,508,152478,develop
8,152478,pipeline,591344,0,1,0,2024,0,0,0,508,152478,develop
2,0,pipeline,34476,100,3,0,2025,0,0,0,0,160000,develop
2,0,pipeline,56475,263,6,0,2025,0,0,0,0,315600,develop
2,0,pipeline,56474,329,6,0,2025,0,0,0,0,400000,develop
2,0,pipeline,26790,60,1,0,2025,0,0,0,0,50000,develop
2,0,pipeline,26790,67,1,0,2025,0,0,0,0,50000,develop
7,0,pipeline,478792,41,1,0,2025,0,0,0,2,381,develop
5,0,pipeline,68642,0,1,0,2025,0,0,0,56,13960,develop
5,0,pipeline,68652,0,1,0,2025,0,0,0,7,4666,develop
5,0,pipeline,28423,0,1,0,2025,0,0,0,4,1798,develop
5,0,pipeline,28423,0,1,0,2025,0,0,0,5,1922,develop
5,0,pipeline,28423,0,1,0,2025,0,0,0,3,1118,develop
5,0,pipeline,28423,0,1,0,2025,0,0,0,6,2399,develop
7,0,pipeline,58533,49,1,0,2025,0,0,0,2,458,develop
7,0,pipeline,68842,6,1,0,2025,0,0,0,91,36254,develop
5,0,pipeline,68835,0,1,0,2025,0,0,0,2,993,develop
5,0,pipeline,49029,0,1,0,2025,0,0,0,3,1141,develop
5,0,pipeline,55653,0,1,0,2025,0,0,0,2,933,develop
2,0,pipeline,54816,353,1,0,2025,0,0,0,0,0,develop
5,0,pipeline,68650,0,1,0,2025,0,0,0,2,469,develop
7,0,pipeline,49031,4,1,0,2025,0,0,0,4,1591,develop
2,0,pipeline,58533,9,1,0,2025,0,0,0,0,85,develop
5,0,pipeline,28426,0,1,0,2025,0,0,0,1,589,develop
7,0,pipeline,58251,24,1,0,2025,0,0,0,1,224,develop
7,0,pipeline,476222,14,1,0,2025,0,0,0,1,135,develop
7,0,pipeline,490625,22,1,0,2025,0,0,0,1,204,develop
7,0,pipeline,58533,21,1,0,2025,0,0,0,1,193,develop
7,0,pipeline,28484,18,1,0,2025,0,0,0,1,168,develop
7,0,pipeline,54816,37,1,0,2025,0,0,0,27,10822,develop
7,0,pipeline,54816,20,1,0,2025,0,0,0,15,5960,develop
7,0,pipeline,54816,20,1,0,2025,0,0,0,15,5949,develop
7,0,pipeline,58605,10,1,0,2025,0,0,0,125,35083,develop
7,0,pipeline,58606,8,1,0,2025,0,0,0,97,27150,develop
7,0,pipeline,58606,11,1,0,2025,0,0,0,140,39229,develop
2,0,pipeline,58659,53,1,0,2025,0,0,0,0,0,develop
7,0,pipeline,58746,28,1,0,2025,0,0,0,20,8153,develop
7,0,pipeline,58746,23,1,0,2025,0,0,0,17,6926,develop
7,0,pipeline,58746,15,1,0,2025,0,0,0,11,4345,develop
7,0,pipeline,58605,13,1,0,2025,0,0,0,165,46443,develop
7,0,pipeline,58818,8,1,0,2025,0,0,0,100,27879,develop
7,0,pipeline,58746,15,1,0,2025,0,0,0,11,4345,develop
7,0,pipeline,58606,13,1,0,2025,0,0,0,164,45951,develop
7,0,pipeline,58818,8,1,0,2025,0,0,0,98,27582,develop
2,0,pipeline,476848,209,1,0,2025,0,0,0,0,0,develop
7,0,pipeline,59641,14,1,0,2025,0,0,0,14,5741,develop
2,0,pipeline,58937,11,1,0,2025,0,0,0,0,0,develop
7,0,pipeline,68842,2,1,0,2025,0,0,0,36,14579,develop
5,0,pipeline,68648,0,1,0,2025,0,0,0,5,3928,develop
2,0,pipeline,140156,4,1,0,2025,0,0,0,0,36,develop
7,0,pipeline,144410,3,1,0,2025,0,0,0,40,11408,develop
7,0,pipeline,113862,7,1,0,2025,0,0,0,85,23910,develop
7,0,pipeline,105794,3,1,0,2025,0,0,0,38,10726,develop
7,0,pipeline,154851,7,1,0,2025,0,0,0,5,1987,develop
7,0,pipeline,199421,7,1,0,2025,0,0,0,85,23861,develop
7,0,pipeline,282606,29,1,0,2025,0,0,0,21,8545,develop
7,0,pipeline,478792,58,1,0,2025,0,0,0,2,547,develop
7,0,pipeline,478792,58,1,0,2025,0,0,0,2,547,develop
7,0,pipeline,478792,58,1,0,2025,0,0,0,2,547,develop
5,0,pipeline,68644,0,1,0,2025,0,0,0,34,24730,develop
5,0,pipeline,68645,0,1,0,2025,0,0,0,34,24730,develop
5,0,pipeline,68645,0,1,0,2025,0,0,0,34,24730,develop
5,0,pipeline,68647,0,1,0,2025,0,0,0,34,24730,develop
5,0,pipeline,68645,0,1,0,2025,0,0,0,34,24730,develop
5,0,pipeline,68647,0,1,0,2025,0,0,0,34,24730,develop
5,0,pipeline,68645,0,1,0,2025,0,0,0,34,24730,develop
5,0,pipeline,66156,0,1,0,2025,0,0,0,43,10833,develop
5,0,pipeline,68650,0,1,0,2025,0,0,0,43,10833,develop
5,0,pipeline,68647,0,1,0,2025,0,0,0,43,10833,develop
5,0,pipeline,68648,0,1,0,2025,0,0,0,34,24730,develop
5,0,pipeline,68642,0,1,0,2025,0,0,0,43,10833,develop
5,0,pipeline,68671,0,1,0,2025,0,0,0,360,95116,develop
5,0,pipeline,68673,0,1,0,2025,0,0,0,360,95116,develop
5,0,pipeline,68671,0,1,0,2025,0,0,0,152,60884,develop
5,0,pipeline,68673,0,1,0,2025,0,0,0,152,60884,develop
2,0,pipeline,58659,92,1,0,2025,0,0,0,0,0,develop
2,0,pipeline,68835,30,1,0,2025,0,0,0,0,0,develop
2,0,pipeline,68836,29,1,0,2025,0,0,0,0,0,develop
7,0,pipeline,68836,73,1,0,2025,0,0,0,77,30521,develop
2,0,pipeline,1660,87,1,0,2025,0,0,0,0,0,develop
2,0,pipeline,1660,88,1,0,2025,0,0,0,0,0,develop
7,0,pipeline,68840,13,1,0,2025,0,0,0,214,85667,develop
2,0,pipeline,58937,37,1,0,2025,0,0,0,0,0,develop
5,0,pipeline,69057,0,1,0,2025,0,0,0,108,77392,develop
5,0,pipeline,68642,0,1,0,2025,0,0,0,108,77393,develop
1,0,pipeline,66672,108,2,0,2025,0,0,0,0,236500,develop
2,0,pipeline,66672,253,5,0,2025,0,0,0,0,303000,develop
4,0,pipeline,66672,0,1,0,2025,0,0,0,100,37500,develop
5,0,pipeline,66672,0,1,0,2025,0,0,0,252,159750,develop
0,0,pipeline,28434,0,0,0,2025,0,0,0,0,0,demolition
6,0,pipeline,475333,0,0,0,2025,0,0,0,250,505879,develop
6,50000,pipeline,5911,0,0,0,2025,0,0,0,30,50002,develop
2,0,pipeline,2191,370,1,0,2025,0,0,0,0,592000,develop
4,10800,pipeline,69258,0,1,0,2025,0,0,0,27,10800,develop
4,10800,pipeline,69258,0,1,0,2025,0,0,0,27,10800,develop
5,150000,pipeline,69258,0,1,0,2025,0,0,0,500,150000,develop
5,150000,pipeline,69258,0,1,0,2025,0,0,0,500,150000,develop
2,0,pipeline,491036,27,2,0,2025,0,0,0,0,43200,develop
5,75333,pipeline,48393,0,1,0,2025,0,0,0,100,75333,develop
2,0,pipeline,28480,100,1,0,2025,0,0,0,0,100000,develop
4,5000,pipeline,48393,0,1,0,2025,0,0,0,14,5000,develop
5,153000,pipeline,785582,0,1,0,2025,0,0,0,242,153000,develop
2,0,pipeline,785582,85,1,0,2025,0,0,0,0,187000,develop
5,0,pipeline,492239,0,1,0,2026,0,0,0,197,55041,redevelop
5,0,pipeline,492239,0,1,0,2026,0,0,0,195,54545,redevelop
5,0,pipeline,492239,0,1,0,2026,0,0,0,161,45124,redevelop
1,0,pipeline,66672,108,2,0,2026,0,0,0,0,236500,develop
2,0,pipeline,66672,253,5,0,2026,0,0,0,0,303000,develop
4,0,pipeline,66672,0,1,0,2026,0,0,0,100,37500,develop
5,0,pipeline,66672,0,1,0,2026,0,0,0,252,159750,develop
2,0,pipeline,2191,370,1,0,2026,0,0,0,0,592000,develop
4,10800,pipeline,69258,0,1,0,2026,0,0,0,27,10800,develop
4,10800,pipeline,69258,0,1,0,2026,0,0,0,27,10800,develop
5,150000,pipeline,69258,0,1,0,2026,0,0,0,500,150000,develop
5,150000,pipeline,69258,0,1,0,2026,0,0,0,500,150000,develop
2,0,pipeline,491036,27,2,0,2026,0,0,0,0,43200,develop
2,0,pipeline,491036,150,6,0,2026,0,0,0,0,150000,develop
5,40000,pipeline,491036,0,0,0,2026,0,0,0,63,40000,develop
4,80000,pipeline,491036,0,0,0,2026,0,0,0,213,80000,develop
8,30000,pipeline,491036,0,0,0,2026,0,0,0,100,30000,develop
5,107500,pipeline,28480,0,1,0,2026,0,0,0,143,107500,develop
4,69000,pipeline,48393,0,1,0,2026,0,0,0,184,69000,develop
5,587000,pipeline,364474,0,1,0,2027,0,0,0,2250,587000,develop
1,0,pipeline,66672,108,2,0,2027,0,0,0,0,236500,develop
2,0,pipeline,66672,253,5,0,2027,0,0,0,0,303000,develop
4,0,pipeline,66672,0,1,0,2027,0,0,0,100,37500,develop
5,0,pipeline,66672,0,1,0,2027,0,0,0,252,159750,develop
6,50000,pipeline,302056,0,0,0,2027,0,0,0,30,50003,develop
2,0,pipeline,2191,370,1,0,2027,0,0,0,0,592000,develop
4,10800,pipeline,69258,0,1,0,2027,0,0,0,27,10800,develop
4,10800,pipeline,69258,0,1,0,2027,0,0,0,27,10800,develop
5,150000,pipeline,69258,0,1,0,2027,0,0,0,500,150000,develop
5,150000,pipeline,69258,0,1,0,2027,0,0,0,500,150000,develop
5,107500,pipeline,48393,0,1,0,2027,0,0,0,143,107500,develop
2,0,pipeline,28481,150,1,0,2027,0,0,0,0,150000,develop
4,69000,pipeline,48390,0,1,0,2027,0,0,0,184,69000,develop
8,30000,pipeline,736754,0,1,0,2027,0,0,0,60,30000,redevelop
6,140000,pipeline,503900,0,1,0,2027,0,0,0,400,140000,develop
5,0,pipeline,492239,0,1,0,2028,0,0,0,156,43636,redevelop
5,0,pipeline,20162,0,1,0,2028,0,0,0,439,122975,redevelop
1,0,pipeline,65803,114,2,0,2028,0,0,0,0,250800,develop
2,0,pipeline,65803,266,5,0,2028,0,0,0,0,319200,develop
4,0,pipeline,65803,0,1,0,2028,0,0,0,91,34000,develop
5,0,pipeline,65803,0,1,0,2028,0,0,0,221,139600,develop
6,148250,pipeline,55337,0,1,0,2028,0,0,0,99,148250,develop
2,0,pipeline,2191,370,1,0,2028,0,0,0,0,592000,develop
4,5000,pipeline,2191,0,1,0,2028,0,0,0,27,5000,develop
4,10800,pipeline,69258,0,1,0,2028,0,0,0,27,10800,develop
5,150000,pipeline,69258,0,1,0,2028,0,0,0,500,150000,develop
5,150000,pipeline,69258,0,1,0,2028,0,0,0,500,150000,develop
2,0,pipeline,491036,25,2,0,2028,0,0,0,0,40000,develop
2,0,pipeline,491036,125,6,0,2028,0,0,0,0,125000,develop
5,40000,pipeline,491036,0,0,0,2028,0,0,0,63,40000,develop
4,80000,pipeline,491036,0,0,0,2028,0,0,0,213,80000,develop
8,30000,pipeline,491036,0,0,0,2028,0,0,0,100,30000,develop
5,107500,pipeline,48393,0,1,0,2028,0,0,0,143,107500,develop
2,0,pipeline,28480,150,1,0,2028,0,0,0,0,150000,develop
4,69000,pipeline,28481,0,1,0,2028,0,0,0,184,69000,develop
1,0,pipeline,65803,114,2,0,2029,0,0,0,0,250800,develop
2,0,pipeline,65803,266,5,0,2029,0,0,0,0,319200,develop
4,0,pipeline,65803,0,1,0,2029,0,0,0,91,34000,develop
5,0,pipeline,65803,0,1,0,2029,0,0,0,221,139600,develop
2,0,pipeline,2191,370,1,0,2029,0,0,0,0,592000,develop
4,10800,pipeline,69258,0,1,0,2029,0,0,0,27,10800,develop
4,10800,pipeline,69258,0,1,0,2029,0,0,0,27,10800,develop
5,150000,pipeline,69258,0,1,0,2029,0,0,0,500,150000,develop
5,150000,pipeline,69258,0,1,0,2029,0,0,0,500,150000,develop
5,107500,pipeline,48393,0,1,0,2029,0,0,0,143,107500,develop
2,0,pipeline,48393,150,1,0,2029,0,0,0,0,150000,develop
4,69000,pipeline,28480,0,1,0,2029,0,0,0,184,69000,develop
6,150000,pipeline,583180,0,1,0,2029,0,0,0,300,150000,develop
6,40000,pipeline,493110,0,1,0,2029,0,0,0,40,40000,develop
6,40000,pipeline,515723,0,1,0,2029,0,0,0,40,40000,develop
6,40000,pipeline,528158,0,1,0,2029,0,0,0,40,40000,develop
6,40000,pipeline,791675,0,1,0,2029,0,0,0,40,40000,develop
6,72000,pipeline,503897,0,1,0,2029,0,0,0,100,72000,develop
7,0,pipeline,478792,17,1,0,2030,0,0,0,31,7850,develop
3,0,pipeline,68642,0,1,0,2030,0,0,0,37,36829,develop
7,0,pipeline,68652,4,1,0,2030,0,0,0,4,3620,develop
5,0,pipeline,68670,0,1,0,2030,0,0,0,18,4440,develop
7,0,pipeline,68677,4,1,0,2030,0,0,0,1,545,develop
5,0,pipeline,28423,0,1,0,2030,0,0,0,54,13536,develop
5,0,pipeline,28423,0,1,0,2030,0,0,0,58,14471,develop
5,0,pipeline,28423,0,1,0,2030,0,0,0,34,8416,develop
5,0,pipeline,28423,0,1,0,2030,0,0,0,72,18065,develop
7,0,pipeline,58533,20,1,0,2030,0,0,0,38,9431,develop
5,0,pipeline,68842,0,1,0,2030,0,0,0,57,22586,develop
2,0,pipeline,54888,500,1,0,2030,0,0,0,0,0,develop
7,0,pipeline,489198,10,1,0,2030,0,0,0,25,10121,develop
5,0,pipeline,68835,0,1,0,2030,0,0,0,30,7478,develop
5,0,pipeline,49029,0,1,0,2030,0,0,0,34,8589,develop
5,0,pipeline,55653,0,1,0,2030,0,0,0,28,7028,develop
5,0,pipeline,54816,0,1,0,2030,0,0,0,145,42761,develop
3,0,pipeline,68650,0,1,0,2030,0,0,0,1,1238,develop
5,0,pipeline,49031,0,1,0,2030,0,0,0,18,4612,develop
7,0,pipeline,489198,2,1,0,2030,0,0,0,4,1530,develop
7,0,pipeline,58533,4,1,0,2030,0,0,0,7,1740,develop
5,0,pipeline,28426,0,1,0,2030,0,0,0,18,4434,develop
7,0,pipeline,58251,10,1,0,2030,0,0,0,18,4607,develop
7,0,pipeline,476222,6,1,0,2030,0,0,0,11,2785,develop
7,0,pipeline,490625,9,1,0,2030,0,0,0,17,4205,develop
7,0,pipeline,58533,9,1,0,2030,0,0,0,16,3982,develop
7,0,pipeline,28484,8,1,0,2030,0,0,0,14,3468,develop
5,0,pipeline,54816,0,1,0,2030,0,0,0,115,28819,develop
5,0,pipeline,54816,0,1,0,2030,0,0,0,63,15872,develop
5,0,pipeline,54816,0,1,0,2030,0,0,0,63,15843,develop
5,0,pipeline,58605,0,1,0,2030,0,0,0,11,2849,develop
5,0,pipeline,58606,0,1,0,2030,0,0,0,9,2205,develop
5,0,pipeline,58606,0,1,0,2030,0,0,0,13,3185,develop
5,0,pipeline,58659,0,1,0,2030,0,0,0,7,2629,develop
5,0,pipeline,58746,0,1,0,2030,0,0,0,87,21711,develop
5,0,pipeline,58746,0,1,0,2030,0,0,0,74,18444,develop
5,0,pipeline,58746,0,1,0,2030,0,0,0,46,11570,develop
5,0,pipeline,58605,0,1,0,2030,0,0,0,15,3771,develop
5,0,pipeline,58818,0,1,0,2030,0,0,0,9,2264,develop
5,0,pipeline,58746,0,1,0,2030,0,0,0,46,11569,develop
5,0,pipeline,58606,0,1,0,2030,0,0,0,15,3731,develop
5,0,pipeline,58818,0,1,0,2030,0,0,0,9,2240,develop
5,0,pipeline,476848,0,1,0,2030,0,0,0,26,10340,develop
5,0,pipeline,59641,0,1,0,2030,0,0,0,66,16643,develop
7,0,pipeline,58937,15,1,0,2030,0,0,0,20,7772,develop
5,0,pipeline,68842,0,1,0,2030,0,0,0,23,9083,develop
7,0,pipeline,68648,3,1,0,2030,0,0,0,3,3047,develop
7,0,pipeline,140156,2,1,0,2030,0,0,0,3,749,develop
5,0,pipeline,144410,0,1,0,2030,0,0,0,4,926,develop
5,0,pipeline,113862,0,1,0,2030,0,0,0,8,1942,develop
5,0,pipeline,105794,0,1,0,2030,0,0,0,3,871,develop
5,0,pipeline,154851,0,1,0,2030,0,0,0,21,5291,develop
5,0,pipeline,199421,0,1,0,2030,0,0,0,8,1938,develop
5,0,pipeline,282606,0,1,0,2030,0,0,0,91,22754,develop
7,0,pipeline,66294,45,1,0,2030,0,0,0,317,79142,develop
7,0,pipeline,66294,45,1,0,2030,0,0,0,317,79142,develop
7,0,pipeline,1850,45,1,0,2030,0,0,0,317,79142,develop
2,0,pipeline,66840,250,1,0,2030,0,0,0,0,0,develop
2,0,pipeline,66840,250,1,0,2030,0,0,0,0,0,develop
2,0,pipeline,66840,250,1,0,2030,0,0,0,0,0,develop
2,0,pipeline,66840,250,1,0,2030,0,0,0,0,0,develop
7,0,pipeline,478792,24,1,0,2030,0,0,0,45,11252,develop
7,0,pipeline,478792,24,1,0,2030,0,0,0,45,11252,develop
7,0,pipeline,478792,24,1,0,2030,0,0,0,45,11252,develop
7,0,pipeline,68644,20,1,0,2030,0,0,0,19,19182,develop
7,0,pipeline,68645,20,1,0,2030,0,0,0,19,19182,develop
7,0,pipeline,68645,20,1,0,2030,0,0,0,19,19182,develop
7,0,pipeline,68647,20,1,0,2030,0,0,0,19,19182,develop
7,0,pipeline,68645,20,1,0,2030,0,0,0,19,19182,develop
7,0,pipeline,68647,20,1,0,2030,0,0,0,19,19182,develop
7,0,pipeline,68645,20,1,0,2030,0,0,0,19,19182,develop
3,0,pipeline,66156,0,1,0,2030,0,0,0,29,28578,develop
3,0,pipeline,68650,0,1,0,2030,0,0,0,29,28578,develop
3,0,pipeline,68647,0,1,0,2030,0,0,0,29,28578,develop
7,0,pipeline,68648,20,1,0,2030,0,0,0,19,19182,develop
3,0,pipeline,68642,0,1,0,2030,0,0,0,29,28578,develop
5,0,pipeline,68667,0,1,0,2030,0,0,0,93,23160,develop
5,0,pipeline,68667,0,1,0,2030,0,0,0,93,23160,develop
5,0,pipeline,68667,0,1,0,2030,0,0,0,93,23160,develop
5,0,pipeline,68667,0,1,0,2030,0,0,0,93,23160,develop
5,0,pipeline,68667,0,1,0,2030,0,0,0,84,21000,develop
5,0,pipeline,68671,0,1,0,2030,0,0,0,208,83218,develop
5,0,pipeline,68673,0,1,0,2030,0,0,0,208,83218,develop
2,0,pipeline,68675,63,1,0,2030,0,0,0,0,0,develop
2,0,pipeline,68675,63,1,0,2030,0,0,0,0,0,develop
7,0,pipeline,68677,20,1,0,2030,0,0,0,7,2898,develop
7,0,pipeline,68677,20,1,0,2030,0,0,0,7,2898,develop
7,0,pipeline,68680,20,1,0,2030,0,0,0,7,2898,develop
5,0,pipeline,58659,0,1,0,2030,0,0,0,11,4557,develop
5,0,pipeline,68835,0,1,0,2030,0,0,0,688,191565,develop
5,0,pipeline,68836,0,1,0,2030,0,0,0,687,191564,develop
5,0,pipeline,68836,0,1,0,2030,0,0,0,351,88486,develop
5,0,pipeline,1660,0,1,0,2030,0,0,0,97,38912,develop
5,0,pipeline,1660,0,1,0,2030,0,0,0,98,38913,develop
7,0,pipeline,489198,20,1,0,2030,0,0,0,49,19748,develop
5,0,pipeline,68840,0,1,0,2030,0,0,0,134,53370,develop
7,0,pipeline,58937,53,1,0,2030,0,0,0,66,26491,develop
7,0,pipeline,69057,50,1,0,2030,0,0,0,61,24667,develop
7,0,pipeline,68642,50,1,0,2030,0,0,0,62,24668,develop
5,0,pipeline,20162,0,1,0,2030,0,0,0,352,98678,redevelop
5,0,pipeline,65761,0,1,0,2030,0,0,0,810,58317,redevelop
5,0,pipeline,49316,0,1,0,2030,0,0,0,810,1386270,redevelop
1,0,pipeline,65803,114,2,0,2030,0,0,0,0,250800,develop
2,0,pipeline,65803,266,5,0,2030,0,0,0,0,319200,develop
4,0,pipeline,65803,0,1,0,2030,0,0,0,91,34000,develop
5,0,pipeline,65803,0,1,0,2030,0,0,0,221,139600,develop
2,0,pipeline,2191,370,1,0,2030,0,0,0,0,592000,develop
4,5000,pipeline,2191,0,1,0,2030,0,0,0,27,5000,develop
4,10800,pipeline,69258,0,1,0,2030,0,0,0,27,10800,develop
5,150000,pipeline,69258,0,1,0,2030,0,0,0,500,150000,develop
5,150000,pipeline,69258,0,1,0,2030,0,0,0,500,150000,develop
2,0,pipeline,491036,125,6,0,2030,0,0,0,0,125000,develop
5,40000,pipeline,491036,0,0,0,2030,0,0,0,63,40000,develop
4,80000,pipeline,491036,0,0,0,2030,0,0,0,213,80000,develop
8,30000,pipeline,491036,0,0,0,2030,0,0,0,100,30000,develop
5,107500,pipeline,48390,0,1,0,2030,0,0,0,143,107500,develop
2,0,pipeline,48393,150,1,0,2030,0,0,0,0,150000,develop
4,69000,pipeline,48393,0,1,0,2030,0,0,0,184,69000,develop
6,40000,pipeline,529980,0,1,0,2030,0,0,0,40,40000,develop
6,40000,pipeline,529981,0,1,0,2030,0,0,0,40,40000,develop
6,40000,pipeline,493496,0,1,0,2030,0,0,0,40,40000,develop
6,40000,pipeline,493495,0,1,0,2030,0,0,0,40,40000,develop
3,1000,pipeline,528530,0,1,0,2030,0,0,0,2,1000,develop
6,100000,pipeline,503900,0,1,0,2030,0,0,0,286,100000,develop
8,200000,pipeline,503901,0,1,0,2030,0,0,0,50,200000,develop
1,0,pipeline,65803,114,2,0,2031,0,0,0,0,250800,develop
2,0,pipeline,65803,266,5,0,2031,0,0,0,0,319200,develop
4,0,pipeline,65803,0,1,0,2031,0,0,0,91,34000,develop
5,0,pipeline,65803,0,1,0,2031,0,0,0,221,139600,develop
2,0,pipeline,2191,370,1,0,2031,0,0,0,0,592000,develop
4,10800,pipeline,69258,0,1,0,2031,0,0,0,27,10800,develop
4,10800,pipeline,69258,0,1,0,2031,0,0,0,27,10800,develop
5,150000,pipeline,69258,0,1,0,2031,0,0,0,500,150000,develop
5,150000,pipeline,69258,0,1,0,2031,0,0,0,500,150000,develop
2,0,pipeline,721979,400,1,0,2031,0,0,0,0,400000,redevelop
3,800000,pipeline,568706,0,1,0,2031,0,0,0,802,800000,redevelop
5,0,pipeline,492239,0,1,0,2032,0,0,0,514,143831,redevelop
1,0,pipeline,65803,114,2,0,2032,0,0,0,0,250800,develop
2,0,pipeline,65803,266,5,0,2032,0,0,0,0,319200,develop
4,0,pipeline,65803,0,1,0,2032,0,0,0,91,34000,develop
5,0,pipeline,65803,0,1,0,2032,0,0,0,221,139600,develop
2,0,pipeline,2191,370,1,0,2032,0,0,0,0,592000,develop
4,10800,pipeline,69258,0,1,0,2032,0,0,0,27,10800,develop
4,10800,pipeline,69258,0,1,0,2032,0,0,0,27,10800,develop
5,150000,pipeline,69258,0,1,0,2032,0,0,0,500,150000,develop
5,150000,pipeline,69258,0,1,0,2032,0,0,0,500,150000,develop
5,40000,pipeline,491036,0,0,0,2032,0,0,0,63,40000,develop
4,80000,pipeline,491036,0,0,0,2032,0,0,0,213,80000,develop
8,30000,pipeline,491036,0,0,0,2032,0,0,0,100,30000,develop
5,200000,pipeline,28480,0,1,0,2032,0,0,0,267,200000,develop
2,0,pipeline,721979,400,1,0,2032,0,0,0,0,400000,develop
4,12000,pipeline,48387,0,1,0,2032,0,0,0,32,69000,develop
6,66000,pipeline,736754,0,1,0,2032,0,0,0,190,66000,redevelop
6,40000,pipeline,528780,0,1,0,2032,0,0,0,40,40000,develop
6,40000,pipeline,797735,0,1,0,2032,0,0,0,40,40000,develop
3,40000,pipeline,503897,0,1,0,2032,0,0,0,6,40000,develop
6,280000,pipeline,500072,0,1,0,2032,0,0,0,280,280000,develop
1,0,pipeline,3108,108,2,0,2033,0,0,0,0,237600,develop
2,0,pipeline,3108,250,5,0,2033,0,0,0,0,300000,develop
4,0,pipeline,3108,0,1,0,2033,0,0,0,32,11800,develop
5,0,pipeline,3108,0,1,0,2033,0,0,0,18,11400,develop
6,148250,pipeline,55337,0,1,0,2033,0,0,0,99,148250,develop
2,0,pipeline,2191,370,1,0,2033,0,0,0,0,592000,develop
4,10800,pipeline,69258,0,1,0,2033,0,0,0,27,10800,develop
4,10800,pipeline,69258,0,1,0,2033,0,0,0,27,10800,develop
5,150000,pipeline,69258,0,1,0,2033,0,0,0,500,150000,develop
5,150000,pipeline,69258,0,1,0,2033,0,0,0,500,150000,develop
2,0,pipeline,721979,400,1,0,2033,0,0,0,0,400000,develop
6,22000,pipeline,768279,0,1,0,2033,0,0,0,40,22000,develop
6,22000,pipeline,768279,0,1,0,2033,0,0,0,40,22000,develop
6,22000,pipeline,512450,0,1,0,2033,0,0,0,40,22000,develop
6,22000,pipeline,512449,0,1,0,2033,0,0,0,40,22000,develop
6,22000,pipeline,512450,0,1,0,2033,0,0,0,40,22000,develop
6,22000,pipeline,512454,0,1,0,2033,0,0,0,40,22000,develop
6,22000,pipeline,512456,0,1,0,2033,0,0,0,40,22000,develop
6,40000,pipeline,500550,0,1,0,2033,0,0,0,40,40000,develop
6,40000,pipeline,500550,0,1,0,2033,0,0,0,40,40000,develop
1,0,pipeline,3108,108,2,0,2034,0,0,0,0,237600,develop
2,0,pipeline,3108,250,5,0,2034,0,0,0,0,300000,develop
4,0,pipeline,3108,0,1,0,2034,0,0,0,32,11800,develop
5,0,pipeline,3108,0,1,0,2034,0,0,0,18,11400,develop
2,0,pipeline,2191,370,1,0,2034,0,0,0,0,592000,develop
4,10800,pipeline,69258,0,1,0,2034,0,0,0,27,10800,develop
4,10800,pipeline,69258,0,1,0,2034,0,0,0,27,10800,develop
5,150000,pipeline,69258,0,1,0,2034,0,0,0,500,150000,develop
5,150000,pipeline,69258,0,1,0,2034,0,0,0,500,150000,develop
5,200000,pipeline,491060,0,1,0,2034,0,0,0,267,200000,develop
2,0,pipeline,721979,400,1,0,2034,0,0,0,0,400000,develop
4,12000,pipeline,28481,0,1,0,2034,0,0,0,32,69000,develop
6,40000,pipeline,505368,0,1,0,2034,0,0,0,40,40000,develop
6,40000,pipeline,505368,0,1,0,2034,0,0,0,40,40000,develop
6,40000,pipeline,525426,0,1,0,2034,0,0,0,40,40000,develop
6,40000,pipeline,525426,0,1,0,2034,0,0,0,40,40000,develop
6,280000,pipeline,500072,0,1,0,2034,0,0,0,280,280000,develop
2,0,pipeline,68593,9,1,0,2035,0,0,0,0,0,develop
7,0,pipeline,68595,3,1,0,2035,0,0,0,35,13940,develop
7,0,pipeline,68598,3,1,0,2035,0,0,0,35,13940,develop
2,0,pipeline,68642,101,1,0,2035,0,0,0,0,0,develop
5,0,pipeline,59601,0,1,0,2035,0,0,0,20,8191,develop
2,0,pipeline,68670,6,1,0,2035,0,0,0,0,0,develop
5,0,pipeline,68677,0,1,0,2035,0,0,0,19,7764,develop
5,0,pipeline,68842,0,1,0,2035,0,0,0,241,60147,develop
7,0,pipeline,54888,500,1,0,2035,0,0,0,800,199906,develop
5,0,pipeline,489198,0,1,0,2035,0,0,0,526,143383,develop
5,0,pipeline,54816,0,1,0,2035,0,0,0,464,116025,develop
2,0,pipeline,68650,3,1,0,2035,0,0,0,0,0,develop
5,0,pipeline,489198,0,1,0,2035,0,0,0,80,21680,develop
5,0,pipeline,58139,0,1,0,2035,0,0,0,3,1224,develop
5,0,pipeline,58659,0,1,0,2035,0,0,0,28,7001,develop
5,0,pipeline,476848,0,1,0,2035,0,0,0,110,27537,develop
5,0,pipeline,58937,0,1,0,2035,0,0,0,83,20697,develop
5,0,pipeline,68842,0,1,0,2035,0,0,0,97,24188,develop
5,0,pipeline,66294,0,1,0,2035,0,0,0,533,133365,develop
5,0,pipeline,66294,0,1,0,2035,0,0,0,533,133365,develop
5,0,pipeline,1850,0,1,0,2035,0,0,0,533,133365,develop
7,0,pipeline,66840,13,1,0,2035,0,0,0,48,13366,develop
2,0,pipeline,66844,171,1,0,2035,0,0,0,0,0,develop
7,0,pipeline,66840,13,1,0,2035,0,0,0,48,13366,develop
7,0,pipeline,66840,13,1,0,2035,0,0,0,48,13366,develop
7,0,pipeline,66840,13,1,0,2035,0,0,0,48,13366,develop
2,0,pipeline,66844,171,1,0,2035,0,0,0,0,0,develop
2,0,pipeline,66844,171,1,0,2035,0,0,0,0,0,develop
2,0,pipeline,66841,171,1,0,2035,0,0,0,0,0,develop
2,0,pipeline,66844,171,1,0,2035,0,0,0,0,0,develop
7,0,pipeline,52181,21,1,0,2035,0,0,0,6,2487,develop
2,0,pipeline,52181,63,1,0,2035,0,0,0,0,0,develop
7,0,pipeline,68594,20,1,0,2035,0,0,0,6,2326,develop
7,0,pipeline,68594,22,1,0,2035,0,0,0,219,86910,develop
7,0,pipeline,68596,17,1,0,2035,0,0,0,5,1921,develop
7,0,pipeline,68598,18,1,0,2035,0,0,0,181,71766,develop
7,0,pipeline,68598,18,1,0,2035,0,0,0,181,71766,develop
2,0,pipeline,66156,78,1,0,2035,0,0,0,0,0,develop
2,0,pipeline,68650,78,1,0,2035,0,0,0,0,0,develop
2,0,pipeline,68647,78,1,0,2035,0,0,0,0,0,develop
2,0,pipeline,68642,78,1,0,2035,0,0,0,0,0,develop
5,0,pipeline,66154,0,1,0,2035,0,0,0,132,52701,develop
2,0,pipeline,68667,34,1,0,2035,0,0,0,0,0,develop
2,0,pipeline,68667,34,1,0,2035,0,0,0,0,0,develop
2,0,pipeline,68667,34,1,0,2035,0,0,0,0,0,develop
2,0,pipeline,68667,34,1,0,2035,0,0,0,0,0,develop
2,0,pipeline,68667,30,1,0,2035,0,0,0,0,0,develop
2,0,pipeline,68671,22,1,0,2035,0,0,0,0,0,develop
2,0,pipeline,68673,22,1,0,2035,0,0,0,0,0,develop
2,0,pipeline,68671,21,1,0,2035,0,0,0,0,0,develop
2,0,pipeline,68673,21,1,0,2035,0,0,0,0,0,develop
7,0,pipeline,68677,1,1,0,2035,0,0,0,103,41322,develop
7,0,pipeline,68677,1,1,0,2035,0,0,0,103,41322,develop
7,0,pipeline,68680,1,1,0,2035,0,0,0,103,41322,develop
7,0,pipeline,68681,23,1,0,2035,0,0,0,109,43717,develop
7,0,pipeline,68680,23,1,0,2035,0,0,0,109,43717,develop
7,0,pipeline,68678,23,1,0,2035,0,0,0,109,43717,develop
5,0,pipeline,58659,0,1,0,2035,0,0,0,49,12135,develop
5,0,pipeline,1660,0,1,0,2035,0,0,0,414,103625,develop
5,0,pipeline,1660,0,1,0,2035,0,0,0,415,103626,develop
5,0,pipeline,489198,0,1,0,2035,0,0,0,1026,279766,develop
5,0,pipeline,68840,0,1,0,2035,0,0,0,569,142126,develop
5,0,pipeline,58937,0,1,0,2035,0,0,0,282,70547,develop
5,0,pipeline,22153,0,1,0,2035,0,0,0,691,193370,redevelop
1,0,pipeline,3108,108,2,0,2035,0,0,0,0,237600,develop
2,0,pipeline,3108,250,5,0,2035,0,0,0,0,300000,develop
4,0,pipeline,3108,0,1,0,2035,0,0,0,32,11800,develop
5,0,pipeline,3108,0,1,0,2035,0,0,0,18,11400,develop
2,0,pipeline,2191,370,1,0,2035,0,0,0,0,592000,develop
4,5000,pipeline,2191,0,1,0,2035,0,0,0,27,5000,develop
4,10800,pipeline,69258,0,1,0,2035,0,0,0,27,10800,develop
5,150000,pipeline,69258,0,1,0,2035,0,0,0,500,150000,develop
5,150000,pipeline,69258,0,1,0,2035,0,0,0,500,150000,develop
2,0,pipeline,28480,400,1,0,2035,0,0,0,0,400000,develop
1,0,pipeline,3108,108,2,0,2036,0,0,0,0,237600,develop
2,0,pipeline,3108,250,5,0,2036,0,0,0,0,300000,develop
4,0,pipeline,3108,0,1,0,2036,0,0,0,32,11800,develop
5,0,pipeline,3108,0,1,0,2036,0,0,0,18,11400,develop
2,0,pipeline,2191,370,1,0,2036,0,0,0,0,592000,develop
4,10800,pipeline,69258,0,1,0,2036,0,0,0,27,10800,develop
4,10800,pipeline,69258,0,1,0,2036,0,0,0,27,10800,develop
5,150000,pipeline,69258,0,1,0,2036,0,0,0,500,150000,develop
5,150000,pipeline,69258,0,1,0,2036,0,0,0,500,150000,develop
5,200000,pipeline,48387,0,1,0,2036,0,0,0,267,200000,develop
2,0,pipeline,491060,400,1,0,2036,0,0,0,0,400000,develop
4,12000,pipeline,28480,0,1,0,2036,0,0,0,32,69000,develop
6,40000,pipeline,795396,0,1,0,2036,0,0,0,40,40000,develop
6,40000,pipeline,714447,0,1,0,2036,0,0,0,40,40000,develop
5,0,pipeline,492239,0,1,0,2037,0,0,0,312,87293,redevelop
5,0,pipeline,492239,0,1,0,2037,0,0,0,278,77716,redevelop
1,0,pipeline,3108,108,2,0,2037,0,0,0,0,237600,develop
2,0,pipeline,3108,250,5,0,2037,0,0,0,0,300000,develop
4,0,pipeline,3108,0,1,0,2037,0,0,0,32,11800,develop
5,0,pipeline,3108,0,1,0,2037,0,0,0,18,11400,develop
2,0,pipeline,2191,370,1,0,2037,0,0,0,0,592000,develop
4,21600,pipeline,69258,0,1,0,2037,0,0,0,54,21600,develop
5,300000,pipeline,69258,0,1,0,2037,0,0,0,1000,300000,develop
2,0,pipeline,48387,400,1,0,2037,0,0,0,0,400000,develop
1,0,pipeline,492302,72,2,0,2038,0,0,0,0,158400,develop
2,0,pipeline,492302,168,5,0,2038,0,0,0,0,201600,develop
6,148250,pipeline,55337,0,1,0,2038,0,0,0,99,148250,develop
2,0,pipeline,2191,370,1,0,2038,0,0,0,0,592000,develop
4,21600,pipeline,69258,0,1,0,2038,0,0,0,54,21600,develop
5,300000,pipeline,69258,0,1,0,2038,0,0,0,1000,300000,develop
5,200000,pipeline,28481,0,1,0,2038,0,0,0,267,200000,develop
2,0,pipeline,28481,400,1,0,2038,0,0,0,0,400000,develop
4,12000,pipeline,491060,0,1,0,2038,0,0,0,32,69000,develop
6,80000,pipeline,520354,0,1,0,2038,0,0,0,100,80000,redevelop
6,40000,pipeline,496479,0,1,0,2038,0,0,0,40,40000,develop
6,40000,pipeline,496479,0,1,0,2038,0,0,0,40,40000,develop
6,40000,pipeline,496482,0,1,0,2038,0,0,0,40,40000,develop
6,40000,pipeline,496482,0,1,0,2038,0,0,0,40,40000,develop
6,100000,pipeline,800935,0,1,0,2038,0,0,0,100,100000,develop
5,0,pipeline,492239,0,1,0,2039,0,0,0,295,82689,redevelop
5,0,pipeline,22170,0,1,0,2039,0,0,0,42,11786,redevelop
1,0,pipeline,492302,72,2,0,2039,0,0,0,0,158400,develop
2,0,pipeline,492302,168,5,0,2039,0,0,0,0,201600,develop
2,0,pipeline,2191,370,1,0,2039,0,0,0,0,592000,develop
4,21600,pipeline,69258,0,1,0,2039,0,0,0,54,21600,develop
5,300000,pipeline,69258,0,1,0,2039,0,0,0,1000,300000,develop
2,0,pipeline,28480,400,1,0,2039,0,0,0,0,400000,develop
6,80000,pipeline,515606,0,1,0,2039,0,0,0,80,80000,develop
2,0,pipeline,468714,87,1,0,2040,0,0,0,0,0,develop
2,0,pipeline,59594,9,1,0,2040,0,0,0,0,0,develop
5,0,pipeline,68593,0,1,0,2040,0,0,0,29,11734,develop
5,0,pipeline,68595,0,1,0,2040,0,0,0,146,36477,develop
5,0,pipeline,68598,0,1,0,2040,0,0,0,146,36477,develop
5,0,pipeline,68652,0,1,0,2040,0,0,0,2,745,develop
2,0,pipeline,68670,9,1,0,2040,0,0,0,0,0,develop
5,0,pipeline,54888,0,1,0,2040,0,0,0,2720,680000,develop
5,0,pipeline,68648,0,1,0,2040,0,0,0,2,627,develop
2,0,pipeline,131584,56,1,0,2040,0,0,0,0,0,develop
2,0,pipeline,149091,17,1,0,2040,0,0,0,0,0,develop
7,0,pipeline,466367,100,1,0,2040,0,0,0,38,15000,develop
7,0,pipeline,66149,100,1,0,2040,0,0,0,38,15000,develop
7,0,pipeline,66149,100,1,0,2040,0,0,0,38,15000,develop
7,0,pipeline,66149,100,1,0,2040,0,0,0,38,15000,develop
7,0,pipeline,66151,100,1,0,2040,0,0,0,38,15000,develop
5,0,pipeline,66154,0,1,0,2040,0,0,0,69,27420,develop
5,0,pipeline,66154,0,1,0,2040,0,0,0,69,27420,develop
5,0,pipeline,66154,0,1,0,2040,0,0,0,69,27420,develop
5,0,pipeline,66154,0,1,0,2040,0,0,0,69,27420,develop
5,0,pipeline,66156,0,1,0,2040,0,0,0,69,27420,develop
2,0,pipeline,68591,46,1,0,2040,0,0,0,0,0,develop
2,0,pipeline,66844,186,1,0,2040,0,0,0,0,0,develop
2,0,pipeline,66844,186,1,0,2040,0,0,0,0,0,develop
2,0,pipeline,66844,186,1,0,2040,0,0,0,0,0,develop
2,0,pipeline,66841,186,1,0,2040,0,0,0,0,0,develop
2,0,pipeline,66844,186,1,0,2040,0,0,0,0,0,develop
2,0,pipeline,66497,339,1,0,2040,0,0,0,0,0,develop
2,0,pipeline,59594,56,1,0,2040,0,0,0,0,0,develop
2,0,pipeline,68590,56,1,0,2040,0,0,0,0,0,develop
5,0,pipeline,52181,0,1,0,2040,0,0,0,1152,329634,develop
5,0,pipeline,52181,0,1,0,2040,0,0,0,196,78230,develop
5,0,pipeline,68594,0,1,0,2040,0,0,0,1078,308275,develop
5,0,pipeline,68594,0,1,0,2040,0,0,0,910,227426,develop
5,0,pipeline,68596,0,1,0,2040,0,0,0,890,254557,develop
5,0,pipeline,68598,0,1,0,2040,0,0,0,751,187796,develop
5,0,pipeline,68598,0,1,0,2040,0,0,0,751,187795,develop
5,0,pipeline,68644,0,1,0,2040,0,0,0,10,3946,develop
5,0,pipeline,68645,0,1,0,2040,0,0,0,10,3946,develop
5,0,pipeline,68645,0,1,0,2040,0,0,0,10,3946,develop
5,0,pipeline,68647,0,1,0,2040,0,0,0,10,3946,develop
5,0,pipeline,68645,0,1,0,2040,0,0,0,10,3946,develop
5,0,pipeline,68647,0,1,0,2040,0,0,0,10,3946,develop
5,0,pipeline,68645,0,1,0,2040,0,0,0,10,3946,develop
5,0,pipeline,68648,0,1,0,2040,0,0,0,10,3946,develop
2,0,pipeline,68667,48,1,0,2040,0,0,0,0,0,develop
2,0,pipeline,68667,48,1,0,2040,0,0,0,0,0,develop
2,0,pipeline,68667,48,1,0,2040,0,0,0,0,0,develop
2,0,pipeline,68667,48,1,0,2040,0,0,0,0,0,develop
2,0,pipeline,68667,44,1,0,2040,0,0,0,0,0,develop
5,0,pipeline,68681,0,1,0,2040,0,0,0,67,26627,develop
5,0,pipeline,68680,0,1,0,2040,0,0,0,67,26627,develop
5,0,pipeline,68678,0,1,0,2040,0,0,0,67,26627,develop
1,0,pipeline,492302,72,2,0,2040,0,0,0,0,158400,develop
2,0,pipeline,492302,168,5,0,2040,0,0,0,0,201600,develop
2,0,pipeline,2191,370,1,0,2040,0,0,0,0,592000,develop
4,21600,pipeline,69258,0,1,0,2040,0,0,0,54,21600,develop
5,300000,pipeline,69258,0,1,0,2040,0,0,0,1000,300000,develop
5,200000,pipeline,28480,0,1,0,2040,0,0,0,267,200000,develop
2,0,pipeline,491060,400,1,0,2040,0,0,0,0,400000,develop
4,12000,pipeline,48387,0,1,0,2040,0,0,0,32,69000,develop
6,150000,pipeline,560973,0,1,0,2040,0,0,0,300,150000,develop
5,0,pipeline,22160,0,1,0,2041,0,0,0,309,86556,redevelop
5,0,pipeline,22160,0,1,0,2041,0,0,0,60,16759,redevelop
1,0,pipeline,492302,72,2,0,2041,0,0,0,0,158400,develop
2,0,pipeline,492302,168,5,0,2041,0,0,0,0,201600,develop
2,0,pipeline,2191,370,1,0,2041,0,0,0,0,592000,develop
4,21600,pipeline,69258,0,1,0,2041,0,0,0,54,21600,develop
5,300000,pipeline,69258,0,1,0,2041,0,0,0,1000,300000,develop
5,200000,pipeline,37063,0,1,0,2041,0,0,0,267,200000,develop
2,0,pipeline,28480,150,1,0,2041,0,0,0,0,150000,develop
3,1000000,pipeline,568706,0,1,0,2041,0,0,0,1141,1000000,redevelop
6,80000,pipeline,563420,0,1,0,2041,0,0,0,120,80000,develop
1,0,pipeline,492302,70,2,0,2042,0,0,0,0,158400,develop
2,0,pipeline,492302,166,5,0,2042,0,0,0,0,201600,develop
2,0,pipeline,2191,370,1,0,2042,0,0,0,0,592000,develop
4,21600,pipeline,69258,0,1,0,2042,0,0,0,54,21600,develop
5,300000,pipeline,69258,0,1,0,2042,0,0,0,1000,300000,develop
5,200000,pipeline,28480,0,1,0,2042,0,0,0,267,200000,develop
2,0,pipeline,48383,150,1,0,2042,0,0,0,0,150000,develop
4,3000,pipeline,48390,0,1,0,2042,0,0,0,8,3000,develop
8,166000,pipeline,736754,0,1,0,2042,0,0,0,270,166000,redevelop
6,40000,pipeline,597510,0,1,0,2042,0,0,0,40,40000,develop
6,40000,pipeline,597510,0,1,0,2042,0,0,0,40,40000,develop
6,40000,pipeline,500733,0,1,0,2042,0,0,0,40,40000,develop
6,40000,pipeline,500733,0,1,0,2042,0,0,0,40,40000,develop
6,22000,pipeline,514826,0,1,0,2042,0,0,0,42,22000,develop
6,22000,pipeline,524329,0,1,0,2042,0,0,0,42,22000,develop
6,22000,pipeline,524329,0,1,0,2042,0,0,0,42,22000,develop
6,22000,pipeline,524329,0,1,0,2042,0,0,0,42,22000,develop
6,22000,pipeline,493898,0,1,0,2042,0,0,0,42,22000,develop
6,22000,pipeline,493898,0,1,0,2042,0,0,0,42,22000,develop
6,22000,pipeline,493898,0,1,0,2042,0,0,0,42,22000,develop
6,400000,pipeline,503891,0,1,0,2042,0,0,0,400,400000,develop
2,0,pipeline,2191,370,1,0,2043,0,0,0,0,592000,develop
4,21600,pipeline,69258,0,1,0,2043,0,0,0,54,21600,develop
5,300000,pipeline,69258,0,1,0,2043,0,0,0,1000,300000,develop
5,200000,pipeline,29447,0,1,0,2043,0,0,0,267,200000,develop
2,0,pipeline,407371,150,1,0,2043,0,0,0,0,150000,develop
6,80000,pipeline,713682,0,1,0,2043,0,0,0,80,80000,develop
6,80000,pipeline,518049,0,1,0,2043,0,0,0,80,80000,develop
6,80000,pipeline,618423,0,1,0,2043,0,0,0,80,80000,develop
2,0,pipeline,2191,370,1,0,2044,0,0,0,0,592000,develop
4,21600,pipeline,69258,0,1,0,2044,0,0,0,54,21600,develop
5,300000,pipeline,69258,0,1,0,2044,0,0,0,1000,300000,develop
5,200000,pipeline,28480,0,1,0,2044,0,0,0,267,200000,develop
2,0,pipeline,48390,150,1,0,2044,0,0,0,0,150000,develop
4,3000,pipeline,37063,0,1,0,2044,0,0,0,8,3000,develop
7,0,pipeline,468714,87,1,0,2045,0,0,0,422,105475,develop
7,0,pipeline,59594,19,1,0,2045,0,0,0,28,7925,develop
5,0,pipeline,68593,0,1,0,2045,0,0,0,188,48901,develop
5,0,pipeline,68642,0,1,0,2045,0,0,0,94,37623,develop
5,0,pipeline,68652,0,1,0,2045,0,0,0,2,776,develop
2,0,pipeline,59601,4,1,0,2045,0,0,0,0,0,develop
2,0,pipeline,68670,5,1,0,2045,0,0,0,0,0,develop
7,0,pipeline,66456,42,1,0,2045,0,0,0,642,178941,develop
5,0,pipeline,54888,0,1,0,2045,0,0,0,480,120074,develop
7,0,pipeline,52181,32,1,0,2045,0,0,0,494,137595,develop
7,0,pipeline,54820,6,1,0,2045,0,0,0,86,23919,develop
5,0,pipeline,68650,0,1,0,2045,0,0,0,3,1265,develop
2,0,pipeline,58139,1,1,0,2045,0,0,0,0,0,develop
5,0,pipeline,68648,0,1,0,2045,0,0,0,2,653,develop
7,0,pipeline,131584,56,1,0,2045,0,0,0,273,68265,develop
7,0,pipeline,149091,17,1,0,2045,0,0,0,84,21050,develop
5,0,pipeline,466367,0,1,0,2045,0,0,0,50,20000,develop
5,0,pipeline,66149,0,1,0,2045,0,0,0,50,20000,develop
5,0,pipeline,66149,0,1,0,2045,0,0,0,50,20000,develop
5,0,pipeline,66149,0,1,0,2045,0,0,0,50,20000,develop
5,0,pipeline,66151,0,1,0,2045,0,0,0,50,20000,develop
7,0,pipeline,66154,100,1,0,2045,0,0,0,19,7580,develop
7,0,pipeline,66154,100,1,0,2045,0,0,0,19,7580,develop
7,0,pipeline,66154,100,1,0,2045,0,0,0,19,7580,develop
7,0,pipeline,66154,100,1,0,2045,0,0,0,19,7580,develop
7,0,pipeline,66156,100,1,0,2045,0,0,0,19,7580,develop
5,0,pipeline,66294,0,1,0,2045,0,0,0,125,50000,develop
5,0,pipeline,66294,0,1,0,2045,0,0,0,125,50000,develop
5,0,pipeline,1850,0,1,0,2045,0,0,0,125,50000,develop
7,0,pipeline,68591,60,1,0,2045,0,0,0,922,256832,develop
7,0,pipeline,68591,97,1,0,2045,0,0,0,148,41226,develop
7,0,pipeline,66497,339,1,0,2045,0,0,0,1641,410136,develop
7,0,pipeline,52181,73,1,0,2045,0,0,0,1121,312437,develop
7,0,pipeline,59594,117,1,0,2045,0,0,0,180,50151,develop
7,0,pipeline,68590,117,1,0,2045,0,0,0,180,50151,develop
5,0,pipeline,52181,0,1,0,2045,0,0,0,185,46306,develop
5,0,pipeline,52181,0,1,0,2045,0,0,0,1256,326009,develop
5,0,pipeline,68594,0,1,0,2045,0,0,0,173,43306,develop
5,0,pipeline,68596,0,1,0,2045,0,0,0,143,35760,develop
5,0,pipeline,68644,0,1,0,2045,0,0,0,10,4113,develop
5,0,pipeline,68645,0,1,0,2045,0,0,0,10,4113,develop
5,0,pipeline,68645,0,1,0,2045,0,0,0,10,4113,develop
5,0,pipeline,68647,0,1,0,2045,0,0,0,10,4113,develop
5,0,pipeline,68645,0,1,0,2045,0,0,0,10,4113,develop
5,0,pipeline,68647,0,1,0,2045,0,0,0,10,4113,develop
5,0,pipeline,68645,0,1,0,2045,0,0,0,10,4113,develop
5,0,pipeline,66156,0,1,0,2045,0,0,0,73,29194,develop
5,0,pipeline,68650,0,1,0,2045,0,0,0,73,29194,develop
5,0,pipeline,68647,0,1,0,2045,0,0,0,73,29194,develop
5,0,pipeline,68648,0,1,0,2045,0,0,0,10,4113,develop
5,0,pipeline,68642,0,1,0,2045,0,0,0,73,29194,develop
2,0,pipeline,66154,24,1,0,2045,0,0,0,0,0,develop
2,0,pipeline,68667,25,1,0,2045,0,0,0,0,0,develop
2,0,pipeline,68667,25,1,0,2045,0,0,0,0,0,develop
2,0,pipeline,68667,25,1,0,2045,0,0,0,0,0,develop
2,0,pipeline,68667,25,1,0,2045,0,0,0,0,0,develop
2,0,pipeline,68667,22,1,0,2045,0,0,0,0,0,develop
6,148250,pipeline,55337,0,1,0,2045,0,0,0,99,148250,develop
2,0,pipeline,2191,370,1,0,2045,0,0,0,0,592000,develop
4,21600,pipeline,69258,0,1,0,2045,0,0,0,54,21600,develop
5,300000,pipeline,69258,0,1,0,2045,0,0,0,1000,300000,develop
5,200000,pipeline,48383,0,1,0,2045,0,0,0,267,200000,develop
2,0,pipeline,37063,150,1,0,2045,0,0,0,0,150000,develop
6,210000,pipeline,520354,0,1,0,2045,0,0,0,300,210000,redevelop
6,80000,pipeline,726959,0,1,0,2045,0,0,0,80,80000,develop
4,21600,pipeline,69258,0,1,0,2046,0,0,0,54,21600,develop
5,300000,pipeline,69258,0,1,0,2046,0,0,0,1000,300000,develop
5,200000,pipeline,407371,0,1,0,2046,0,0,0,267,200000,develop
2,0,pipeline,28480,150,1,0,2046,0,0,0,0,150000,develop
4,3000,pipeline,28480,0,1,0,2046,0,0,0,8,3000,develop
6,40000,pipeline,515111,0,1,0,2046,0,0,0,40,40000,develop
6,40000,pipeline,515450,0,1,0,2046,0,0,0,40,40000,develop
6,40000,pipeline,500939,0,1,0,2046,0,0,0,40,40000,develop
6,40000,pipeline,500941,0,1,0,2046,0,0,0,40,40000,develop
6,80000,pipeline,563727,0,1,0,2046,0,0,0,80,80000,develop
6,40000,pipeline,530341,0,1,0,2046,0,0,0,40,40000,develop
6,40000,pipeline,530341,0,1,0,2046,0,0,0,40,40000,develop
4,21600,pipeline,69258,0,1,0,2047,0,0,0,54,21600,develop
5,300000,pipeline,69258,0,1,0,2047,0,0,0,1000,300000,develop
5,200000,pipeline,48390,0,1,0,2047,0,0,0,267,200000,develop
2,0,pipeline,29447,150,1,0,2047,0,0,0,0,150000,develop
6,80000,pipeline,550989,0,1,0,2047,0,0,0,80,80000,redevelop
6,80000,pipeline,699796,0,1,0,2047,0,0,0,80,80000,develop
6,150000,pipeline,503899,0,1,0,2047,0,0,0,150,150000,develop
4,21600,pipeline,69258,0,1,0,2048,0,0,0,54,21600,develop
5,300000,pipeline,69258,0,1,0,2048,0,0,0,1000,300000,develop
5,200000,pipeline,37063,0,1,0,2048,0,0,0,267,200000,develop
2,0,pipeline,28480,150,1,0,2048,0,0,0,0,150000,develop
4,3000,pipeline,29447,0,1,0,2048,0,0,0,8,3000,develop
6,150000,pipeline,701103,0,1,0,2048,0,0,0,150,150000,develop
6,40000,pipeline,598167,0,1,0,2048,0,0,0,40,40000,develop
6,40000,pipeline,527455,0,1,0,2048,0,0,0,40,40000,develop
6,40000,pipeline,505025,0,1,0,2048,0,0,0,40,40000,develop
6,40000,pipeline,505025,0,1,0,2048,0,0,0,40,40000,develop
6,80000,pipeline,648109,0,1,0,2048,0,0,0,80,80000,develop
4,21600,pipeline,69258,0,1,0,2049,0,0,0,54,21600,develop
5,300000,pipeline,69258,0,1,0,2049,0,0,0,1000,300000,develop
5,200000,pipeline,28480,0,1,0,2049,0,0,0,267,200000,develop
2,0,pipeline,48383,150,1,0,2049,0,0,0,0,150000,develop
6,40000,pipeline,528132,0,1,0,2049,0,0,0,40,40000,develop
6,40000,pipeline,791739,0,1,0,2049,0,0,0,40,40000,develop
6,40000,pipeline,507797,0,1,0,2049,0,0,0,40,40000,develop
6,40000,pipeline,507800,0,1,0,2049,0,0,0,40,40000,develop
6,40000,pipeline,527060,0,1,0,2049,0,0,0,40,40000,develop
6,40000,pipeline,527063,0,1,0,2049,0,0,0,40,40000,develop
4,21600,pipeline,69258,0,1,0,2050,0,0,0,54,21600,develop
5,300000,pipeline,69258,0,1,0,2050,0,0,0,1000,300000,develop
5,200000,pipeline,29447,0,1,0,2050,0,0,0,267,200000,develop
2,0,pipeline,407371,150,1,0,2050,0,0,0,0,150000,develop
4,3000,pipeline,28480,0,1,0,2050,0,0,0,8,3000,develop
6,19000,pipeline,530066,0,1,0,3033,0,0,0,40,19000,develop
6,19000,pipeline,505084,0,1,0,3033,0,0,0,40,19000,develop
6,19000,pipeline,505084,0,1,0,3033,0,0,0,40,19000,develop
6,19000,pipeline,505084,0,1,0,3033,0,0,0,40,19000,develop
6,19000,pipeline,505085,0,1,0,3033,0,0,0,40,19000,develop
6,19000,pipeline,505085,0,1,0,3033,0,0,0,40,19000,develop
6,19000,pipeline,505086,0,1,0,3033,0,0,0,40,19000,develop
6,19000,pipeline,505095,0,1,0,3033,0,0,0,40,19000,develop
