parcel_id,redev_friction
1729,12.0
2206,18.0
2229,18.0
2975,15.0
2976,15.0
2977,15.0
2978,15.0
2980,15.0
2981,15.0
2983,15.0
2984,15.0
2986,15.0
2987,15.0
2988,15.0
2989,15.0
2991,15.0
2992,15.0
2993,15.0
2994,15.0
2995,15.0
2997,15.0
2998,15.0
2999,15.0
3000,15.0
3001,15.0
3002,15.0
3003,15.0
3004,15.0
3005,15.0
3006,15.0
3007,15.0
3008,15.0
3009,15.0
3010,15.0
3012,15.0
3013,15.0
3014,15.0
3015,15.0
3016,15.0
3017,15.0
3018,15.0
13136,20.0
13137,20.0
13138,20.0
13204,30.0
14265,10.0
14266,10.0
14268,10.0
14269,10.0
14270,10.0
14273,10.0
14274,10.0
14275,10.0
14276,10.0
14287,10.0
14288,10.0
14289,10.0
14290,10.0
14291,10.0
14292,10.0
14293,10.0
14294,10.0
14295,10.0
14297,10.0
14298,10.0
14299,10.0
14300,10.0
14301,10.0
14302,10.0
14308,10.0
14309,10.0
14316,10.0
14323,10.0
14343,10.0
14344,10.0
14345,10.0
14346,10.0
14347,10.0
14775,10.0
14776,10.0
14777,10.0
14778,10.0
14952,10.0
14953,10.0
14996,10.0
14997,10.0
14998,10.0
14999,10.0
15000,10.0
15001,10.0
15002,10.0
15003,10.0
15004,10.0
15005,10.0
15006,10.0
15007,10.0
15008,10.0
15009,10.0
15010,10.0
15011,10.0
15012,10.0
15013,10.0
15014,10.0
15015,10.0
15018,10.0
15022,10.0
15023,10.0
15024,10.0
15025,10.0
15026,10.0
15027,10.0
15028,10.0
15029,10.0
15030,10.0
15031,10.0
15032,10.0
15033,10.0
15034,10.0
15035,10.0
15036,10.0
15037,10.0
15038,10.0
15039,10.0
15040,10.0
15041,10.0
15042,10.0
15043,10.0
15044,10.0
15045,10.0
15046,10.0
15047,10.0
15048,10.0
15049,10.0
15050,10.0
15051,10.0
15052,10.0
15053,10.0
15054,10.0
15055,10.0
15056,10.0
15057,10.0
15058,10.0
15059,10.0
15060,10.0
15061,10.0
15062,10.0
15063,10.0
15064,10.0
15065,10.0
15066,10.0
15067,10.0
15068,10.0
15069,10.0
15070,10.0
15071,10.0
15072,10.0
15073,10.0
15084,10.0
15085,10.0
15086,10.0
15087,10.0
15088,10.0
15089,10.0
15090,10.0
15098,10.0
15099,10.0
15112,10.0
15113,10.0
15143,10.0
15144,10.0
15145,10.0
15146,10.0
15147,10.0
15148,10.0
15149,10.0
15150,10.0
15151,10.0
15152,10.0
15153,10.0
15154,10.0
15187,10.0
15199,10.0
15200,10.0
15209,10.0
15211,10.0
15212,10.0
15213,10.0
15215,10.0
15216,10.0
15217,10.0
15218,10.0
15219,10.0
15220,10.0
15221,10.0
15222,10.0
15223,10.0
15224,10.0
15225,10.0
15226,10.0
15228,10.0
15230,10.0
15232,10.0
15240,10.0
15241,10.0
15242,10.0
15243,10.0
15244,10.0
15245,10.0
15246,10.0
15247,10.0
15264,10.0
15265,10.0
15266,10.0
15267,10.0
15268,10.0
15269,10.0
15270,10.0
15271,10.0
15272,10.0
15273,10.0
15274,10.0
15275,10.0
15276,10.0
15277,10.0
15278,10.0
15279,10.0
15280,10.0
15281,10.0
15282,10.0
15283,10.0
15303,10.0
15304,10.0
15340,10.0
15341,10.0
15342,10.0
15343,10.0
15344,10.0
15345,10.0
16221,10.0
16223,10.0
16224,10.0
16225,10.0
17012,10.0
17013,10.0
17014,10.0
17015,10.0
17016,10.0
17017,10.0
17018,10.0
17019,10.0
17020,10.0
17021,10.0
17027,10.0
17028,10.0
17029,10.0
17030,10.0
17031,10.0
17032,10.0
17033,10.0
17801,10.0
17803,10.0
17804,10.0
17805,10.0
17806,10.0
17807,10.0
17808,10.0
17809,10.0
17810,10.0
17811,10.0
17812,10.0
17813,10.0
17814,10.0
17815,10.0
17816,10.0
17817,10.0
17818,10.0
17819,10.0
17820,10.0
17821,10.0
17822,10.0
17823,10.0
17824,10.0
17825,10.0
17826,10.0
17827,10.0
17828,10.0
17829,10.0
17830,10.0
17831,10.0
17832,10.0
17833,10.0
17834,10.0
17835,10.0
17836,10.0
17837,10.0
17838,10.0
17839,10.0
17840,10.0
17841,10.0
17842,10.0
17843,10.0
17844,10.0
17845,10.0
17846,10.0
17847,10.0
17848,10.0
17849,10.0
17850,10.0
17851,10.0
17852,10.0
17853,10.0
17854,10.0
17855,10.0
17856,10.0
17857,10.0
17858,10.0
17859,10.0
17860,10.0
17861,10.0
17862,10.0
17863,10.0
17868,10.0
17869,10.0
17870,10.0
17871,10.0
17875,10.0
17876,10.0
17877,10.0
17878,10.0
17879,10.0
17880,10.0
17881,10.0
17882,10.0
17883,10.0
17884,10.0
17885,10.0
17886,10.0
17887,10.0
17888,10.0
17889,10.0
17890,10.0
17891,10.0
17892,10.0
17893,10.0
17894,10.0
17895,10.0
17896,10.0
17897,10.0
17898,10.0
17899,10.0
17900,10.0
17901,10.0
17902,10.0
17903,10.0
17904,10.0
17905,10.0
17906,10.0
17907,10.0
17908,10.0
17909,10.0
17910,10.0
17911,10.0
17912,10.0
17913,10.0
17914,10.0
17915,10.0
17916,10.0
17917,10.0
17918,10.0
17919,10.0
17920,10.0
17921,10.0
17922,10.0
17923,10.0
17924,10.0
17925,10.0
17926,10.0
17927,10.0
17928,10.0
17929,10.0
17930,10.0
17931,10.0
17932,10.0
17933,10.0
17934,10.0
17935,10.0
17936,10.0
17937,10.0
17938,10.0
17939,10.0
17940,10.0
17941,10.0
17942,10.0
17943,10.0
17944,10.0
17945,10.0
17946,10.0
17947,10.0
17948,10.0
17949,10.0
17950,10.0
17951,10.0
17952,10.0
17953,10.0
17954,10.0
17955,10.0
17956,10.0
17957,10.0
17958,10.0
17959,10.0
17960,10.0
17961,10.0
17962,10.0
17963,10.0
17964,10.0
17965,10.0
17966,10.0
17967,10.0
17968,10.0
17969,10.0
17970,10.0
17971,10.0
17974,10.0
17975,10.0
17976,10.0
17977,10.0
17978,10.0
17979,10.0
17980,10.0
17981,10.0
17982,10.0
17983,10.0
17984,10.0
17985,10.0
17986,10.0
17987,10.0
17988,10.0
17989,10.0
17990,10.0
17991,10.0
17992,10.0
17993,10.0
17994,10.0
17995,10.0
17996,10.0
17997,10.0
17998,10.0
17999,10.0
18000,10.0
18001,10.0
18002,10.0
18003,10.0
18004,10.0
18005,10.0
18006,10.0
18007,10.0
18008,10.0
18009,10.0
18010,10.0
18011,10.0
18012,10.0
18013,10.0
18014,10.0
18015,10.0
18016,10.0
18017,10.0
18018,10.0
18019,10.0
18020,10.0
18021,10.0
18022,10.0
18023,10.0
18025,10.0
18026,10.0
18027,10.0
18028,10.0
18029,10.0
18030,10.0
18031,10.0
18032,10.0
18033,10.0
18034,10.0
18035,10.0
18036,10.0
18071,10.0
18072,10.0
18073,10.0
18074,10.0
18075,10.0
18076,10.0
18077,10.0
18078,10.0
18079,10.0
18080,10.0
18081,10.0
18082,10.0
18083,10.0
18084,10.0
18085,10.0
18086,10.0
18087,10.0
18088,10.0
18089,10.0
18090,10.0
18091,10.0
18092,10.0
18093,10.0
18094,10.0
18095,10.0
18096,10.0
18126,10.0
18127,10.0
18128,10.0
18129,10.0
18130,10.0
18150,10.0
18151,10.0
18152,10.0
18153,10.0
18157,10.0
18158,10.0
18159,10.0
18160,10.0
18161,10.0
18162,10.0
18163,10.0
18164,10.0
18165,10.0
18166,10.0
18167,10.0
18168,10.0
18169,10.0
18170,10.0
18171,10.0
18172,10.0
18173,10.0
18174,10.0
18175,10.0
18176,10.0
18177,10.0
18178,10.0
18179,10.0
18180,10.0
18181,10.0
18182,10.0
18183,10.0
18184,10.0
18195,10.0
18196,10.0
18197,10.0
18198,10.0
18199,10.0
18200,10.0
18201,10.0
18202,10.0
18203,10.0
18204,10.0
18205,10.0
18206,10.0
18207,10.0
18208,10.0
18209,10.0
18210,10.0
18211,10.0
18212,10.0
18213,10.0
18216,10.0
18217,10.0
18218,10.0
18234,10.0
18240,10.0
18241,10.0
18242,10.0
18243,10.0
18244,10.0
18245,10.0
18246,10.0
18247,10.0
18248,10.0
18249,10.0
18250,10.0
18251,10.0
18252,10.0
18253,10.0
18254,10.0
18255,10.0
18277,10.0
18278,10.0
18279,10.0
18280,10.0
18281,10.0
18282,10.0
18283,10.0
18284,10.0
18285,10.0
18286,10.0
18287,10.0
18288,10.0
18289,10.0
18290,10.0
18291,10.0
18292,10.0
18293,10.0
18295,10.0
18326,10.0
18327,10.0
18328,10.0
18329,10.0
18330,10.0
18331,10.0
18332,10.0
18333,10.0
18334,10.0
18335,10.0
18336,10.0
18337,10.0
18338,10.0
18339,10.0
18340,10.0
18341,10.0
18342,10.0
18343,10.0
18344,10.0
18345,10.0
18346,10.0
18347,10.0
18348,10.0
18349,10.0
18350,10.0
18351,10.0
18352,10.0
18353,10.0
18354,10.0
18355,10.0
18356,10.0
18357,10.0
18358,10.0
18359,10.0
18360,10.0
18361,10.0
18362,10.0
18363,10.0
18364,10.0
18365,10.0
18366,10.0
18367,10.0
18368,10.0
18369,10.0
18370,10.0
18371,10.0
18372,10.0
18373,10.0
18374,10.0
18375,10.0
18376,10.0
18389,10.0
18390,10.0
18391,10.0
18392,10.0
19962,10.0
19977,10.0
19978,10.0
19987,10.0
19988,10.0
19989,10.0
19990,10.0
19991,10.0
19992,10.0
19993,10.0
19994,10.0
19995,10.0
19997,10.0
20004,10.0
20005,10.0
20006,10.0
20013,10.0
20014,10.0
20015,10.0
20487,10.0
20488,10.0
20489,10.0
20490,10.0
20491,10.0
20492,10.0
20493,10.0
20494,10.0
20495,10.0
20496,10.0
20602,10.0
20603,10.0
20606,10.0
20607,10.0
20608,10.0
20640,10.0
20654,10.0
20655,10.0
20656,10.0
20999,10.0
21000,10.0
21002,10.0
21003,10.0
21004,10.0
21005,10.0
21006,10.0
21007,10.0
21008,10.0
21009,10.0
21010,10.0
21011,10.0
21012,10.0
21013,10.0
21014,10.0
21015,10.0
21016,10.0
21017,10.0
21018,10.0
21019,10.0
21020,10.0
21021,10.0
21022,10.0
21023,10.0
21024,10.0
21025,10.0
21026,10.0
21027,10.0
21028,10.0
21029,10.0
21030,10.0
21031,10.0
21032,10.0
21041,10.0
21042,10.0
21043,10.0
21047,10.0
21048,10.0
21049,10.0
21050,10.0
21051,10.0
21052,10.0
21053,10.0
21054,10.0
21055,10.0
21056,10.0
21057,10.0
21058,10.0
21059,10.0
21065,10.0
21066,10.0
21067,10.0
21068,10.0
21075,10.0
21076,10.0
21077,10.0
21078,10.0
21079,10.0
21080,10.0
21081,10.0
21082,10.0
21083,10.0
21084,10.0
21085,10.0
21086,10.0
21087,10.0
21088,10.0
21089,10.0
21090,10.0
21091,10.0
21092,10.0
21093,10.0
21094,10.0
21095,10.0
21097,10.0
21113,10.0
21114,10.0
21115,10.0
21138,10.0
21139,10.0
21140,10.0
21141,10.0
21142,10.0
21143,10.0
21144,10.0
21145,10.0
21165,10.0
21172,10.0
21173,10.0
21174,10.0
21175,10.0
21176,10.0
21177,10.0
21178,10.0
21179,10.0
21180,10.0
21181,10.0
21182,10.0
21183,10.0
21184,10.0
21185,10.0
21186,10.0
21187,10.0
21188,10.0
21189,10.0
21190,10.0
21191,10.0
21192,10.0
21193,10.0
21194,10.0
21195,10.0
21196,10.0
21198,10.0
21200,10.0
21201,10.0
21202,10.0
21203,10.0
21205,10.0
21206,10.0
21207,10.0
21208,10.0
21209,10.0
21210,10.0
21211,10.0
21212,10.0
21213,10.0
21214,10.0
21215,10.0
21216,10.0
21217,10.0
21218,10.0
21219,10.0
21220,10.0
21227,10.0
21228,10.0
21229,10.0
21230,10.0
21231,10.0
21232,10.0
21233,10.0
21234,10.0
21235,10.0
21236,10.0
21237,10.0
21238,10.0
21271,10.0
21280,10.0
21281,10.0
21282,10.0
21283,10.0
21284,10.0
21285,10.0
21286,10.0
21287,10.0
21288,10.0
21289,10.0
21290,10.0
21310,10.0
21313,10.0
21314,10.0
21315,10.0
21316,10.0
21317,10.0
21318,10.0
21319,10.0
21320,10.0
21321,10.0
21322,10.0
21323,10.0
21324,10.0
21325,10.0
21326,10.0
21327,10.0
21328,10.0
21329,10.0
21330,10.0
21331,10.0
21332,10.0
21333,10.0
21334,10.0
21342,10.0
21343,10.0
21344,10.0
21345,10.0
25391,10.0
25392,10.0
25393,10.0
25394,10.0
25395,10.0
25396,10.0
25397,10.0
25398,10.0
25404,10.0
25405,10.0
25406,10.0
25407,10.0
25412,10.0
25413,10.0
25464,10.0
25465,10.0
25466,10.0
25467,10.0
25468,10.0
25469,10.0
25470,10.0
25471,10.0
25472,10.0
25473,10.0
25474,10.0
25475,10.0
25476,10.0
25477,10.0
25478,10.0
25479,10.0
25480,10.0
25481,10.0
25482,10.0
25483,10.0
25484,10.0
25572,10.0
25573,10.0
26268,10.0
26270,10.0
26296,10.0
26297,10.0
26311,10.0
26312,10.0
26316,10.0
26337,10.0
26339,10.0
26443,10.0
26566,10.0
26672,10.0
26689,12.0
27436,12.0
27582,10.0
27587,10.0
28055,10.0
28514,18.0
28515,18.0
28756,10.0
28834,10.0
28835,10.0
28836,10.0
28837,10.0
28838,10.0
28839,10.0
28840,10.0
28841,10.0
28842,10.0
28843,10.0
28844,10.0
28845,10.0
28846,10.0
28847,10.0
28848,10.0
28849,10.0
28850,10.0
28851,10.0
28852,10.0
28853,10.0
28854,10.0
28855,10.0
28856,10.0
28857,10.0
28858,10.0
28859,10.0
28860,10.0
28861,10.0
28862,10.0
28865,10.0
28866,20.0
28867,20.0
28868,10.0
28902,10.0
29373,10.0
29374,10.0
29375,10.0
29376,10.0
29377,10.0
29378,10.0
29379,10.0
29380,10.0
29387,10.0
29388,10.0
29389,10.0
29390,10.0
29391,10.0
29392,10.0
29394,10.0
29395,10.0
29414,10.0
29415,10.0
29416,10.0
29417,10.0
29418,10.0
29419,10.0
29420,10.0
29421,10.0
29422,10.0
29423,10.0
29424,10.0
29425,10.0
30432,10.0
30488,10.0
30489,10.0
30501,10.0
30676,10.0
30677,10.0
30678,10.0
30732,10.0
30747,10.0
30858,10.0
30859,10.0
30939,10.0
30988,10.0
30989,10.0
31013,10.0
31027,10.0
31032,10.0
31045,10.0
31079,10.0
31098,10.0
31166,10.0
31168,10.0
31173,10.0
31195,10.0
31242,10.0
31279,10.0
31292,10.0
31295,10.0
31304,10.0
31312,10.0
31313,10.0
31387,10.0
31489,10.0
31490,10.0
31587,10.0
31588,10.0
31589,10.0
31596,10.0
31608,10.0
31612,10.0
31616,10.0
31617,10.0
31618,10.0
31619,10.0
31620,10.0
31625,10.0
31626,10.0
31627,10.0
31628,10.0
31629,10.0
31630,10.0
31631,10.0
31632,10.0
31821,10.0
31903,10.0
32001,10.0
32002,10.0
32036,10.0
32037,10.0
32064,18.0
32065,18.0
32070,10.0
32133,10.0
32165,10.0
32216,18.0
32217,18.0
32423,10.0
32424,10.0
32425,10.0
32426,10.0
32427,10.0
32428,10.0
32429,10.0
32430,10.0
32431,10.0
32432,10.0
32433,10.0
32434,10.0
32435,10.0
32436,10.0
32437,10.0
32438,10.0
32439,10.0
32440,10.0
32441,10.0
32442,10.0
32443,10.0
32444,10.0
32445,10.0
32446,10.0
32447,10.0
32448,10.0
32449,10.0
32450,10.0
32451,10.0
32452,10.0
32453,10.0
32454,10.0
32455,10.0
32456,10.0
32457,10.0
32458,10.0
32459,10.0
32460,10.0
32461,10.0
32462,10.0
32463,10.0
32464,10.0
32465,10.0
32466,10.0
32467,10.0
32468,10.0
32469,10.0
32470,10.0
32471,10.0
32472,10.0
32473,10.0
32474,10.0
32475,10.0
32476,10.0
32477,10.0
32478,10.0
32479,10.0
32480,10.0
32481,10.0
32482,10.0
32483,10.0
32484,10.0
32485,10.0
32486,10.0
32487,10.0
32488,10.0
32489,10.0
32490,10.0
32491,10.0
32496,10.0
32497,10.0
32498,10.0
32499,10.0
32500,10.0
32501,10.0
32502,10.0
32520,10.0
32601,10.0
32602,10.0
32603,10.0
32604,10.0
32605,10.0
32607,10.0
32608,10.0
32638,10.0
32639,10.0
32640,10.0
32641,10.0
32642,10.0
33039,20.0
33197,10.0
33198,10.0
33199,10.0
33200,10.0
33201,10.0
33202,10.0
33203,10.0
33204,10.0
33205,10.0
33206,10.0
33208,10.0
33210,10.0
33211,10.0
33212,10.0
33213,10.0
33214,10.0
33215,10.0
33216,10.0
33217,10.0
33218,10.0
33219,10.0
33220,10.0
33221,10.0
33222,10.0
33223,10.0
33224,10.0
33225,10.0
33226,10.0
33227,10.0
33228,10.0
33229,10.0
33230,10.0
33231,10.0
33232,10.0
33233,10.0
33234,10.0
33235,10.0
33236,10.0
33290,10.0
33291,10.0
33292,10.0
33293,10.0
33294,10.0
33295,10.0
33296,10.0
33297,10.0
33298,10.0
33299,10.0
33300,10.0
33301,10.0
33302,10.0
33303,10.0
33304,10.0
33305,10.0
33306,10.0
33307,10.0
33308,10.0
33309,10.0
33310,10.0
33311,10.0
33312,10.0
33313,10.0
33314,10.0
33315,10.0
33316,10.0
33317,10.0
33318,10.0
33319,10.0
33320,10.0
33321,10.0
33322,10.0
33323,10.0
33324,10.0
33325,10.0
33354,10.0
33355,10.0
33356,10.0
33357,10.0
33358,10.0
33359,10.0
33360,10.0
33361,10.0
33362,10.0
33363,10.0
33364,10.0
33365,10.0
33366,10.0
33367,10.0
33368,10.0
33369,20.0
33370,10.0
33371,10.0
33372,10.0
33373,10.0
33374,10.0
33375,10.0
33376,10.0
33377,10.0
33378,10.0
33379,10.0
33380,10.0
33384,10.0
33385,10.0
33386,10.0
33387,10.0
33388,10.0
33389,10.0
33390,10.0
33391,10.0
33392,10.0
33393,10.0
33394,10.0
33395,10.0
33396,10.0
33397,10.0
33398,10.0
33399,10.0
33400,10.0
35451,10.0
35507,10.0
35508,10.0
35511,10.0
35512,10.0
35562,10.0
35674,10.0
35681,10.0
35682,10.0
35686,10.0
35687,10.0
35689,10.0
35697,10.0
35744,10.0
35745,10.0
35746,10.0
35749,10.0
35832,10.0
35833,10.0
35860,10.0
35917,10.0
35918,10.0
35930,10.0
35935,10.0
35995,10.0
36033,10.0
36116,10.0
36117,10.0
36118,10.0
36119,10.0
36120,10.0
36121,10.0
36131,10.0
36138,10.0
36183,10.0
36212,10.0
36277,10.0
36280,10.0
36339,10.0
36347,10.0
36474,10.0
36503,10.0
36587,10.0
36602,10.0
36603,10.0
36604,10.0
36640,10.0
36682,10.0
36720,10.0
36792,30.0
36951,10.0
37006,20.0
37165,10.0
37166,10.0
37204,10.0
37227,10.0
37237,10.0
37283,100.0
37377,10.0
37411,10.0
37412,10.0
37413,10.0
37414,10.0
37415,10.0
37416,10.0
37417,10.0
37418,10.0
37522,10.0
37529,10.0
37538,10.0
37539,10.0
37549,10.0
37550,10.0
37554,10.0
37568,10.0
37633,10.0
37771,10.0
37772,10.0
37822,10.0
37828,10.0
37842,10.0
37846,10.0
37861,10.0
37868,10.0
37913,10.0
37982,20.0
37998,10.0
37999,10.0
38000,10.0
38079,10.0
38152,100.0
38270,10.0
38675,10.0
38676,10.0
38677,10.0
38678,10.0
38679,10.0
38680,10.0
38681,10.0
38682,10.0
38683,10.0
38684,10.0
38685,10.0
38686,10.0
38687,10.0
38688,10.0
38689,10.0
38690,10.0
38691,10.0
38692,10.0
38693,10.0
38694,10.0
38695,10.0
38696,10.0
38697,10.0
38698,10.0
38699,10.0
38700,10.0
38701,10.0
38702,10.0
38703,10.0
38704,10.0
38705,10.0
38706,10.0
38707,10.0
38708,10.0
38709,10.0
38710,10.0
38711,10.0
38712,10.0
38713,10.0
38714,10.0
38715,10.0
38716,10.0
38717,10.0
38718,10.0
38719,10.0
38720,10.0
38723,10.0
38724,10.0
38725,10.0
38726,10.0
38727,10.0
38728,10.0
38729,10.0
38730,10.0
38731,10.0
38732,10.0
38733,10.0
38734,10.0
38736,10.0
38737,10.0
38738,10.0
38739,10.0
38740,10.0
38741,10.0
38742,10.0
38743,10.0
38744,10.0
38782,10.0
38783,10.0
38784,10.0
38785,10.0
38786,10.0
38787,10.0
38788,10.0
39094,10.0
39095,10.0
39096,10.0
39097,10.0
40558,10.0
40559,10.0
40562,10.0
40563,10.0
40566,10.0
40567,10.0
40568,10.0
40569,10.0
40570,10.0
41695,10.0
42036,10.0
42209,10.0
42210,10.0
42243,10.0
42362,10.0
42436,10.0
42437,10.0
42499,10.0
42945,10.0
42960,10.0
42961,10.0
43089,10.0
43091,10.0
43128,15.0
43138,15.0
43152,10.0
43153,10.0
43389,10.0
43390,10.0
43476,10.0
43553,10.0
43658,10.0
43741,10.0
44092,15.0
44101,10.0
44104,10.0
44105,10.0
44176,10.0
44184,10.0
44192,10.0
44193,10.0
44629,10.0
44635,15.0
44636,15.0
44790,10.0
44814,15.0
44835,15.0
44836,15.0
44854,18.0
44855,18.0
44972,10.0
45027,10.0
45045,12.0
45089,10.0
45090,10.0
45091,10.0
45092,10.0
45093,10.0
45094,10.0
45095,10.0
45096,10.0
45097,10.0
45098,10.0
45099,10.0
45100,10.0
45101,10.0
45102,10.0
45103,10.0
45104,10.0
45105,10.0
45106,10.0
45142,10.0
45143,10.0
45144,10.0
45145,10.0
45146,10.0
45147,10.0
45148,10.0
45149,10.0
45150,10.0
45151,10.0
45152,10.0
45153,10.0
45154,10.0
45155,10.0
45156,10.0
45157,10.0
45158,10.0
45159,10.0
45160,10.0
45161,10.0
45162,10.0
45163,10.0
45164,10.0
45165,10.0
45166,10.0
45167,10.0
45168,10.0
45169,10.0
45170,10.0
45171,10.0
45172,10.0
45173,10.0
45174,10.0
45175,10.0
45176,10.0
45177,10.0
45178,10.0
45179,10.0
45180,10.0
45181,10.0
45183,10.0
45184,10.0
45185,10.0
45186,10.0
45187,10.0
45188,10.0
45189,10.0
45190,10.0
45191,10.0
45192,10.0
45193,10.0
45194,10.0
45195,10.0
45196,10.0
45197,10.0
45198,10.0
45206,10.0
45228,10.0
45234,10.0
45561,10.0
45562,10.0
45563,10.0
45564,10.0
45565,10.0
45566,10.0
45567,10.0
45568,10.0
45569,10.0
45570,10.0
45571,10.0
45572,10.0
45573,10.0
45574,10.0
45575,10.0
45576,10.0
45577,10.0
45578,10.0
45579,10.0
45580,10.0
45581,10.0
45582,10.0
45583,10.0
45584,10.0
45585,10.0
45586,10.0
45587,10.0
45588,10.0
45589,10.0
45590,10.0
45591,10.0
45592,10.0
45593,10.0
45594,10.0
45595,10.0
45596,10.0
45597,10.0
45598,10.0
45599,10.0
45600,10.0
45601,10.0
45602,10.0
45603,10.0
45604,10.0
45605,10.0
45606,10.0
45607,10.0
45608,10.0
45609,10.0
45610,10.0
45611,10.0
45612,10.0
45613,10.0
45614,10.0
45615,10.0
45616,10.0
45617,10.0
45618,10.0
45619,10.0
45620,10.0
45621,10.0
45622,10.0
45623,10.0
45624,10.0
45687,10.0
45688,10.0
45689,10.0
45690,10.0
45691,10.0
45692,10.0
45693,10.0
45694,10.0
45695,10.0
45696,10.0
45697,10.0
45698,10.0
45699,10.0
45700,10.0
45701,10.0
45702,10.0
45703,10.0
45704,10.0
45705,10.0
45706,10.0
45707,10.0
45708,10.0
45709,10.0
45710,10.0
45711,10.0
45712,10.0
45713,10.0
45714,10.0
45715,10.0
45716,10.0
45717,10.0
45718,10.0
45720,10.0
45721,10.0
45722,10.0
45769,10.0
45770,10.0
45771,10.0
45772,10.0
45778,10.0
46789,10.0
46810,10.0
46822,10.0
46906,10.0
46907,10.0
46908,10.0
46909,10.0
46910,10.0
47088,10.0
47089,10.0
47107,10.0
47221,10.0
47222,10.0
47266,10.0
47267,10.0
47268,10.0
47329,10.0
47330,10.0
47332,10.0
47455,10.0
47456,10.0
47457,10.0
47518,10.0
47519,10.0
47520,10.0
47521,10.0
47522,10.0
47523,10.0
47527,10.0
47531,10.0
47592,10.0
47639,10.0
47648,10.0
47775,10.0
47777,10.0
47911,10.0
47927,10.0
48191,10.0
48220,10.0
48348,10.0
48349,10.0
48350,10.0
48422,10.0
48436,10.0
48492,10.0
48494,10.0
48498,10.0
48509,10.0
48618,10.0
48625,10.0
48628,10.0
48629,10.0
48630,10.0
48657,10.0
48658,10.0
48669,10.0
48674,10.0
48677,10.0
48686,10.0
48687,10.0
48701,10.0
48703,10.0
48704,10.0
48859,10.0
48865,10.0
48867,10.0
48895,10.0
48912,10.0
48932,10.0
48933,10.0
48961,10.0
48963,10.0
48964,10.0
48994,10.0
49116,10.0
49118,10.0
49536,10.0
50640,10.0
50780,10.0
50857,10.0
50858,10.0
50859,10.0
50908,10.0
50914,10.0
50923,30.0
50924,10.0
50925,10.0
50926,10.0
50927,10.0
50928,10.0
50929,10.0
50930,10.0
50931,10.0
50932,10.0
50933,10.0
50934,10.0
50935,10.0
50936,10.0
50941,10.0
50942,10.0
50943,10.0
50944,10.0
51022,30.0
51023,30.0
51035,10.0
51036,10.0
51043,10.0
51055,10.0
51059,10.0
51063,10.0
51064,10.0
51065,10.0
51066,10.0
51067,10.0
51070,10.0
51071,10.0
51072,10.0
51073,10.0
51074,10.0
51077,10.0
51084,10.0
51085,10.0
51093,10.0
51248,15.0
51249,15.0
51250,15.0
51251,15.0
51252,15.0
51253,15.0
51254,15.0
51255,15.0
51256,15.0
51346,10.0
51347,10.0
51348,10.0
51349,10.0
51444,15.0
51445,15.0
51446,15.0
51447,15.0
51448,15.0
51449,15.0
51450,15.0
51451,15.0
51452,15.0
51453,15.0
51454,15.0
51455,15.0
51456,15.0
51457,15.0
51458,15.0
51459,15.0
51460,15.0
51461,15.0
51462,15.0
51463,15.0
51464,15.0
51474,10.0
51519,10.0
51630,15.0
51638,10.0
51639,10.0
52072,18.0
52141,18.0
52192,12.0
52193,12.0
52448,10.0
53877,10.0
54499,18.0
54500,18.0
55904,10.0
55920,10.0
55934,15.0
56081,10.0
56189,10.0
56190,10.0
56191,10.0
56192,10.0
56193,10.0
56194,10.0
56195,10.0
56196,10.0
56197,10.0
56198,10.0
56199,10.0
56200,10.0
56201,10.0
56202,10.0
56203,10.0
56204,10.0
56205,10.0
56206,10.0
56207,10.0
56208,10.0
56209,10.0
56210,10.0
56211,10.0
56212,10.0
56213,10.0
56214,10.0
56215,10.0
56216,10.0
56217,10.0
56218,10.0
56219,10.0
56220,10.0
56222,10.0
56223,10.0
56224,10.0
56225,10.0
56226,10.0
56227,20.0
56228,20.0
56229,20.0
56230,20.0
56231,20.0
56232,20.0
56233,20.0
56234,20.0
56235,20.0
56236,20.0
56237,20.0
56238,20.0
56239,20.0
56240,20.0
56241,20.0
56242,10.0
56243,10.0
56252,10.0
56253,10.0
56254,10.0
56255,10.0
56258,10.0
56269,10.0
56270,10.0
56315,10.0
56316,10.0
56317,10.0
56510,10.0
56511,10.0
56512,10.0
56517,10.0
56518,10.0
56526,10.0
56527,10.0
56528,10.0
56529,10.0
57298,20.0
57300,10.0
57406,10.0
57463,10.0
57604,10.0
57645,10.0
57737,10.0
57777,10.0
57952,10.0
57953,10.0
57976,10.0
58119,20.0
58120,20.0
58135,10.0
58147,10.0
58227,10.0
58303,10.0
58395,10.0
58493,100.0
58719,10.0
59285,10.0
59286,10.0
59287,10.0
59416,10.0
59426,10.0
59441,10.0
59539,18.0
59546,18.0
59585,18.0
59591,18.0
59592,18.0
59593,15.0
64859,18.0
64860,18.0
64861,18.0
64862,18.0
64863,18.0
64864,18.0
64865,18.0
64866,18.0
64867,18.0
64868,18.0
64869,18.0
64870,18.0
64871,18.0
64872,18.0
64873,18.0
64874,18.0
64875,18.0
64876,18.0
64877,18.0
64878,18.0
64879,18.0
64880,18.0
64881,18.0
64882,18.0
64883,18.0
64884,18.0
64885,18.0
64886,18.0
64887,18.0
64888,18.0
64889,18.0
64890,18.0
64891,18.0
64892,18.0
64893,18.0
64894,18.0
64895,18.0
64896,18.0
64897,18.0
64898,18.0
64899,18.0
64900,18.0
64901,15.0
64902,15.0
64903,15.0
64904,15.0
64906,15.0
64907,15.0
64908,15.0
64909,15.0
64910,15.0
64911,15.0
64912,15.0
64913,15.0
64914,15.0
64915,15.0
64916,15.0
64917,15.0
64918,15.0
64919,15.0
64920,15.0
64921,15.0
64922,15.0
64923,15.0
64924,15.0
64925,15.0
64926,15.0
64927,15.0
64928,15.0
64929,15.0
64930,15.0
64931,15.0
64932,15.0
64933,15.0
64934,15.0
64935,15.0
64936,15.0
65748,18.0
65749,18.0
65750,18.0
65816,18.0
65817,18.0
65818,18.0
65819,18.0
65820,18.0
65821,18.0
65822,18.0
65823,18.0
65824,18.0
65825,18.0
65826,18.0
65827,18.0
65828,18.0
65829,18.0
65830,18.0
65831,18.0
65832,18.0
65833,18.0
65834,18.0
65835,18.0
65836,18.0
65837,18.0
65838,18.0
65839,18.0
65840,18.0
65841,18.0
65842,18.0
65843,18.0
65844,18.0
65845,18.0
65846,18.0
65847,18.0
65848,18.0
65849,18.0
65850,18.0
65851,18.0
65852,18.0
65853,18.0
65854,18.0
65855,18.0
65856,18.0
65857,18.0
65858,18.0
65859,18.0
65860,18.0
65861,18.0
65862,18.0
65863,18.0
65864,18.0
65865,18.0
65866,18.0
65867,18.0
65868,18.0
65869,18.0
65870,18.0
65871,18.0
65872,18.0
65873,18.0
65874,18.0
65875,18.0
65876,18.0
65877,18.0
65878,18.0
65879,18.0
65880,18.0
65881,18.0
65882,18.0
65883,18.0
65884,18.0
65885,18.0
65886,18.0
65887,18.0
65888,18.0
65889,18.0
65890,18.0
65891,18.0
65892,18.0
65893,18.0
65894,18.0
65895,18.0
65896,18.0
65897,18.0
65898,18.0
65915,18.0
65916,18.0
65917,18.0
65918,18.0
65919,18.0
65920,18.0
65921,18.0
65922,18.0
65923,18.0
65924,18.0
65925,18.0
65926,18.0
65927,18.0
65928,18.0
65929,18.0
65930,18.0
65931,18.0
65932,18.0
65933,18.0
65934,18.0
65935,18.0
65936,18.0
65937,18.0
65938,18.0
66068,18.0
66069,18.0
66070,18.0
66071,18.0
66072,18.0
66073,18.0
66074,18.0
66075,18.0
66076,18.0
66077,18.0
66078,18.0
66079,18.0
66080,18.0
66081,18.0
66082,18.0
66083,18.0
66084,18.0
66085,18.0
66086,18.0
66087,18.0
66088,18.0
66252,15.0
66253,15.0
66254,15.0
66255,15.0
66256,15.0
66257,15.0
66258,15.0
66259,15.0
66260,15.0
66261,15.0
66262,15.0
66263,15.0
66264,15.0
66265,15.0
66266,15.0
66267,15.0
66268,15.0
66269,15.0
66270,15.0
66271,15.0
66272,15.0
66273,15.0
66274,15.0
66352,18.0
66353,18.0
66354,18.0
66355,18.0
66356,18.0
66357,18.0
66358,18.0
66359,18.0
66360,15.0
66361,15.0
66362,15.0
66363,15.0
66364,15.0
66365,15.0
66366,15.0
66369,15.0
66370,15.0
66371,15.0
66372,15.0
66373,15.0
66374,15.0
66375,15.0
66376,15.0
66377,15.0
66378,15.0
66379,15.0
66380,15.0
66381,15.0
66382,15.0
66383,15.0
66384,15.0
66385,15.0
66386,15.0
66387,15.0
66388,15.0
66389,15.0
66390,15.0
66391,15.0
66392,15.0
66393,15.0
66394,15.0
66395,15.0
66396,15.0
66397,15.0
66398,15.0
66399,15.0
66400,15.0
66401,15.0
66402,15.0
66403,15.0
66404,15.0
66405,15.0
66406,15.0
66407,15.0
66408,15.0
66409,15.0
66410,15.0
66411,15.0
66412,15.0
66413,15.0
66414,15.0
66415,15.0
66416,15.0
66417,15.0
66418,15.0
66419,15.0
66420,15.0
66421,15.0
66422,15.0
66423,15.0
66424,15.0
66425,15.0
66426,15.0
66427,15.0
66428,15.0
66429,15.0
66430,15.0
66431,15.0
66432,15.0
66433,15.0
66434,15.0
66435,15.0
66436,15.0
66437,15.0
66438,15.0
66439,15.0
66440,15.0
66441,15.0
66442,15.0
66443,15.0
66444,15.0
66445,15.0
66446,15.0
66447,15.0
66448,15.0
66449,15.0
66450,15.0
66451,15.0
66452,15.0
66453,15.0
66454,15.0
66455,15.0
66721,18.0
66722,18.0
66723,18.0
66724,18.0
66725,18.0
66726,18.0
66727,18.0
66728,18.0
66729,18.0
66730,18.0
66731,18.0
66732,18.0
66733,18.0
66734,18.0
66735,18.0
66736,18.0
66737,18.0
66738,18.0
66739,18.0
66740,18.0
66741,18.0
66742,18.0
66743,18.0
66744,18.0
66745,18.0
66746,18.0
66747,18.0
66748,18.0
66749,18.0
66750,18.0
66751,18.0
66752,18.0
66753,18.0
66754,18.0
66755,18.0
66756,18.0
66757,18.0
66758,18.0
66759,18.0
66760,18.0
66761,18.0
66762,18.0
66763,18.0
66891,18.0
66892,18.0
66893,18.0
66894,18.0
66895,18.0
66896,18.0
66897,18.0
66898,18.0
66899,18.0
66900,18.0
66901,18.0
66902,18.0
66903,18.0
66904,18.0
66905,18.0
66906,18.0
66907,18.0
66908,18.0
66909,18.0
66910,18.0
66911,18.0
66912,18.0
66913,18.0
66914,18.0
66915,18.0
66916,18.0
66917,18.0
66918,18.0
66919,18.0
66920,18.0
66921,18.0
66922,18.0
66923,18.0
66924,18.0
66925,18.0
66926,18.0
66927,18.0
66928,18.0
66929,18.0
66930,18.0
66931,18.0
66932,18.0
66933,18.0
66934,18.0
66935,18.0
66936,18.0
66937,18.0
66938,15.0
66939,15.0
66940,15.0
66941,15.0
66942,15.0
66943,15.0
66944,15.0
66945,15.0
66946,15.0
66947,15.0
66948,15.0
66949,15.0
66950,15.0
66951,15.0
66952,15.0
66953,15.0
66954,15.0
66955,15.0
66956,15.0
66957,15.0
66958,15.0
66959,15.0
66960,15.0
66961,15.0
66962,15.0
66963,15.0
66964,15.0
66965,15.0
66966,15.0
66967,15.0
66968,15.0
66969,15.0
66970,15.0
66971,15.0
66972,15.0
66973,15.0
66974,15.0
66975,15.0
66976,15.0
66977,15.0
66978,15.0
66979,15.0
66980,15.0
66981,15.0
66982,15.0
66983,15.0
66984,15.0
66985,15.0
66986,15.0
66987,15.0
66988,15.0
66989,15.0
66990,15.0
66991,15.0
66992,15.0
66993,15.0
66994,15.0
66995,15.0
66996,15.0
66997,15.0
66998,15.0
66999,15.0
67000,15.0
67001,15.0
67002,15.0
67003,15.0
67004,15.0
67005,15.0
67006,15.0
67007,15.0
67008,15.0
67009,15.0
67010,15.0
67011,15.0
67012,15.0
67013,15.0
67014,15.0
67015,15.0
67016,15.0
67017,15.0
67018,15.0
67019,15.0
67020,15.0
67021,15.0
67022,15.0
67023,15.0
67024,15.0
67025,15.0
67026,15.0
67027,15.0
67028,15.0
67029,15.0
67030,15.0
67031,15.0
67032,15.0
67033,15.0
67034,15.0
67035,15.0
67036,15.0
67037,15.0
67038,15.0
67039,15.0
67040,15.0
67041,15.0
67042,15.0
67043,15.0
67044,15.0
67045,15.0
67046,15.0
67047,15.0
67048,15.0
67049,15.0
67050,15.0
67051,15.0
67052,15.0
67053,15.0
67054,15.0
67055,15.0
67056,15.0
67057,15.0
67058,15.0
67059,15.0
67060,15.0
67061,15.0
67062,15.0
67063,15.0
67064,15.0
67065,12.0
67066,12.0
67067,12.0
67068,12.0
67069,12.0
67070,12.0
67071,12.0
67072,12.0
67073,12.0
67074,12.0
67075,12.0
67076,12.0
67077,12.0
67078,12.0
67079,12.0
67080,12.0
67081,12.0
67082,12.0
67083,12.0
67084,12.0
67085,12.0
67086,12.0
67087,12.0
67088,12.0
67089,12.0
67090,12.0
67091,12.0
67092,12.0
67093,12.0
67094,12.0
67095,12.0
67096,12.0
67097,12.0
67098,12.0
67099,12.0
67100,12.0
67101,12.0
67102,12.0
67103,12.0
67104,12.0
67105,12.0
67106,12.0
67107,12.0
67108,12.0
67109,12.0
67110,12.0
67111,12.0
67112,12.0
67113,12.0
67115,12.0
67116,12.0
67117,12.0
67118,12.0
67119,12.0
67120,12.0
67122,12.0
67123,12.0
67126,12.0
67127,12.0
67128,12.0
67129,12.0
67130,12.0
67131,12.0
67132,12.0
67133,12.0
67134,12.0
67135,12.0
67136,12.0
67137,12.0
67138,12.0
67139,12.0
67140,12.0
67141,12.0
67142,12.0
67143,12.0
67144,12.0
67145,12.0
67146,12.0
67216,18.0
67217,18.0
67218,18.0
67219,18.0
67220,18.0
67221,18.0
67222,18.0
67223,12.0
67224,12.0
67225,12.0
67226,12.0
67227,12.0
67228,12.0
67229,12.0
67230,12.0
67231,12.0
67232,12.0
67233,12.0
67234,12.0
67235,12.0
67236,12.0
67237,12.0
67238,12.0
67239,12.0
67240,12.0
67241,12.0
67242,12.0
67243,12.0
67244,12.0
67245,12.0
67246,12.0
67247,12.0
67248,12.0
67249,12.0
67250,12.0
67251,12.0
67252,12.0
67253,12.0
67254,12.0
67255,12.0
67256,12.0
67257,12.0
67258,12.0
67259,12.0
67260,12.0
67261,12.0
67262,12.0
67263,12.0
67264,12.0
67265,12.0
67266,12.0
67267,12.0
67268,12.0
67269,12.0
67270,12.0
67271,12.0
67272,12.0
67273,12.0
67274,12.0
67275,12.0
67276,12.0
67277,12.0
67278,12.0
67279,12.0
67280,12.0
67281,12.0
67282,12.0
67283,12.0
67284,12.0
67285,12.0
67286,12.0
67287,12.0
67288,12.0
67289,12.0
67290,12.0
67291,12.0
67292,12.0
67293,12.0
67294,12.0
67295,12.0
67296,12.0
67297,12.0
67298,12.0
67299,12.0
67300,12.0
67301,12.0
67302,12.0
67398,18.0
67399,18.0
67400,18.0
67401,18.0
67402,18.0
67403,18.0
67404,18.0
67405,18.0
67406,18.0
67407,18.0
67408,18.0
67409,18.0
67410,18.0
67411,18.0
67412,18.0
67888,18.0
67889,18.0
67890,18.0
67891,18.0
67892,18.0
67893,18.0
67894,18.0
67895,18.0
67896,18.0
67897,18.0
67898,18.0
67899,18.0
67900,18.0
67901,18.0
67902,18.0
67903,18.0
67904,18.0
67905,18.0
67906,18.0
67907,18.0
67908,18.0
67909,18.0
67910,18.0
67911,18.0
67912,18.0
67913,18.0
67914,18.0
67915,18.0
67916,18.0
67917,18.0
67918,18.0
67919,18.0
67920,18.0
67921,18.0
67922,18.0
67923,18.0
67924,18.0
67925,18.0
67926,18.0
67927,18.0
67928,18.0
67929,18.0
67930,18.0
67931,18.0
67932,18.0
67933,18.0
67934,18.0
67935,18.0
67936,18.0
67937,18.0
67938,18.0
67939,18.0
67940,18.0
67941,18.0
67942,18.0
67943,18.0
67944,18.0
67945,18.0
67946,18.0
67947,18.0
67948,18.0
67949,18.0
67950,18.0
67951,18.0
67952,18.0
67953,18.0
67954,18.0
67955,18.0
67956,18.0
67957,18.0
67958,18.0
67959,18.0
67960,18.0
67961,18.0
67962,18.0
67963,18.0
67964,18.0
67965,18.0
68009,18.0
68010,18.0
68011,18.0
68012,18.0
68013,18.0
68014,18.0
68015,18.0
68016,18.0
68017,18.0
68018,18.0
68019,18.0
68020,18.0
68021,18.0
68022,18.0
68023,18.0
68126,15.0
68279,18.0
68280,18.0
68281,18.0
68282,18.0
68311,18.0
68312,18.0
68313,18.0
68314,18.0
68315,18.0
68316,18.0
68317,18.0
68318,18.0
68319,18.0
68320,18.0
68321,18.0
68322,18.0
68323,18.0
68324,18.0
68325,18.0
68326,18.0
68327,18.0
68328,18.0
68329,18.0
68330,18.0
68331,18.0
68332,18.0
68333,18.0
68334,18.0
68335,18.0
68336,18.0
68337,18.0
68338,18.0
68339,18.0
68340,18.0
68341,18.0
68342,18.0
68343,18.0
68344,18.0
68345,18.0
68346,18.0
68347,18.0
68348,18.0
68349,18.0
68350,18.0
68351,18.0
68352,18.0
68353,18.0
68354,18.0
68355,18.0
68356,18.0
68357,18.0
68358,18.0
68359,18.0
68360,18.0
68361,18.0
68362,18.0
68363,18.0
68364,18.0
68365,18.0
68366,18.0
68367,18.0
68368,18.0
68369,18.0
68370,18.0
68371,18.0
68372,18.0
68373,18.0
68374,18.0
68375,18.0
68376,18.0
68377,18.0
68378,18.0
68379,18.0
68380,18.0
68381,18.0
68382,18.0
68383,18.0
68384,18.0
68385,18.0
68386,18.0
68387,18.0
68388,18.0
68389,18.0
68390,18.0
68391,18.0
68392,18.0
68393,18.0
68394,18.0
68395,18.0
68396,18.0
68397,18.0
68398,18.0
68399,18.0
68400,18.0
68401,18.0
68402,18.0
68403,18.0
68404,18.0
68405,18.0
68406,18.0
68407,18.0
68408,18.0
68409,18.0
68410,18.0
68411,18.0
68412,18.0
68413,18.0
68414,18.0
68415,18.0
68416,18.0
68417,18.0
68418,18.0
68419,18.0
68420,18.0
68421,18.0
68422,18.0
68423,18.0
68424,18.0
68425,18.0
68426,18.0
68427,18.0
68428,18.0
68429,18.0
68430,18.0
68431,18.0
68432,18.0
68433,18.0
68434,18.0
68435,18.0
68436,18.0
68437,18.0
68438,18.0
68439,18.0
68440,18.0
68441,18.0
68442,18.0
68443,18.0
68444,18.0
68445,18.0
68446,18.0
68447,18.0
68448,18.0
68449,18.0
68450,18.0
68451,18.0
68452,18.0
68453,18.0
68454,18.0
68455,18.0
68456,18.0
68457,18.0
68458,18.0
68459,18.0
68460,18.0
68461,18.0
68462,18.0
68463,18.0
68464,18.0
68465,18.0
68466,18.0
68467,18.0
68468,18.0
68469,18.0
68470,18.0
68471,18.0
68472,18.0
68473,18.0
68474,18.0
68475,18.0
68476,18.0
68477,18.0
68478,18.0
68479,18.0
68480,18.0
68481,18.0
68482,18.0
68483,18.0
68484,18.0
68485,18.0
68486,18.0
68487,18.0
68488,18.0
68489,18.0
68490,18.0
68491,18.0
68492,18.0
68493,18.0
68494,18.0
68495,18.0
68496,18.0
68497,18.0
68498,15.0
68499,15.0
68500,15.0
68501,15.0
68502,15.0
68503,15.0
68504,15.0
68505,15.0
68506,15.0
68507,15.0
68508,15.0
68509,15.0
68510,15.0
68511,15.0
68512,15.0
68513,15.0
68514,15.0
68515,15.0
68516,15.0
68517,15.0
68518,15.0
68519,15.0
68520,15.0
68521,15.0
68522,15.0
68523,15.0
68524,15.0
68525,15.0
68526,15.0
68527,15.0
68528,15.0
68529,15.0
68530,15.0
68531,15.0
68532,15.0
68533,15.0
68534,15.0
68535,15.0
68536,15.0
68537,15.0
68538,15.0
68539,15.0
68540,15.0
68541,15.0
68542,15.0
68543,15.0
68544,15.0
68545,15.0
68546,15.0
68547,15.0
68548,15.0
68549,15.0
68550,15.0
68551,15.0
68552,15.0
68553,15.0
68554,15.0
68555,15.0
68556,15.0
68557,15.0
68558,15.0
68559,15.0
68560,15.0
68561,15.0
68562,15.0
68563,15.0
68564,15.0
68565,15.0
68566,15.0
68567,15.0
68568,15.0
68569,15.0
68570,15.0
68571,15.0
68572,15.0
68573,15.0
68574,15.0
68575,15.0
68576,15.0
68577,15.0
68578,15.0
68579,15.0
68580,15.0
68581,15.0
68582,15.0
68583,15.0
68584,15.0
68585,15.0
68586,15.0
68587,15.0
68588,15.0
68589,15.0
68707,15.0
69237,1000000.0
69238,1000000.0
69239,1000000.0
69240,1000000.0
69241,1000000.0
69242,1000000.0
69243,1000000.0
69244,1000000.0
69245,1000000.0
69246,1000000.0
69247,1000000.0
69248,1000000.0
69249,1000000.0
69250,1000000.0
69254,10000.0
69255,10000.0
69256,10000.0
69257,10000.0
69258,10000.0
69419,10.0
69587,10.0
69702,10.0
72789,10.0
72800,10.0
73363,10.0
73473,10.0
73587,10.0
73740,10.0
73775,10.0
73780,10.0
73904,10.0
73992,10.0
74654,10.0
74659,10.0
74729,10.0
74760,10.0
77109,10.0
78041,10.0
78134,10.0
79239,10.0
80481,10.0
82305,10.0
82433,10.0
82444,10.0
82626,10.0
83638,10.0
83662,10.0
84381,10.0
84424,10.0
84442,10.0
84444,10.0
84825,10.0
86648,10.0
86834,10.0
86926,10.0
87066,10.0
87161,10.0
87273,10.0
87274,10.0
87464,10.0
87518,10.0
87961,10.0
87988,10.0
87989,10.0
88132,10.0
90767,10.0
90826,10.0
91192,10.0
91259,10.0
91332,10.0
91504,10.0
91640,10.0
93094,10.0
93546,10.0
93641,10.0
93657,10.0
93679,10.0
94300,10.0
94600,10.0
94611,10.0
94640,10.0
94822,10.0
95043,10.0
95779,10.0
95883,10.0
95885,10.0
96098,10.0
99217,10.0
99481,10.0
99500,10.0
99786,10.0
100160,10.0
100275,10.0
100291,10.0
100306,10.0
100378,10.0
100421,10.0
100427,10.0
100683,10.0
100710,10.0
101110,10.0
102358,10.0
102564,10.0
103879,10.0
103912,10.0
104226,10.0
104419,10.0
104571,10.0
104659,10.0
104717,10.0
104901,10.0
104903,10.0
104962,10.0
105201,10.0
107677,10.0
108510,10.0
108582,10.0
108929,10.0
108972,10.0
109123,10.0
109216,10.0
109344,10.0
109352,10.0
109366,10.0
109459,10.0
109508,10.0
110814,10.0
112015,10.0
112098,10.0
112138,10.0
116335,10.0
116614,10.0
116748,10.0
116786,10.0
116810,10.0
116826,10.0
116858,10.0
117929,10.0
118182,10.0
118240,10.0
118392,10.0
119167,10.0
120040,10.0
120111,10.0
120755,10.0
121597,10.0
122382,10.0
122585,10.0
122709,10.0
125324,10.0
125734,10.0
125746,10.0
125868,10.0
125917,10.0
126406,10.0
126992,10.0
127012,10.0
127212,10.0
127766,10.0
128106,10.0
129541,10.0
131441,10.0
131628,10.0
131808,10.0
131898,10.0
131961,10.0
132004,10.0
132721,10.0
132776,10.0
132808,10.0
135601,10.0
135647,10.0
135650,10.0
135860,10.0
135863,10.0
135882,10.0
136110,10.0
136907,10.0
136932,10.0
137363,10.0
137854,10.0
138022,10.0
139911,10.0
140058,10.0
140109,10.0
140425,10.0
140516,10.0
140727,10.0
140862,10.0
141833,10.0
141852,10.0
141881,10.0
144670,10.0
144775,10.0
144788,10.0
144855,10.0
145404,10.0
147129,10.0
147182,10.0
147548,10.0
147561,10.0
148958,10.0
151473,10.0
151602,10.0
151686,10.0
151715,10.0
152584,10.0
153121,10.0
153124,10.0
153195,10.0
153275,10.0
153493,10.0
153567,10.0
156788,10.0
157127,10.0
157139,10.0
157309,10.0
157342,10.0
157471,10.0
157596,10.0
159818,10.0
159975,10.0
160021,10.0
160206,10.0
160452,10.0
161350,10.0
161351,10.0
163602,10.0
164186,10.0
165201,10.0
165203,10.0
165397,10.0
165454,10.0
165484,10.0
166177,10.0
166501,10.0
166654,10.0
166741,10.0
166890,10.0
167085,10.0
167102,10.0
168880,10.0
169008,10.0
169024,10.0
171566,10.0
172493,10.0
173979,10.0
175082,10.0
175107,10.0
175666,10.0
176147,10.0
176574,10.0
177260,10.0
178412,10.0
178573,10.0
178581,10.0
179844,10.0
181086,10.0
181362,10.0
181365,10.0
181712,10.0
182487,10.0
183693,10.0
183758,10.0
184065,10.0
184383,10.0
184387,10.0
184388,10.0
184664,10.0
185317,10.0
185703,10.0
185718,10.0
185915,10.0
186118,10.0
187542,10.0
188051,10.0
188213,10.0
188216,10.0
188218,10.0
188223,10.0
188593,10.0
189065,10.0
189296,10.0
189968,10.0
191616,10.0
191897,10.0
192411,10.0
193096,10.0
193137,10.0
193175,10.0
194768,10.0
197015,10.0
197342,10.0
198571,10.0
199402,10.0
199458,10.0
200326,10.0
200392,10.0
201037,10.0
201735,10.0
205390,10.0
205515,10.0
205584,10.0
205657,10.0
206459,10.0
207132,10.0
207445,10.0
207848,10.0
207876,10.0
208051,10.0
208885,10.0
209066,10.0
210432,10.0
210670,10.0
210741,10.0
210788,10.0
210816,10.0
210858,10.0
213134,10.0
213447,10.0
213563,10.0
213829,10.0
215353,10.0
216345,10.0
218380,10.0
220846,10.0
221579,10.0
222162,10.0
222166,10.0
222185,10.0
222382,10.0
223729,10.0
223767,10.0
223827,10.0
223922,10.0
224873,10.0
225870,10.0
226015,10.0
226024,10.0
226033,10.0
229378,10.0
229673,10.0
229688,10.0
229703,10.0
229706,10.0
229720,10.0
229777,10.0
229804,10.0
229807,10.0
230941,10.0
231591,10.0
231753,10.0
231818,10.0
233578,10.0
233580,10.0
235522,10.0
235524,10.0
236524,10.0
236675,10.0
237310,10.0
238639,10.0
239519,10.0
239828,10.0
240229,10.0
241939,10.0
242335,10.0
242850,10.0
242957,10.0
243329,10.0
246317,10.0
250047,10.0
250212,10.0
250566,10.0
251014,10.0
251722,10.0
252330,10.0
254891,10.0
255461,10.0
255545,10.0
257253,10.0
257628,10.0
257834,10.0
259659,10.0
259678,10.0
259867,10.0
259981,10.0
260416,10.0
260468,10.0
261615,10.0
261814,10.0
262212,10.0
262231,10.0
262665,10.0
263907,10.0
265197,10.0
265367,10.0
267066,10.0
267081,10.0
268183,10.0
271117,10.0
271203,10.0
271207,10.0
271312,10.0
271993,10.0
272108,10.0
272208,10.0
272217,10.0
272821,10.0
273203,10.0
275001,10.0
275287,10.0
275831,10.0
276147,10.0
276724,10.0
278827,10.0
279063,10.0
279184,10.0
279188,10.0
279206,10.0
279211,10.0
279364,10.0
279478,10.0
280102,10.0
280552,10.0
285236,10.0
285252,10.0
285417,10.0
285435,10.0
285440,10.0
287276,10.0
287277,10.0
287697,10.0
287763,10.0
287771,10.0
288139,10.0
292236,10.0
292457,10.0
293876,10.0
295554,10.0
295683,10.0
295773,10.0
296190,10.0
296309,10.0
296430,10.0
296572,10.0
296658,10.0
297665,10.0
297892,10.0
297915,10.0
298507,10.0
298513,10.0
299641,10.0
300002,10.0
300234,10.0
301347,10.0
301513,10.0
303754,10.0
303781,10.0
303827,10.0
303903,10.0
304005,10.0
304079,10.0
305607,10.0
306361,10.0
306364,10.0
306442,10.0
306619,10.0
307077,10.0
307096,10.0
307126,10.0
307139,10.0
308891,10.0
309953,10.0
311243,10.0
311323,10.0
312420,10.0
312488,10.0
313359,10.0
313761,10.0
314160,10.0
318183,10.0
318189,10.0
318199,10.0
318277,10.0
320197,10.0
320250,10.0
320570,10.0
321404,10.0
322615,10.0
324337,10.0
324584,10.0
324868,10.0
327760,10.0
328031,10.0
328123,10.0
328147,10.0
328309,10.0
330751,10.0
331025,10.0
335249,10.0
337724,10.0
337780,10.0
338315,10.0
339093,10.0
339100,10.0
340685,10.0
343467,10.0
344509,10.0
344676,10.0
348281,10.0
349313,10.0
349447,10.0
349536,10.0
350085,10.0
352874,10.0
352875,10.0
353103,10.0
353388,10.0
353502,10.0
354209,10.0
355903,10.0
355909,10.0
357579,10.0
358637,10.0
358638,10.0
358659,10.0
358730,10.0
358735,10.0
361153,10.0
361180,10.0
363324,10.0
364666,10.0
365460,10.0
365523,10.0
365687,10.0
366143,10.0
366150,10.0
368156,10.0
370462,10.0
370604,10.0
374232,10.0
374265,10.0
374488,10.0
374787,10.0
375751,10.0
377207,10.0
379640,10.0
379671,10.0
379678,10.0
379795,10.0
379838,10.0
380739,10.0
380776,10.0
381460,10.0
382453,10.0
382786,10.0
384802,10.0
385788,10.0
386167,10.0
386601,10.0
388327,10.0
388505,10.0
390722,10.0
391211,10.0
391266,10.0
391621,10.0
392688,10.0
393121,10.0
393423,10.0
393912,10.0
395123,10.0
396131,10.0
396349,10.0
397037,10.0
397510,10.0
398379,10.0
398687,10.0
398800,10.0
398820,10.0
399691,10.0
399728,10.0
400936,10.0
401679,10.0
401692,10.0
401826,10.0
401966,10.0
402128,10.0
402255,10.0
402471,10.0
403270,10.0
403669,10.0
403672,10.0
406225,10.0
406261,10.0
409190,10.0
410112,10.0
410115,10.0
410132,10.0
411037,10.0
411833,10.0
412620,10.0
413060,10.0
414624,10.0
415363,10.0
415576,10.0
418392,10.0
420084,10.0
420123,10.0
420501,10.0
420566,10.0
421167,10.0
422542,10.0
425000,10.0
426140,10.0
428803,10.0
428841,10.0
429794,10.0
431213,10.0
431394,10.0
431928,10.0
433603,10.0
433804,10.0
435603,10.0
435654,10.0
435851,10.0
435885,10.0
436162,10.0
437505,10.0
437607,10.0
437811,10.0
438221,10.0
441421,10.0
441765,10.0
444857,10.0
445914,10.0
445976,10.0
446059,10.0
446127,10.0
446176,10.0
447062,10.0
447116,10.0
449477,10.0
449543,10.0
449594,10.0
449897,10.0
450301,10.0
455236,10.0
455519,10.0
455550,10.0
455617,10.0
455906,10.0
457961,10.0
458438,10.0
459168,10.0
459769,10.0
459950,10.0
459966,10.0
460943,10.0
460945,10.0
460946,10.0
460947,10.0
468481,10.0
468494,10.0
468495,10.0
468496,10.0
468497,10.0
468498,10.0
468499,10.0
468500,10.0
468502,10.0
468516,10.0
468518,10.0
468519,10.0
468523,10.0
469808,10.0
469812,10.0
469831,10.0
469856,10.0
469859,10.0
472359,10.0
472364,10.0
472367,10.0
475354,10.0
475355,10.0
475356,10.0
475357,10.0
475358,10.0
475359,10.0
475360,10.0
475361,10.0
475362,10.0
475363,10.0
475424,10.0
475425,10.0
478276,10.0
479327,10.0
479328,10.0
488299,10.0
488308,10.0
488339,10.0
488401,10.0
488408,10.0
488724,18.0
488725,18.0
488726,15.0
488727,15.0
488728,15.0
488729,15.0
488730,15.0
488732,15.0
488733,15.0
488734,15.0
488735,15.0
488736,15.0
488737,15.0
488738,15.0
488739,12.0
488854,10.0
488856,10.0
488857,10.0
488858,10.0
488954,10.0
488955,10.0
488956,10.0
488957,10.0
488959,10.0
491018,20.0
491044,15.0
491045,15.0
491057,10.0
491810,10.0
