parcel_id,redev_friction
10040,20.0
10041,20.0
10042,20.0
10122,30.0
12453,10.0
12454,10.0
12456,10.0
12457,10.0
12458,10.0
12459,10.0
12460,10.0
12463,10.0
12464,10.0
12465,10.0
12466,10.0
12467,10.0
12486,10.0
12487,10.0
12488,10.0
12489,10.0
12490,10.0
12491,10.0
12492,10.0
12493,10.0
12494,10.0
12495,10.0
12496,10.0
12497,10.0
12498,10.0
12499,10.0
12500,10.0
12501,10.0
12504,10.0
12505,10.0
12506,10.0
12507,10.0
12508,10.0
12509,10.0
12510,10.0
12511,10.0
12517,10.0
12518,10.0
12519,10.0
12520,10.0
12521,10.0
12528,10.0
12540,10.0
12541,10.0
12542,10.0
12572,10.0
12598,10.0
12599,10.0
12600,10.0
12601,10.0
12602,10.0
12603,10.0
13318,10.0
13319,10.0
13320,10.0
13327,10.0
13562,10.0
13563,10.0
13607,10.0
13608,10.0
13609,10.0
13610,10.0
13611,10.0
13612,10.0
13613,10.0
13614,10.0
13615,10.0
13616,10.0
13617,10.0
13618,10.0
13619,10.0
13620,10.0
13621,10.0
13622,10.0
13623,10.0
13624,10.0
13625,10.0
13626,10.0
13627,10.0
13628,10.0
13629,10.0
13630,10.0
13636,10.0
13637,10.0
13638,10.0
13639,10.0
13642,10.0
13647,10.0
13648,10.0
13649,10.0
13650,10.0
13651,10.0
13652,10.0
13653,10.0
13654,10.0
13655,10.0
13656,10.0
13657,10.0
13658,10.0
13659,10.0
13660,10.0
13661,10.0
13662,10.0
13663,10.0
13664,10.0
13665,10.0
13666,10.0
13667,10.0
13668,10.0
13669,10.0
13670,10.0
13671,10.0
13672,10.0
13673,10.0
13674,10.0
13675,10.0
13676,10.0
13677,10.0
13678,10.0
13679,10.0
13680,10.0
13681,10.0
13682,10.0
13683,10.0
13684,10.0
13685,10.0
13686,10.0
13687,10.0
13688,10.0
13689,10.0
13690,10.0
13691,10.0
13692,10.0
13693,10.0
13694,10.0
13695,10.0
13696,10.0
13697,10.0
13698,10.0
13699,10.0
13700,10.0
13701,10.0
13702,10.0
13703,10.0
13704,10.0
13705,10.0
13706,10.0
13707,10.0
13708,10.0
13709,10.0
13710,10.0
13711,10.0
13712,10.0
13713,10.0
13714,10.0
13715,10.0
13716,10.0
13717,10.0
13718,10.0
13719,10.0
13720,10.0
13721,10.0
13722,10.0
13723,10.0
13724,10.0
13725,10.0
13726,10.0
13727,10.0
13742,10.0
13743,10.0
13744,10.0
13745,10.0
13746,10.0
13747,10.0
13748,10.0
13749,10.0
13750,10.0
13751,10.0
13752,10.0
13753,10.0
13754,10.0
13755,10.0
13756,10.0
13757,10.0
13758,10.0
13769,10.0
13770,10.0
13784,10.0
13785,10.0
13786,10.0
13821,10.0
13822,10.0
13823,10.0
13824,10.0
13825,10.0
13826,10.0
13827,10.0
13828,10.0
13829,10.0
13830,10.0
13831,10.0
13832,10.0
13879,10.0
13892,10.0
13893,10.0
13894,10.0
13896,10.0
13897,10.0
13898,10.0
13907,10.0
13909,10.0
13910,10.0
13911,10.0
13913,10.0
13914,10.0
13915,10.0
13916,10.0
13917,10.0
13918,10.0
13919,10.0
13920,10.0
13921,10.0
13922,10.0
13923,10.0
13924,10.0
13926,10.0
13928,10.0
13930,10.0
13938,10.0
13939,10.0
13940,10.0
13941,10.0
13942,10.0
13943,10.0
13944,10.0
13945,10.0
13962,10.0
13963,10.0
13964,10.0
13965,10.0
13966,10.0
13967,10.0
13968,10.0
13969,10.0
13970,10.0
13971,10.0
13972,10.0
13973,10.0
13974,10.0
13975,10.0
13976,10.0
13978,10.0
13979,10.0
13980,10.0
13981,10.0
13982,10.0
14008,10.0
14010,10.0
14011,10.0
14051,10.0
14052,10.0
14053,10.0
14054,10.0
14055,10.0
14057,10.0
14058,10.0
14059,10.0
15061,10.0
15063,10.0
15064,10.0
15065,10.0
15930,10.0
15931,10.0
15932,10.0
15933,10.0
15934,10.0
15935,10.0
15936,10.0
15937,10.0
15938,10.0
15939,10.0
15945,10.0
15946,10.0
15947,10.0
15948,10.0
15949,10.0
15950,10.0
15951,10.0
16746,10.0
16748,10.0
16749,10.0
16750,10.0
16751,10.0
16752,10.0
16753,10.0
16754,10.0
16755,10.0
16756,10.0
16757,10.0
16758,10.0
16759,10.0
16760,10.0
16761,10.0
16762,10.0
16763,10.0
16764,10.0
16765,10.0
16766,10.0
16767,10.0
16768,10.0
16769,10.0
16770,10.0
16771,10.0
16772,10.0
16773,10.0
16774,10.0
16775,10.0
16776,10.0
16777,10.0
16778,10.0
16779,10.0
16780,10.0
16781,10.0
16782,10.0
16783,10.0
16784,10.0
16785,10.0
16786,10.0
16787,10.0
16788,10.0
16789,10.0
16790,10.0
16791,10.0
16792,10.0
16793,10.0
16794,10.0
16795,10.0
16796,10.0
16797,10.0
16798,10.0
16799,10.0
16800,10.0
16801,10.0
16802,10.0
16803,10.0
16804,10.0
16805,10.0
16806,10.0
16807,10.0
16808,10.0
16809,10.0
16810,10.0
16811,10.0
16812,10.0
16817,10.0
16818,10.0
16819,10.0
16820,10.0
16824,10.0
16825,10.0
16826,10.0
16827,10.0
16828,10.0
16829,10.0
16830,10.0
16831,10.0
16832,10.0
16833,10.0
16834,10.0
16835,10.0
16836,10.0
16837,10.0
16838,10.0
16839,10.0
16840,10.0
16841,10.0
16842,10.0
16843,10.0
16844,10.0
16845,10.0
16846,10.0
16847,10.0
16848,10.0
16849,10.0
16850,10.0
16851,10.0
16852,10.0
16853,10.0
16854,10.0
16855,10.0
16856,10.0
16857,10.0
16858,10.0
16859,10.0
16860,10.0
16861,10.0
16862,10.0
16863,10.0
16864,10.0
16865,10.0
16866,10.0
16867,10.0
16868,10.0
16869,10.0
16870,10.0
16871,10.0
16872,10.0
16873,10.0
16874,10.0
16875,10.0
16876,10.0
16877,10.0
16878,10.0
16879,10.0
16880,10.0
16881,10.0
16882,10.0
16883,10.0
16884,10.0
16885,10.0
16886,10.0
16887,10.0
16888,10.0
16889,10.0
16890,10.0
16891,10.0
16892,10.0
16893,10.0
16894,10.0
16895,10.0
16896,10.0
16897,10.0
16898,10.0
16899,10.0
16900,10.0
16901,10.0
16902,10.0
16903,10.0
16904,10.0
16905,10.0
16906,10.0
16907,10.0
16908,10.0
16909,10.0
16910,10.0
16911,10.0
16912,10.0
16913,10.0
16914,10.0
16915,10.0
16916,10.0
16917,10.0
16918,10.0
16919,10.0
16920,10.0
16921,10.0
16922,10.0
16923,10.0
16926,10.0
16927,10.0
16928,10.0
16929,10.0
16930,10.0
16931,10.0
16932,10.0
16933,10.0
16934,10.0
16935,10.0
16936,10.0
16937,10.0
16938,10.0
16939,10.0
16940,10.0
16941,10.0
16942,10.0
16943,10.0
16944,10.0
16945,10.0
16946,10.0
16947,10.0
16948,10.0
16949,10.0
16950,10.0
16951,10.0
16952,10.0
16953,10.0
16954,10.0
16955,10.0
16956,10.0
16957,10.0
16958,10.0
16959,10.0
16960,10.0
16961,10.0
16962,10.0
16963,10.0
16964,10.0
16965,10.0
16966,10.0
16967,10.0
16968,10.0
16969,10.0
16970,10.0
16971,10.0
16972,10.0
16973,10.0
16974,10.0
16975,10.0
16977,10.0
16978,10.0
16979,10.0
16980,10.0
16981,10.0
16982,10.0
16983,10.0
16984,10.0
16985,10.0
16986,10.0
16987,10.0
16988,10.0
17025,10.0
17026,10.0
17027,10.0
17028,10.0
17029,10.0
17030,10.0
17031,10.0
17032,10.0
17033,10.0
17034,10.0
17035,10.0
17036,10.0
17037,10.0
17038,10.0
17039,10.0
17040,10.0
17041,10.0
17042,10.0
17043,10.0
17044,10.0
17045,10.0
17046,10.0
17047,10.0
17048,10.0
17049,10.0
17050,10.0
17083,10.0
17084,10.0
17085,10.0
17086,10.0
17087,10.0
17109,10.0
17110,10.0
17112,10.0
17113,10.0
17117,10.0
17118,10.0
17119,10.0
17120,10.0
17121,10.0
17122,10.0
17123,10.0
17124,10.0
17125,10.0
17126,10.0
17127,10.0
17128,10.0
17129,10.0
17130,10.0
17131,10.0
17132,10.0
17133,10.0
17134,10.0
17135,10.0
17136,10.0
17137,10.0
17138,10.0
17139,10.0
17140,10.0
17141,10.0
17142,10.0
17143,10.0
17144,10.0
17155,10.0
17156,10.0
17157,10.0
17158,10.0
17159,10.0
17160,10.0
17161,10.0
17162,10.0
17163,10.0
17164,10.0
17165,10.0
17166,10.0
17167,10.0
17168,10.0
17169,10.0
17170,10.0
17171,10.0
17172,10.0
17173,10.0
17176,10.0
17177,10.0
17178,10.0
17195,10.0
17201,10.0
17202,10.0
17203,10.0
17204,10.0
17205,10.0
17206,10.0
17207,10.0
17208,10.0
17209,10.0
17210,10.0
17211,10.0
17212,10.0
17213,10.0
17214,10.0
17215,10.0
17216,10.0
17217,10.0
17240,10.0
17241,10.0
17242,10.0
17243,10.0
17244,10.0
17245,10.0
17246,10.0
17247,10.0
17248,10.0
17249,10.0
17250,10.0
17251,10.0
17252,10.0
17253,10.0
17254,10.0
17255,10.0
17256,10.0
17257,10.0
17259,10.0
17290,10.0
17291,10.0
17292,10.0
17293,10.0
17294,10.0
17295,10.0
17296,10.0
17297,10.0
17298,10.0
17299,10.0
17300,10.0
17301,10.0
17302,10.0
17303,10.0
17304,10.0
17305,10.0
17306,10.0
17307,10.0
17308,10.0
17309,10.0
17310,10.0
17311,10.0
17312,10.0
17313,10.0
17314,10.0
17315,10.0
17316,10.0
17317,10.0
17318,10.0
17319,10.0
17320,10.0
17321,10.0
17322,10.0
17323,10.0
17324,10.0
17325,10.0
17326,10.0
17327,10.0
17328,10.0
17329,10.0
17330,10.0
17331,10.0
17332,10.0
17333,10.0
17334,10.0
17335,10.0
17336,10.0
17337,10.0
17338,10.0
17339,10.0
17340,10.0
17341,10.0
17342,10.0
17343,10.0
17356,10.0
17357,10.0
17358,10.0
17359,10.0
18986,10.0
19005,10.0
19006,10.0
19015,10.0
19016,10.0
19017,10.0
19018,10.0
19019,10.0
19020,10.0
19021,10.0
19022,10.0
19023,10.0
19024,10.0
19025,10.0
19026,10.0
19029,10.0
19037,10.0
19038,10.0
19039,10.0
19063,10.0
19064,10.0
19065,10.0
19066,10.0
19067,10.0
19068,10.0
19069,10.0
19070,10.0
19071,10.0
19072,10.0
19073,10.0
19074,10.0
19075,10.0
19076,10.0
19077,10.0
19078,10.0
19079,10.0
19080,10.0
19083,10.0
19658,10.0
19659,10.0
19660,10.0
19661,10.0
19662,10.0
19663,10.0
19664,10.0
19665,10.0
19666,10.0
19667,10.0
19780,10.0
19781,10.0
19784,10.0
19785,10.0
19786,10.0
19819,10.0
19833,10.0
19834,10.0
19835,10.0
20224,10.0
20225,10.0
20227,10.0
20228,10.0
20229,10.0
20230,10.0
20231,10.0
20232,10.0
20233,10.0
20234,10.0
20235,10.0
20236,10.0
20237,10.0
20238,10.0
20239,10.0
20240,10.0
20241,10.0
20242,10.0
20243,10.0
20244,10.0
20245,10.0
20246,10.0
20247,10.0
20248,10.0
20249,10.0
20250,10.0
20251,10.0
20252,10.0
20253,10.0
20254,10.0
20255,10.0
20256,10.0
20257,10.0
20258,10.0
20259,10.0
20260,10.0
20261,10.0
20271,10.0
20272,10.0
20273,10.0
20277,10.0
20278,10.0
20279,10.0
20280,10.0
20281,10.0
20282,10.0
20283,10.0
20284,10.0
20285,10.0
20286,10.0
20287,10.0
20288,10.0
20289,10.0
20290,10.0
20296,10.0
20297,10.0
20298,10.0
20299,10.0
20307,10.0
20308,10.0
20309,10.0
20310,10.0
20311,10.0
20312,10.0
20313,10.0
20314,10.0
20315,10.0
20316,10.0
20317,10.0
20318,10.0
20319,10.0
20320,10.0
20321,10.0
20322,10.0
20323,10.0
20324,10.0
20325,10.0
20326,10.0
20327,10.0
20329,10.0
20352,10.0
20353,10.0
20354,10.0
20355,10.0
20384,10.0
20385,10.0
20386,10.0
20387,10.0
20388,10.0
20389,10.0
20390,10.0
20391,10.0
20415,10.0
20422,10.0
20423,10.0
20424,10.0
20425,10.0
20426,10.0
20427,10.0
20428,10.0
20429,10.0
20430,10.0
20431,10.0
20432,10.0
20433,10.0
20434,10.0
20435,10.0
20436,10.0
20437,10.0
20438,10.0
20439,10.0
20440,10.0
20441,10.0
20442,10.0
20443,10.0
20444,10.0
20445,10.0
20446,10.0
20447,10.0
20449,10.0
20451,10.0
20452,10.0
20453,10.0
20454,10.0
20455,10.0
20456,10.0
20457,10.0
20458,10.0
20459,10.0
20461,10.0
20462,10.0
20463,10.0
20464,10.0
20465,10.0
20466,10.0
20467,10.0
20468,10.0
20469,10.0
20470,10.0
20471,10.0
20472,10.0
20473,10.0
20474,10.0
20475,10.0
20476,10.0
20477,10.0
20486,10.0
20487,10.0
20488,10.0
20489,10.0
20490,10.0
20491,10.0
20492,10.0
20493,10.0
20494,10.0
20495,10.0
20496,10.0
20497,10.0
20498,10.0
20499,10.0
20500,10.0
20536,10.0
20545,10.0
20546,10.0
20547,10.0
20548,10.0
20549,10.0
20550,10.0
20551,10.0
20552,10.0
20553,10.0
20554,10.0
20555,10.0
20556,10.0
20557,10.0
20558,10.0
20578,10.0
20579,10.0
20580,10.0
20583,10.0
20584,10.0
20585,10.0
20586,10.0
20587,10.0
20588,10.0
20589,10.0
20590,10.0
20591,10.0
20592,10.0
20593,10.0
20594,10.0
20595,10.0
20596,10.0
20597,10.0
20598,10.0
20599,10.0
20600,10.0
20601,10.0
20602,10.0
20603,10.0
20604,10.0
20605,10.0
20606,10.0
20607,10.0
20608,10.0
20609,10.0
20610,10.0
20611,10.0
20612,10.0
20620,10.0
20621,10.0
20622,10.0
20623,10.0
20624,10.0
27180,10.0
27219,10.0
27220,10.0
27221,10.0
27222,10.0
27223,10.0
27224,10.0
27225,10.0
27226,10.0
27232,10.0
27233,10.0
27234,10.0
27235,10.0
27241,10.0
27242,10.0
27294,10.0
27295,10.0
27296,10.0
27297,10.0
27298,10.0
27299,10.0
27300,10.0
27301,10.0
27302,10.0
27303,10.0
27304,10.0
27305,10.0
27306,10.0
27307,10.0
27308,10.0
27309,10.0
27310,10.0
27311,10.0
27312,10.0
27313,10.0
27314,10.0
27399,10.0
27408,10.0
27409,10.0
28131,10.0
28133,10.0
28160,10.0
28161,10.0
28175,10.0
28176,10.0
28180,10.0
28201,10.0
28203,10.0
28310,10.0
28442,10.0
28555,10.0
28582,12.0
29640,12.0
29921,10.0
29922,10.0
29927,10.0
30506,10.0
31092,18.0
31093,18.0
31452,10.0
31550,10.0
31551,10.0
31552,10.0
31553,10.0
31554,10.0
31555,10.0
31556,10.0
31557,10.0
31558,10.0
31559,10.0
31560,10.0
31561,10.0
31562,10.0
31563,10.0
31564,10.0
31565,10.0
31566,10.0
31567,10.0
31568,10.0
31569,10.0
31570,10.0
31571,10.0
31572,10.0
31573,10.0
31574,10.0
31575,10.0
31576,10.0
31577,10.0
31579,10.0
31582,10.0
31583,10.0
31584,10.0
31585,10.0
31586,10.0
31587,10.0
31589,20.0
31590,20.0
31591,10.0
31628,10.0
31630,10.0
32186,10.0
32187,10.0
32188,10.0
32189,10.0
32190,10.0
32192,10.0
32193,10.0
32194,10.0
32201,10.0
32202,10.0
32203,10.0
32204,10.0
32205,10.0
32206,10.0
32209,10.0
32210,10.0
32229,10.0
32230,10.0
32231,10.0
32232,10.0
32233,10.0
32234,10.0
32235,10.0
32236,10.0
32237,10.0
32238,10.0
32239,10.0
32240,10.0
33372,10.0
33436,10.0
33437,10.0
33450,10.0
33639,10.0
33640,10.0
33641,10.0
33704,10.0
33719,10.0
33845,10.0
33846,10.0
33939,10.0
33994,10.0
33995,10.0
34026,10.0
34041,10.0
34047,10.0
34065,10.0
34106,10.0
34128,10.0
34202,10.0
34204,10.0
34210,10.0
34236,10.0
34290,10.0
34332,10.0
34352,10.0
34355,10.0
34365,10.0
34375,10.0
34376,10.0
34459,10.0
34569,10.0
34570,10.0
34688,10.0
34689,10.0
34690,10.0
34699,10.0
34713,10.0
34717,10.0
34721,10.0
34722,10.0
34723,10.0
34724,10.0
34725,10.0
34731,10.0
34732,10.0
34733,10.0
34734,10.0
34735,10.0
34736,10.0
34737,10.0
34738,10.0
34879,10.0
34880,10.0
34980,10.0
35093,10.0
35220,10.0
35221,10.0
35263,10.0
35264,10.0
35265,10.0
35297,18.0
35298,18.0
35303,10.0
35337,10.0
35338,12.0
35389,10.0
35435,10.0
35436,10.0
35507,18.0
35508,18.0
35737,10.0
35738,10.0
35739,10.0
35740,10.0
35741,10.0
35742,10.0
35743,10.0
35744,10.0
35745,10.0
35746,10.0
35747,10.0
35748,10.0
35749,10.0
35751,10.0
35752,10.0
35753,10.0
35754,10.0
35755,10.0
35756,10.0
35757,10.0
35758,10.0
35759,10.0
35760,10.0
35761,10.0
35762,10.0
35763,10.0
35764,10.0
35765,10.0
35766,10.0
35767,10.0
35768,10.0
35769,10.0
35770,10.0
35771,10.0
35772,10.0
35773,10.0
35774,10.0
35775,10.0
35776,10.0
35777,10.0
35778,10.0
35779,10.0
35780,10.0
35781,10.0
35782,10.0
35783,10.0
35784,10.0
35785,10.0
35786,10.0
35787,10.0
35788,10.0
35789,10.0
35790,10.0
35791,10.0
35792,10.0
35793,10.0
35794,10.0
35795,10.0
35796,10.0
35797,10.0
35798,10.0
35799,10.0
35800,10.0
35801,10.0
35802,10.0
35803,10.0
35804,10.0
35805,10.0
35806,10.0
35807,10.0
35808,10.0
35809,10.0
35810,10.0
35811,10.0
35816,10.0
35817,10.0
35819,10.0
35820,10.0
35821,10.0
35822,10.0
35823,10.0
35845,10.0
35928,10.0
35929,10.0
35930,10.0
35931,10.0
35932,10.0
35934,10.0
35936,10.0
35969,10.0
35970,10.0
35971,10.0
35972,10.0
35973,10.0
36376,20.0
36382,20.0
36537,10.0
36538,10.0
36539,10.0
36540,10.0
36541,10.0
36542,10.0
36543,10.0
36544,10.0
36545,10.0
36546,10.0
36548,10.0
36550,10.0
36551,10.0
36552,10.0
36553,10.0
36554,10.0
36555,10.0
36556,10.0
36557,10.0
36558,10.0
36559,10.0
36560,10.0
36561,10.0
36562,10.0
36563,10.0
36564,10.0
36565,10.0
36566,10.0
36567,10.0
36568,10.0
36569,10.0
36570,10.0
36571,10.0
36572,10.0
36573,10.0
36574,10.0
36575,10.0
36576,10.0
36577,10.0
36578,10.0
36579,10.0
36580,10.0
36581,10.0
36635,10.0
36636,10.0
36637,10.0
36638,10.0
36639,10.0
36640,10.0
36641,10.0
36642,10.0
36643,10.0
36644,10.0
36645,10.0
36646,10.0
36647,10.0
36648,10.0
36649,10.0
36650,10.0
36651,10.0
36652,10.0
36653,10.0
36654,10.0
36655,10.0
36656,10.0
36657,10.0
36658,10.0
36659,10.0
36660,10.0
36661,10.0
36662,10.0
36663,10.0
36664,10.0
36665,10.0
36666,10.0
36667,10.0
36668,10.0
36669,10.0
36670,10.0
36699,10.0
36700,10.0
36701,10.0
36702,10.0
36703,10.0
36704,10.0
36705,10.0
36706,10.0
36707,10.0
36708,10.0
36709,10.0
36710,10.0
36711,10.0
36712,10.0
36713,20.0
36714,20.0
36715,20.0
36716,20.0
36717,10.0
36718,20.0
36719,10.0
36720,10.0
36721,10.0
36722,10.0
36723,10.0
36724,10.0
36725,10.0
36726,10.0
36727,10.0
36728,10.0
36729,10.0
36733,10.0
36734,10.0
36735,10.0
36736,10.0
36737,10.0
36738,10.0
36739,10.0
36740,10.0
36741,10.0
36742,10.0
36743,10.0
36744,10.0
36745,10.0
36746,10.0
36747,10.0
36748,10.0
36749,10.0
38905,10.0
38964,10.0
38965,10.0
38968,10.0
38969,10.0
39015,10.0
39023,10.0
39135,10.0
39142,10.0
39143,10.0
39147,10.0
39148,10.0
39150,10.0
39158,10.0
39205,10.0
39206,10.0
39207,10.0
39210,10.0
39296,10.0
39297,10.0
39324,10.0
39381,10.0
39382,10.0
39383,10.0
39395,10.0
39400,10.0
39462,10.0
39502,10.0
39567,20.0
39587,10.0
39588,10.0
39589,10.0
39590,10.0
39591,10.0
39592,10.0
39593,10.0
39603,10.0
39610,10.0
39655,10.0
39684,10.0
39749,10.0
39752,10.0
39812,10.0
39820,10.0
39878,10.0
39958,10.0
39989,10.0
40079,10.0
40094,10.0
40095,10.0
40096,10.0
40132,10.0
40174,10.0
40213,10.0
40285,30.0
40448,10.0
40507,20.0
40676,10.0
40677,10.0
40716,10.0
40740,10.0
40747,10.0
40748,10.0
40753,10.0
40799,100.0
40896,10.0
40902,10.0
40932,10.0
40933,10.0
40934,10.0
40935,10.0
40936,10.0
40937,10.0
40938,10.0
40939,10.0
40946,20.0
40947,20.0
40948,20.0
40949,20.0
41059,10.0
41066,10.0
41075,10.0
41076,10.0
41087,10.0
41088,10.0
41092,10.0
41106,10.0
41174,10.0
41319,10.0
41320,10.0
41321,10.0
41372,10.0
41378,10.0
41392,10.0
41396,10.0
41412,10.0
41419,10.0
41471,10.0
41541,20.0
41558,10.0
41559,10.0
41560,10.0
41642,10.0
41722,100.0
41837,10.0
41871,10.0
42330,10.0
42331,10.0
42332,10.0
42333,10.0
42334,10.0
42335,10.0
42336,10.0
42337,10.0
42338,10.0
42339,10.0
42340,10.0
42341,10.0
42342,10.0
42343,10.0
42344,10.0
42345,10.0
42346,10.0
42347,10.0
42348,10.0
42349,10.0
42350,10.0
42351,10.0
42352,10.0
42353,10.0
42354,10.0
42355,10.0
42356,10.0
42357,10.0
42358,10.0
42359,10.0
42360,10.0
42361,10.0
42362,10.0
42363,10.0
42364,10.0
42365,10.0
42366,10.0
42367,10.0
42368,10.0
42369,10.0
42370,10.0
42371,10.0
42372,10.0
42373,10.0
42374,10.0
42375,10.0
42376,10.0
42377,10.0
42380,10.0
42381,10.0
42382,10.0
42383,10.0
42384,10.0
42385,10.0
42386,10.0
42387,10.0
42388,10.0
42389,10.0
42390,10.0
42391,10.0
42394,10.0
42395,10.0
42396,10.0
42397,10.0
42398,10.0
42399,10.0
42400,10.0
42401,10.0
42402,10.0
42440,10.0
42441,10.0
42442,10.0
42443,10.0
42444,10.0
42445,10.0
42446,10.0
42766,10.0
42767,10.0
42768,10.0
42769,10.0
44255,10.0
44256,10.0
44259,10.0
44260,10.0
44263,10.0
44264,10.0
44265,10.0
44266,10.0
44267,10.0
45518,10.0
45603,10.0
45607,10.0
45875,10.0
46051,10.0
46052,10.0
46086,10.0
46209,10.0
46284,10.0
46285,10.0
46351,10.0
46817,10.0
46832,10.0
46833,10.0
46965,10.0
46967,10.0
47007,15.0
47019,15.0
47034,10.0
47035,10.0
47279,10.0
47280,10.0
47369,10.0
47447,10.0
47560,10.0
47645,10.0
47653,10.0
48009,15.0
48018,10.0
48021,10.0
48022,10.0
48097,10.0
48106,10.0
48115,10.0
48116,10.0
48527,10.0
48528,10.0
48595,10.0
48601,15.0
48602,15.0
48767,10.0
48793,15.0
48794,15.0
48815,18.0
48816,15.0
48818,15.0
48819,15.0
48842,18.0
48843,18.0
48844,18.0
48845,18.0
49088,18.0
49096,10.0
49226,10.0
49235,15.0
49251,12.0
49297,10.0
49298,10.0
49299,10.0
49300,10.0
49301,10.0
49302,10.0
49303,10.0
49304,10.0
49305,10.0
49306,10.0
49307,10.0
49308,10.0
49309,10.0
49310,10.0
49311,10.0
49312,10.0
49313,10.0
49314,10.0
49352,10.0
49353,10.0
49354,10.0
49355,10.0
49356,10.0
49357,10.0
49358,10.0
49359,10.0
49360,10.0
49361,10.0
49362,10.0
49363,10.0
49364,10.0
49374,10.0
49375,10.0
49376,10.0
49377,10.0
49378,10.0
49379,10.0
49380,10.0
49381,10.0
49382,10.0
49383,10.0
49384,10.0
49385,10.0
49386,10.0
49387,10.0
49388,10.0
49389,10.0
49390,10.0
49391,10.0
49392,10.0
49393,10.0
49394,10.0
49395,10.0
49396,10.0
49397,10.0
49398,10.0
49399,10.0
49400,10.0
49401,10.0
49402,10.0
49404,10.0
49405,10.0
49406,10.0
49407,10.0
49408,10.0
49409,10.0
49410,10.0
49411,10.0
49412,10.0
49413,10.0
49414,10.0
49415,10.0
49416,10.0
49417,10.0
49418,10.0
49419,10.0
49420,10.0
49428,10.0
49451,10.0
49460,10.0
49790,10.0
49791,10.0
49792,10.0
49793,10.0
49794,10.0
49795,10.0
49796,10.0
49797,10.0
49798,10.0
49799,10.0
49800,10.0
49801,10.0
49802,10.0
49803,10.0
49804,10.0
49805,10.0
49806,10.0
49807,10.0
49808,10.0
49809,10.0
49810,10.0
49811,10.0
49812,10.0
49813,10.0
49814,10.0
49815,10.0
49816,10.0
49817,10.0
49819,10.0
49820,10.0
49821,10.0
49822,10.0
49823,10.0
49824,10.0
49825,10.0
49826,10.0
49827,10.0
49828,10.0
49829,10.0
49830,10.0
49831,10.0
49832,10.0
49833,10.0
49834,10.0
49835,10.0
49836,10.0
49837,10.0
49838,10.0
49839,10.0
49840,10.0
49841,10.0
49842,10.0
49843,10.0
49844,10.0
49845,10.0
49846,10.0
49847,10.0
49848,10.0
49849,10.0
49850,10.0
49851,10.0
49852,10.0
49853,10.0
49854,10.0
49917,10.0
49918,10.0
49919,10.0
49920,10.0
49921,10.0
49922,10.0
49923,10.0
49924,10.0
49925,10.0
49926,10.0
49927,10.0
49928,10.0
49929,10.0
49930,10.0
49931,10.0
49932,10.0
49933,10.0
49934,10.0
49935,10.0
49936,10.0
49937,10.0
49938,10.0
49939,10.0
49940,10.0
49941,10.0
49942,10.0
49943,10.0
49944,10.0
49945,10.0
49946,10.0
49947,10.0
49948,10.0
49950,10.0
49951,10.0
49952,10.0
50001,10.0
50002,10.0
50003,10.0
50004,10.0
50010,10.0
51046,10.0
51069,10.0
51081,10.0
51173,10.0
51174,10.0
51175,10.0
51176,10.0
51177,10.0
51355,10.0
51356,10.0
51374,10.0
51488,10.0
51489,10.0
51533,10.0
51534,10.0
51535,10.0
51596,10.0
51597,10.0
51599,10.0
51723,10.0
51724,10.0
51725,10.0
51786,10.0
51787,10.0
51788,10.0
51789,10.0
51790,10.0
51791,10.0
51798,10.0
51802,10.0
51864,10.0
51913,10.0
51923,10.0
52060,10.0
52062,10.0
52208,10.0
52225,10.0
52496,10.0
52525,10.0
52642,10.0
52682,10.0
52683,10.0
52684,10.0
52770,10.0
52785,10.0
52843,10.0
52845,10.0
52850,10.0
52864,10.0
52975,10.0
52986,10.0
52989,10.0
52990,10.0
52991,10.0
53022,10.0
53023,10.0
53034,10.0
53039,10.0
53042,10.0
53057,10.0
53058,10.0
53073,10.0
53075,10.0
53076,10.0
53243,10.0
53244,10.0
53245,10.0
53246,10.0
53247,10.0
53248,10.0
53254,10.0
53256,10.0
53292,10.0
53310,10.0
53330,10.0
53332,10.0
53333,10.0
53365,10.0
53367,10.0
53368,10.0
53398,10.0
53551,10.0
53553,10.0
53558,10.0
53565,10.0
54028,10.0
55270,10.0
55271,10.0
55272,10.0
55425,10.0
55477,10.0
55483,10.0
55569,10.0
55629,10.0
55633,10.0
55634,10.0
55635,10.0
55636,10.0
55830,10.0
55850,10.0
55869,30.0
55870,10.0
55871,10.0
55872,10.0
55873,10.0
55874,10.0
55875,10.0
55876,10.0
55877,10.0
55878,10.0
55879,10.0
55880,10.0
55881,10.0
55882,10.0
55887,10.0
55888,10.0
55889,10.0
55890,10.0
55891,10.0
55986,30.0
55987,30.0
56000,10.0
56001,10.0
56010,10.0
56026,10.0
56030,10.0
56035,10.0
56036,10.0
56037,10.0
56039,10.0
56040,10.0
56053,10.0
56054,10.0
56055,10.0
56056,10.0
56057,10.0
56060,10.0
56068,10.0
56069,10.0
56079,10.0
56272,15.0
56273,15.0
56274,15.0
56275,15.0
56276,15.0
56277,15.0
56278,15.0
56279,15.0
56280,15.0
56375,10.0
56376,10.0
56377,10.0
56378,10.0
56382,10.0
56488,15.0
56489,15.0
56490,15.0
56491,15.0
56492,15.0
56493,15.0
56494,15.0
56495,15.0
56496,15.0
56497,15.0
56498,15.0
56499,15.0
56500,15.0
56501,15.0
56502,15.0
56503,15.0
56504,15.0
56505,15.0
56506,15.0
56507,15.0
56508,15.0
56518,10.0
56565,10.0
56684,15.0
56692,10.0
56693,10.0
57223,18.0
57310,18.0
57371,12.0
57372,12.0
57665,10.0
59290,10.0
59989,18.0
59990,18.0
63710,10.0
63724,10.0
63725,10.0
63789,10.0
63837,15.0
63849,15.0
64436,10.0
64445,10.0
64574,10.0
64575,10.0
64576,10.0
64577,10.0
64578,10.0
64579,10.0
64580,10.0
64581,10.0
64582,10.0
64583,10.0
64584,10.0
64585,10.0
64586,10.0
64587,10.0
64588,10.0
64589,10.0
64590,10.0
64591,10.0
64592,10.0
64593,10.0
64594,10.0
64595,10.0
64596,10.0
64597,10.0
64598,10.0
64599,10.0
64600,10.0
64601,10.0
64602,10.0
64603,10.0
64604,10.0
64605,10.0
64606,10.0
64607,10.0
64608,10.0
64609,10.0
64610,10.0
64611,10.0
64612,10.0
64613,10.0
64615,10.0
64616,10.0
64617,10.0
64618,10.0
64619,10.0
64620,10.0
64621,10.0
64622,10.0
64623,20.0
64624,20.0
64625,20.0
64626,20.0
64627,20.0
64628,20.0
64629,20.0
64630,20.0
64631,20.0
64632,20.0
64633,20.0
64634,20.0
64635,20.0
64636,20.0
64637,20.0
64638,10.0
64639,10.0
64640,10.0
64641,10.0
64642,10.0
64643,10.0
64644,10.0
64645,10.0
64646,10.0
64647,10.0
64648,10.0
64649,10.0
64653,10.0
64665,10.0
64666,10.0
64667,10.0
64668,10.0
64671,10.0
64684,10.0
64685,10.0
64735,10.0
64736,10.0
64737,10.0
64950,10.0
64951,10.0
64952,10.0
64953,10.0
64959,10.0
64960,10.0
64970,10.0
64971,10.0
64972,10.0
64973,10.0
65971,10.0
65982,10.0
65983,20.0
65985,10.0
66062,10.0
66121,10.0
66206,10.0
66207,10.0
66370,10.0
66415,10.0
66416,10.0
66528,10.0
66586,10.0
66668,10.0
66838,10.0
66839,10.0
66871,10.0
67058,20.0
67059,20.0
67080,10.0
67084,10.0
67085,10.0
67095,10.0
67191,10.0
67298,10.0
67391,10.0
67431,10.0
67581,100.0
68009,10.0
69506,10.0
69507,10.0
69508,10.0
69509,10.0
69520,10.0
69521,10.0
70116,10.0
70117,10.0
152598,10.0
152603,10.0
152604,10.0
152608,10.0
152609,10.0
152610,10.0
152611,10.0
152612,10.0
152613,10.0
152614,10.0
152615,10.0
152616,10.0
152617,10.0
152618,10.0
152619,10.0
152620,10.0
152621,10.0
152622,10.0
152623,10.0
152624,10.0
152625,10.0
152626,10.0
152627,10.0
152628,10.0
152629,10.0
152630,10.0
152631,10.0
152632,10.0
152633,10.0
152634,10.0
152635,10.0
152636,10.0
152637,10.0
152638,10.0
152639,10.0
152640,10.0
152641,10.0
152642,10.0
152643,10.0
152644,10.0
152645,10.0
152646,10.0
152647,10.0
152648,10.0
152649,10.0
152650,10.0
152651,10.0
152652,10.0
152653,10.0
152654,10.0
152655,10.0
152656,10.0
152657,10.0
152658,10.0
152659,10.0
152660,10.0
152661,10.0
152662,10.0
152670,10.0
152732,10.0
152733,10.0
152734,10.0
152769,10.0
152770,10.0
152771,10.0
152772,10.0
152871,10.0
152872,10.0
152873,10.0
152874,10.0
152875,10.0
152876,10.0
152877,10.0
152878,10.0
152879,10.0
152889,10.0
152890,10.0
153550,10.0
153551,10.0
153552,10.0
153553,10.0
153554,10.0
153555,10.0
153556,10.0
153557,10.0
153558,10.0
153559,10.0
153560,10.0
153561,10.0
153562,10.0
153563,10.0
153564,10.0
153565,10.0
153566,10.0
155231,10.0
155232,10.0
155233,10.0
155561,10.0
155562,10.0
155563,10.0
155564,10.0
155565,10.0
155869,10.0
155870,10.0
155875,10.0
155876,10.0
155877,10.0
155878,10.0
155879,10.0
155880,10.0
155881,10.0
155882,10.0
155883,10.0
155884,10.0
155885,10.0
155886,10.0
155887,10.0
155888,10.0
155889,10.0
155890,10.0
155891,10.0
155892,10.0
155893,10.0
155894,10.0
155895,10.0
155896,10.0
155897,10.0
155898,10.0
155899,10.0
155900,10.0
155901,10.0
155902,10.0
155903,10.0
155904,10.0
155905,10.0
156166,10.0
156646,10.0
156647,10.0
156648,10.0
156664,10.0
156682,10.0
156748,10.0
156749,10.0
156956,10.0
156957,10.0
156958,10.0
156959,10.0
156960,10.0
156961,10.0
156962,10.0
156963,10.0
156964,10.0
156965,10.0
156966,10.0
156967,10.0
156968,10.0
156969,10.0
156970,10.0
156971,10.0
156972,10.0
156973,10.0
156974,10.0
156975,10.0
156976,10.0
156977,10.0
156978,10.0
156979,10.0
156980,10.0
156981,10.0
156982,10.0
156983,10.0
156984,10.0
156985,10.0
156986,10.0
156987,10.0
156988,10.0
156989,10.0
156990,10.0
156991,10.0
156992,10.0
156993,10.0
156994,10.0
156995,10.0
156996,10.0
156997,10.0
156998,10.0
156999,10.0
157000,10.0
157001,10.0
157002,10.0
157003,10.0
157004,10.0
157005,10.0
157006,10.0
157007,10.0
157008,10.0
157009,10.0
157010,10.0
157011,10.0
157012,10.0
157013,10.0
157014,10.0
157015,10.0
157016,10.0
157017,10.0
157019,10.0
157020,10.0
157021,10.0
157022,10.0
157023,10.0
157024,10.0
157025,10.0
157026,10.0
157027,10.0
157028,10.0
157029,10.0
157030,10.0
157031,10.0
157032,10.0
157033,10.0
157034,10.0
157035,10.0
157036,10.0
157037,10.0
157038,10.0
157039,10.0
157040,10.0
157041,10.0
157042,10.0
157043,10.0
157044,10.0
157045,10.0
157046,10.0
157047,10.0
157048,10.0
157049,10.0
157050,10.0
157051,10.0
157123,10.0
157124,10.0
157125,10.0
157126,10.0
157127,10.0
157128,10.0
157129,10.0
157130,10.0
157131,10.0
157132,10.0
157133,10.0
157134,10.0
157135,10.0
157136,10.0
157137,10.0
157138,10.0
157139,10.0
157140,10.0
157141,10.0
157142,10.0
157143,10.0
157144,10.0
157145,10.0
157146,10.0
157147,10.0
157148,10.0
157149,10.0
157150,10.0
157151,10.0
157152,10.0
157153,10.0
157154,10.0
157155,10.0
157156,10.0
157157,10.0
157158,10.0
157159,10.0
157160,10.0
157161,10.0
157162,10.0
157163,10.0
157164,10.0
157165,10.0
157166,10.0
157167,10.0
157168,10.0
157169,10.0
157170,10.0
157171,10.0
157172,10.0
157173,10.0
157174,10.0
157175,10.0
157176,10.0
157177,10.0
157178,10.0
157179,10.0
157180,10.0
157181,10.0
157182,10.0
157183,10.0
157184,10.0
157185,10.0
157186,10.0
157187,10.0
157188,10.0
157189,10.0
157190,10.0
157191,10.0
157192,10.0
157193,10.0
157194,10.0
157195,10.0
157196,10.0
157197,10.0
157198,10.0
157199,10.0
157200,10.0
157201,10.0
157202,10.0
157203,10.0
157204,10.0
157205,10.0
157206,10.0
157207,10.0
157208,10.0
157209,10.0
157210,10.0
157211,10.0
157212,10.0
157213,10.0
157214,10.0
157215,10.0
157216,10.0
157217,10.0
157218,10.0
157219,10.0
157220,10.0
157221,10.0
157222,10.0
157223,10.0
157224,10.0
157225,10.0
157226,10.0
157227,10.0
157228,10.0
157229,10.0
157230,10.0
157231,10.0
157232,10.0
157233,10.0
157234,10.0
157235,10.0
157236,10.0
157237,10.0
157238,10.0
157239,10.0
157243,10.0
157244,10.0
157245,10.0
157246,10.0
157247,10.0
157248,10.0
157249,10.0
157250,10.0
157251,10.0
157252,10.0
157253,10.0
157254,10.0
157255,10.0
157256,10.0
157257,10.0
157258,10.0
157259,10.0
157260,10.0
157261,10.0
157262,10.0
157263,10.0
157264,10.0
157265,10.0
157266,10.0
157267,10.0
157268,10.0
157269,10.0
157270,10.0
157271,10.0
157272,10.0
157273,10.0
157274,10.0
157275,10.0
157276,10.0
157277,10.0
157278,10.0
157279,10.0
157280,10.0
157281,10.0
157282,10.0
157283,10.0
157284,10.0
157285,10.0
157286,10.0
157287,10.0
157288,10.0
157289,10.0
157290,10.0
157291,10.0
157292,10.0
157293,10.0
157294,10.0
157295,10.0
157296,10.0
157297,10.0
157298,10.0
157299,10.0
157300,10.0
157301,10.0
157302,10.0
157303,10.0
157304,10.0
157305,10.0
157306,10.0
157307,10.0
157308,10.0
157309,10.0
157310,10.0
157311,10.0
157312,10.0
157313,10.0
157314,10.0
157315,10.0
157316,10.0
157317,10.0
157318,10.0
157319,10.0
157320,10.0
157321,10.0
157322,10.0
157323,10.0
157324,10.0
157325,10.0
157326,10.0
157327,10.0
157328,10.0
285935,10.0
344938,10.0
345557,10.0
370587,10.0
387597,10.0
395934,10.0
402477,10.0
408028,10.0
411495,10.0
412157,10.0
449084,10.0
449085,10.0
449086,10.0
449087,10.0
449088,10.0
449089,10.0
449090,10.0
449091,10.0
449106,10.0
449107,10.0
449111,10.0
449112,10.0
449113,10.0
449114,10.0
449131,10.0
449132,10.0
449137,10.0
449138,10.0
449441,10.0
449495,10.0
449496,10.0
449497,10.0
449498,10.0
449499,10.0
449502,10.0
449503,10.0
449504,10.0
449505,10.0
449506,10.0
449507,10.0
449508,10.0
449509,10.0
449510,10.0
449511,10.0
449512,10.0
449513,10.0
449514,10.0
449515,10.0
449516,10.0
449517,10.0
450531,10.0
450600,10.0
450603,10.0
450617,10.0
450650,10.0
450652,10.0
450679,10.0
450680,10.0
450706,10.0
450709,10.0
450710,10.0
450711,10.0
450712,10.0
450713,10.0
450714,10.0
450715,10.0
450716,10.0
450752,10.0
450753,10.0
450758,10.0
450759,10.0
450760,10.0
450761,10.0
450762,10.0
450763,10.0
450764,10.0
450765,10.0
450766,10.0
450767,10.0
450768,10.0
450769,10.0
450770,10.0
450771,10.0
450817,10.0
450887,10.0
450888,10.0
450889,10.0
450963,10.0
450964,10.0
450966,10.0
450971,10.0
450975,10.0
451010,10.0
451022,10.0
451023,10.0
451024,10.0
451025,10.0
451026,10.0
451028,10.0
451029,10.0
451030,10.0
451031,10.0
451032,10.0
451033,10.0
451034,10.0
452079,10.0
452080,10.0
452081,10.0
457665,10.0
457669,10.0
457670,10.0
457671,10.0
457673,10.0
457674,10.0
457676,10.0
457677,10.0
457680,10.0
457681,10.0
457685,10.0
457695,10.0
457697,10.0
457700,10.0
457705,10.0
457706,10.0
457707,10.0
457713,10.0
458202,10.0
458481,10.0
458482,10.0
458483,10.0
459001,10.0
459004,10.0
459005,10.0
459006,10.0
459007,10.0
459008,10.0
459055,10.0
460528,10.0
460592,10.0
460658,10.0
460688,10.0
460720,10.0
460723,10.0
460890,10.0
460891,10.0
461471,10.0
461472,10.0
461494,10.0
461495,10.0
461498,10.0
461505,10.0
461525,10.0
461533,10.0
461573,10.0
461578,10.0
461585,10.0
461599,10.0
461717,10.0
461718,10.0
461774,10.0
461775,10.0
461878,10.0
461894,10.0
461915,10.0
461925,10.0
461931,10.0
461932,10.0
461934,10.0
461935,10.0
461937,10.0
461938,10.0
461939,10.0
461944,10.0
461945,10.0
461963,10.0
461964,10.0
461965,10.0
461966,10.0
461967,10.0
461968,10.0
461969,10.0
461970,10.0
461971,10.0
461972,10.0
461973,10.0
461974,10.0
461975,10.0
461976,10.0
461977,10.0
461983,10.0
462065,10.0
462067,10.0
462082,10.0
462083,10.0
462093,10.0
462104,10.0
462118,10.0
462120,10.0
462122,10.0
462124,10.0
462133,10.0
462136,10.0
462160,10.0
462170,10.0
462174,10.0
28578,18.0
29178,18.0
29477,15.0
29736,18.0
29778,18.0
29779,18.0
29780,15.0
29841,15.0
29842,15.0
70036,15.0
718057,18.0
718058,18.0
718059,18.0
718060,18.0
718061,18.0
718062,18.0
718063,18.0
718064,18.0
718065,18.0
718066,18.0
718067,18.0
718068,18.0
718069,18.0
718070,18.0
718071,18.0
718072,18.0
718073,18.0
718074,18.0
718075,18.0
718076,18.0
718077,18.0
718078,18.0
718079,18.0
718080,18.0
718081,18.0
718082,18.0
718083,18.0
718084,18.0
718085,18.0
718086,18.0
718087,18.0
718088,18.0
718089,18.0
718090,18.0
718091,18.0
718092,18.0
718093,18.0
718094,18.0
718095,18.0
718096,18.0
718097,18.0
718098,18.0
718099,15.0
718100,15.0
718101,15.0
718102,15.0
718104,15.0
718105,15.0
718106,15.0
718107,15.0
718108,15.0
718109,15.0
718110,15.0
718111,15.0
718112,15.0
718113,15.0
718114,15.0
718115,15.0
718116,15.0
718117,15.0
718118,15.0
718119,15.0
718120,15.0
718121,15.0
718122,15.0
718123,15.0
718124,15.0
718125,15.0
718126,15.0
718127,15.0
718128,15.0
718129,15.0
718130,15.0
718131,15.0
718132,15.0
718133,15.0
718134,15.0
719762,18.0
719763,18.0
719764,18.0
719834,18.0
719835,18.0
719836,18.0
719837,18.0
719838,18.0
719839,18.0
719840,18.0
719841,18.0
719842,18.0
719843,18.0
719844,18.0
719845,18.0
719846,18.0
719847,18.0
719848,18.0
719849,18.0
719850,18.0
719851,18.0
719852,18.0
719853,18.0
719854,18.0
719855,18.0
719856,18.0
719857,18.0
719858,18.0
719859,18.0
719860,18.0
719861,18.0
719862,18.0
719863,18.0
719864,18.0
719865,18.0
719866,18.0
719867,18.0
719868,18.0
719869,18.0
719870,18.0
719871,18.0
719872,18.0
719873,18.0
719874,18.0
719875,18.0
719876,18.0
719877,18.0
719878,18.0
719879,18.0
719880,18.0
719881,18.0
719882,18.0
719883,18.0
719884,18.0
719885,18.0
719886,18.0
719887,18.0
719888,18.0
719889,18.0
719890,18.0
719891,18.0
719892,18.0
719893,18.0
719894,18.0
719895,18.0
719896,18.0
719897,18.0
719898,18.0
719899,18.0
719900,18.0
719901,18.0
719902,18.0
719903,18.0
719904,18.0
719905,18.0
719906,18.0
719907,18.0
719908,18.0
719909,18.0
719910,18.0
719911,18.0
719912,18.0
719913,18.0
719914,18.0
719915,18.0
719916,18.0
719934,18.0
719935,18.0
719936,18.0
719937,18.0
719938,18.0
719939,18.0
719940,18.0
719941,18.0
719942,18.0
719943,18.0
719944,18.0
719945,18.0
719946,18.0
719947,18.0
719948,18.0
719949,18.0
719950,18.0
719951,18.0
719952,18.0
719953,18.0
719954,18.0
719955,18.0
719956,18.0
719957,18.0
720088,18.0
720089,18.0
720090,18.0
720091,18.0
720092,18.0
720093,18.0
720094,18.0
720095,18.0
720096,18.0
720097,18.0
720098,18.0
720099,18.0
720100,18.0
720101,18.0
720102,18.0
720103,18.0
720104,18.0
720105,18.0
720106,18.0
720107,18.0
720108,18.0
720109,15.0
720110,15.0
720111,15.0
720112,15.0
720113,15.0
720114,15.0
720115,15.0
720116,15.0
720117,15.0
720291,15.0
720292,15.0
720293,15.0
720294,15.0
720295,15.0
720296,15.0
720297,15.0
720298,15.0
720299,15.0
720300,15.0
720301,15.0
720302,15.0
720303,15.0
720304,15.0
720305,15.0
720306,15.0
720307,15.0
720308,15.0
720309,15.0
720310,15.0
720311,15.0
720312,15.0
720313,15.0
720394,18.0
720395,18.0
720396,18.0
720397,18.0
720398,18.0
720399,18.0
720400,18.0
720401,18.0
720402,15.0
720403,15.0
720404,15.0
720405,15.0
720406,15.0
720407,15.0
720408,15.0
720411,15.0
720412,15.0
720413,15.0
720414,15.0
720415,15.0
720416,15.0
720417,15.0
720418,15.0
720419,15.0
720420,15.0
720421,15.0
720422,15.0
720423,15.0
720424,15.0
720425,15.0
720426,15.0
720427,15.0
720428,15.0
720429,15.0
720430,15.0
720431,15.0
720432,15.0
720433,15.0
720434,15.0
720435,15.0
720436,15.0
720437,15.0
720438,15.0
720439,15.0
720440,15.0
720441,15.0
720442,15.0
720443,15.0
720444,15.0
720445,15.0
720446,15.0
720447,15.0
720448,15.0
720449,15.0
720450,15.0
720451,15.0
720452,15.0
720453,15.0
720454,15.0
720455,15.0
720456,15.0
720457,15.0
720458,15.0
720459,15.0
720460,15.0
720461,15.0
720462,15.0
720463,15.0
720464,15.0
720465,15.0
720466,15.0
720467,15.0
720468,15.0
720469,15.0
720470,15.0
720471,15.0
720472,15.0
720473,15.0
720474,15.0
720475,15.0
720476,15.0
720477,15.0
720478,15.0
720479,15.0
720480,15.0
720481,15.0
720482,15.0
720483,15.0
720484,15.0
720485,15.0
720486,15.0
720487,15.0
720488,15.0
720489,15.0
720490,15.0
720491,15.0
720492,15.0
720493,15.0
720494,15.0
720495,15.0
720496,15.0
720497,15.0
720768,18.0
720769,18.0
720770,18.0
720771,18.0
720772,18.0
720773,18.0
720774,18.0
720775,18.0
720776,18.0
720777,18.0
720778,18.0
720779,18.0
720780,18.0
720781,18.0
720782,18.0
720783,18.0
720784,18.0
720785,18.0
720786,18.0
720787,18.0
720788,18.0
720789,18.0
720790,18.0
720791,18.0
720792,18.0
720793,18.0
720794,18.0
720795,18.0
720796,18.0
720797,18.0
720798,18.0
720799,18.0
720800,18.0
720801,18.0
720802,18.0
720803,18.0
720804,18.0
720805,18.0
720806,18.0
720807,18.0
720808,18.0
720809,18.0
720810,18.0
720977,18.0
720978,18.0
720979,18.0
720980,18.0
720981,18.0
720982,18.0
720983,18.0
720984,18.0
720985,18.0
720986,18.0
720987,18.0
720988,18.0
720989,18.0
720990,18.0
720991,18.0
720992,18.0
720993,18.0
720994,18.0
720995,18.0
720996,18.0
720997,18.0
720998,18.0
720999,18.0
721000,18.0
721001,18.0
721002,18.0
721003,18.0
721004,18.0
721005,18.0
721006,18.0
721007,18.0
721008,18.0
721009,18.0
721010,18.0
721011,18.0
721012,18.0
721013,18.0
721014,18.0
721015,18.0
721016,18.0
721017,18.0
721018,18.0
721019,18.0
721020,18.0
721021,18.0
721022,18.0
721023,18.0
721024,18.0
721025,15.0
721026,15.0
721027,15.0
721028,15.0
721029,15.0
721030,15.0
721031,15.0
721032,15.0
721033,15.0
721034,15.0
721035,15.0
721036,15.0
721037,15.0
721038,15.0
721039,15.0
721040,15.0
721041,15.0
721042,15.0
721043,15.0
721044,15.0
721045,15.0
721046,15.0
721047,15.0
721048,15.0
721049,15.0
721050,15.0
721051,15.0
721052,15.0
721053,15.0
721054,15.0
721055,15.0
721056,15.0
721057,15.0
721058,15.0
721059,15.0
721060,15.0
721061,15.0
721062,15.0
721063,15.0
721064,15.0
721065,15.0
721066,15.0
721067,15.0
721068,15.0
721069,15.0
721070,15.0
721071,15.0
721072,15.0
721073,15.0
721074,15.0
721075,15.0
721076,15.0
721077,15.0
721078,15.0
721079,15.0
721080,15.0
721081,15.0
721082,15.0
721083,15.0
721084,15.0
721085,15.0
721086,15.0
721087,15.0
721088,15.0
721089,15.0
721090,15.0
721091,15.0
721092,15.0
721093,15.0
721094,15.0
721095,15.0
721096,15.0
721097,15.0
721098,15.0
721099,15.0
721100,15.0
721101,15.0
721102,15.0
721103,15.0
721104,15.0
721105,15.0
721106,15.0
721107,15.0
721108,15.0
721109,15.0
721110,15.0
721111,15.0
721112,15.0
721113,15.0
721114,15.0
721115,15.0
721116,15.0
721117,15.0
721118,15.0
721119,15.0
721120,15.0
721121,15.0
721122,15.0
721123,15.0
721124,15.0
721125,15.0
721126,15.0
721127,15.0
721128,15.0
721129,15.0
721130,15.0
721131,15.0
721132,15.0
721133,15.0
721134,15.0
721135,15.0
721136,15.0
721137,15.0
721138,15.0
721139,15.0
721140,15.0
721141,15.0
721142,15.0
721143,15.0
721144,15.0
721145,15.0
721146,15.0
721147,15.0
721148,15.0
721149,15.0
721150,15.0
721151,15.0
721152,12.0
721153,12.0
721154,12.0
721155,12.0
721156,12.0
721157,12.0
721158,12.0
721159,12.0
721160,12.0
721161,12.0
721162,12.0
721163,12.0
721164,12.0
721165,12.0
721166,12.0
721167,12.0
721168,12.0
721169,12.0
721170,12.0
721171,12.0
721172,12.0
721173,12.0
721174,12.0
721175,12.0
721176,12.0
721177,12.0
721178,12.0
721179,12.0
721180,12.0
721181,12.0
721182,12.0
721183,12.0
721184,12.0
721185,12.0
721186,12.0
721187,12.0
721188,12.0
721189,12.0
721190,12.0
721191,12.0
721192,12.0
721193,12.0
721194,12.0
721195,12.0
721196,12.0
721197,12.0
721198,12.0
721199,12.0
721200,12.0
721202,12.0
721203,12.0
721204,12.0
721205,12.0
721206,12.0
721207,12.0
721209,12.0
721210,12.0
721213,12.0
721214,12.0
721215,12.0
721216,12.0
721217,12.0
721218,12.0
721219,12.0
721220,12.0
721221,12.0
721222,12.0
721223,12.0
721224,12.0
721225,12.0
721226,12.0
721227,12.0
721228,12.0
721229,12.0
721230,12.0
721231,12.0
721232,12.0
721233,12.0
721234,12.0
721235,12.0
721236,12.0
721237,12.0
721238,12.0
721239,12.0
721358,18.0
721359,18.0
721360,18.0
721361,18.0
721362,18.0
721363,18.0
721364,18.0
721365,12.0
721366,12.0
721367,12.0
721368,12.0
721369,12.0
721370,12.0
721371,12.0
721372,12.0
721373,12.0
721374,12.0
721375,12.0
721376,12.0
721377,12.0
721378,12.0
721379,12.0
721380,12.0
721381,12.0
721382,12.0
721383,12.0
721384,12.0
721385,12.0
721386,12.0
721387,12.0
721388,12.0
721389,12.0
721390,12.0
721391,12.0
721392,12.0
721393,12.0
721394,12.0
721395,12.0
721396,12.0
721397,12.0
721398,12.0
721399,12.0
721400,12.0
721401,12.0
721402,12.0
721403,12.0
721404,12.0
721405,12.0
721406,12.0
721407,12.0
721408,12.0
721409,12.0
721410,12.0
721411,12.0
721412,12.0
721413,12.0
721414,12.0
721415,12.0
721416,12.0
721417,12.0
721418,12.0
721419,12.0
721420,12.0
721421,12.0
721422,12.0
721423,12.0
721424,12.0
721425,12.0
721426,12.0
721427,12.0
721428,12.0
721429,12.0
721430,12.0
721431,12.0
721432,12.0
721433,12.0
721434,12.0
721435,12.0
721436,12.0
721437,12.0
721438,12.0
721439,12.0
721440,12.0
721441,12.0
721442,12.0
721443,12.0
721444,12.0
721540,18.0
721541,18.0
721542,18.0
721543,18.0
721544,18.0
721545,18.0
721546,18.0
721547,18.0
721548,18.0
721549,18.0
721550,18.0
721551,18.0
721552,18.0
721553,18.0
721554,18.0
755066,18.0
755067,18.0
755068,18.0
755069,18.0
755070,18.0
755071,18.0
755072,18.0
755073,18.0
755074,18.0
755075,18.0
755076,18.0
755077,18.0
755078,18.0
755079,18.0
755080,18.0
755081,18.0
755082,18.0
755083,18.0
755084,18.0
755085,18.0
755086,18.0
755087,18.0
755088,18.0
755089,18.0
755090,18.0
755091,18.0
755092,18.0
755093,18.0
755094,18.0
755095,18.0
755096,18.0
755097,18.0
755098,18.0
755099,18.0
755100,18.0
755101,18.0
755102,18.0
755103,18.0
755104,18.0
755105,18.0
755106,18.0
755107,18.0
755108,18.0
755109,18.0
755110,18.0
755111,18.0
755112,18.0
755113,18.0
755114,18.0
755115,18.0
755116,18.0
755117,18.0
755118,18.0
755119,18.0
755120,18.0
755121,18.0
755122,18.0
755123,18.0
755124,18.0
755125,18.0
755126,18.0
755127,18.0
755128,18.0
755129,18.0
755130,18.0
755131,18.0
755132,18.0
755133,18.0
755134,18.0
755135,18.0
755136,18.0
755137,18.0
755138,18.0
755139,18.0
755140,18.0
755141,18.0
755142,18.0
755143,18.0
755187,18.0
755188,18.0
755189,18.0
755190,18.0
755191,18.0
755192,18.0
755193,18.0
755194,18.0
755195,18.0
755196,18.0
755197,18.0
755198,18.0
755199,18.0
755200,18.0
755201,18.0
755338,15.0
755339,15.0
755340,15.0
755341,15.0
755342,15.0
755343,15.0
755344,15.0
755345,15.0
755346,15.0
755347,15.0
755348,15.0
755349,15.0
755350,15.0
755351,15.0
755352,15.0
755353,15.0
755354,15.0
755355,15.0
755356,15.0
755357,15.0
755358,15.0
755359,15.0
755360,15.0
755361,15.0
755362,15.0
755363,15.0
755364,15.0
755365,15.0
755366,15.0
755367,15.0
755368,15.0
755369,15.0
755370,15.0
755371,15.0
755372,15.0
755373,15.0
755374,15.0
755375,15.0
755577,18.0
755578,18.0
755579,18.0
755580,18.0
755650,18.0
755651,18.0
755652,18.0
755653,18.0
755654,18.0
755655,18.0
755656,18.0
755657,18.0
755658,18.0
755659,18.0
755660,18.0
755661,18.0
755662,18.0
755663,18.0
755664,18.0
755665,18.0
755666,18.0
755667,18.0
755668,18.0
755669,18.0
755670,18.0
755671,18.0
755672,18.0
755673,18.0
755674,18.0
755675,18.0
755676,18.0
755677,18.0
755678,18.0
755679,18.0
755680,18.0
755681,18.0
755682,18.0
755683,18.0
755684,18.0
755685,18.0
755686,18.0
755687,18.0
755688,18.0
755689,18.0
755690,18.0
755691,18.0
755692,18.0
755693,18.0
755694,18.0
755695,18.0
755696,18.0
755697,18.0
755698,18.0
755699,18.0
755700,18.0
755701,18.0
755702,18.0
755703,18.0
755704,18.0
755705,18.0
755706,18.0
755707,18.0
755708,18.0
755709,18.0
755710,18.0
755711,18.0
755712,18.0
755713,18.0
755714,18.0
755715,18.0
755716,18.0
755717,18.0
755718,18.0
755719,18.0
755720,18.0
755721,18.0
755722,18.0
755723,18.0
755724,18.0
755725,18.0
755726,18.0
755727,18.0
755728,18.0
755729,18.0
755730,18.0
755731,18.0
755732,18.0
755733,18.0
755734,18.0
755735,18.0
755736,18.0
755737,18.0
755738,18.0
755739,18.0
755740,18.0
755741,18.0
755742,18.0
755743,18.0
755744,18.0
755745,18.0
755746,18.0
755747,18.0
755748,18.0
755749,18.0
755750,18.0
755751,18.0
755752,18.0
755753,18.0
755754,18.0
755755,18.0
755756,18.0
755757,18.0
755758,18.0
755759,18.0
755760,18.0
755761,18.0
755762,18.0
755763,18.0
755764,18.0
755765,18.0
755766,18.0
755767,18.0
755768,18.0
755769,18.0
755770,18.0
755771,18.0
755772,18.0
755773,18.0
755774,18.0
755775,18.0
755776,18.0
755777,18.0
755778,18.0
755779,18.0
755780,18.0
755781,18.0
755782,18.0
755783,18.0
755784,18.0
755785,18.0
755786,18.0
755787,18.0
755788,18.0
755789,18.0
755790,18.0
755791,18.0
755792,18.0
755793,18.0
755794,18.0
755795,18.0
755796,18.0
755797,18.0
755798,18.0
755799,18.0
755800,18.0
755801,18.0
755802,18.0
755803,18.0
755804,18.0
755805,18.0
755806,18.0
755807,18.0
755808,18.0
755809,18.0
755810,18.0
755811,18.0
755812,18.0
755813,18.0
755814,18.0
755815,18.0
755816,18.0
755817,18.0
755818,18.0
755819,18.0
755820,18.0
755821,18.0
755822,18.0
755823,18.0
755824,18.0
755825,18.0
755826,18.0
755827,18.0
755828,18.0
755829,18.0
755830,18.0
755831,18.0
755832,18.0
755833,18.0
755834,18.0
755835,18.0
755836,18.0
755837,15.0
755838,15.0
755839,15.0
755840,15.0
755841,15.0
755842,15.0
755843,15.0
755844,15.0
755845,15.0
755846,15.0
755847,15.0
755848,15.0
755849,15.0
755850,15.0
755851,15.0
755852,15.0
755853,15.0
755854,15.0
755855,15.0
755856,15.0
755857,15.0
755858,15.0
755859,15.0
755860,15.0
755861,15.0
755862,15.0
755863,15.0
755864,15.0
755865,15.0
755866,15.0
755867,15.0
755868,15.0
755869,15.0
755870,15.0
755871,15.0
755872,15.0
755873,15.0
755874,15.0
755875,15.0
755876,15.0
755877,15.0
755878,15.0
755879,15.0
755880,15.0
755881,15.0
755882,15.0
755883,15.0
755884,15.0
755885,15.0
755886,15.0
755887,15.0
755888,15.0
755889,15.0
755890,15.0
755891,15.0
755892,15.0
755893,15.0
755894,15.0
755895,15.0
755896,15.0
755897,15.0
755898,15.0
755899,15.0
755900,15.0
755901,15.0
755902,15.0
755903,15.0
755904,15.0
755905,15.0
755906,15.0
755907,15.0
755908,15.0
755909,15.0
755910,15.0
755911,15.0
755912,15.0
755913,15.0
755914,15.0
755915,15.0
755916,15.0
755917,15.0
755918,15.0
755919,15.0
755920,15.0
755921,15.0
755922,15.0
755923,15.0
755924,15.0
755925,15.0
755926,15.0
755927,15.0
755928,15.0
756110,15.0
756111,15.0
756112,15.0
756113,15.0
756114,15.0
756115,15.0
756116,15.0
756117,15.0
756118,15.0
756119,15.0
756120,15.0
756121,15.0
756122,15.0
756123,15.0
756124,15.0
756125,15.0
756126,15.0
756127,15.0
756128,15.0
756129,15.0
756130,15.0
756131,15.0
756132,15.0
756133,15.0
756134,15.0
756135,15.0
756136,15.0
756137,15.0
756138,15.0
756139,15.0
756140,15.0
756141,15.0
756142,15.0
756143,15.0
756144,15.0
756145,15.0
756146,15.0
756147,15.0
756148,15.0
756149,15.0
756150,15.0
756151,15.0
756152,15.0
756153,15.0
756154,15.0
756155,15.0
756156,15.0
756157,15.0
756158,15.0
756159,15.0
756160,15.0
756161,15.0
756162,15.0
756163,15.0
756164,15.0
756165,15.0
756166,15.0
756167,15.0
756168,15.0
756169,15.0
756709,15.0
756710,15.0
756711,15.0
756712,15.0
756713,15.0
756714,15.0
756715,15.0
756716,15.0
756717,15.0
766541,1000000.0
766540,1000000.0
766623,1000000.0
766647,1000000.0
766629,1000000.0
766655,1000000.0
766634,1000000.0
766527,1000000.0
766626,1000000.0
766628,1000000.0
766630,1000000.0
766631,1000000.0
766632,1000000.0
766633,1000000.0
766661,10000.0
766662,10000.0
766665,10000.0
766663,10000.0
766664,10000.0
462357,5.0
462532,5.0
462601,5.0
462751,5.0
463006,5.0
463020,5.0
463186,5.0
463243,5.0
463440,5.0
463450,5.0
463500,5.0
463579,5.0
463719,5.0
463968,5.0
464120,5.0
464159,5.0
464204,5.0
464237,5.0
464454,5.0
464500,5.0
464715,5.0
465081,5.0
465144,5.0
465189,5.0
465244,5.0
465363,5.0
465481,5.0
466308,5.0
466628,5.0
466654,5.0
466699,5.0
466808,5.0
466844,5.0
466874,5.0
466966,5.0
467171,5.0
467182,5.0
467206,5.0
467382,5.0
467513,5.0
467590,5.0
467594,5.0
467661,5.0
467986,5.0
468022,5.0
468037,5.0
469289,5.0
469554,5.0
470237,5.0
470439,5.0
470445,5.0
470997,5.0
471039,5.0
471079,5.0
471165,5.0
471375,5.0
471404,5.0
471540,5.0
471561,5.0
471570,5.0
471795,5.0
471840,5.0
472267,5.0
472350,5.0
472394,5.0
472892,5.0
473222,5.0
473347,5.0
473516,5.0
473663,5.0
473835,5.0
473857,5.0
473880,5.0
474228,5.0
474274,5.0
474383,5.0
475691,5.0
475744,5.0
476045,5.0
476060,5.0
476206,5.0
476475,5.0
476575,5.0
476818,5.0
476827,5.0
477070,5.0
477222,5.0
477329,5.0
477356,5.0
477587,5.0
477635,5.0
477685,5.0
477746,5.0
477908,5.0
477937,5.0
478323,5.0
478632,5.0
479080,5.0
479516,5.0
479692,5.0
479828,5.0
479876,5.0
479969,5.0
480117,5.0
480239,5.0
480348,5.0
480587,5.0
480910,5.0
481018,5.0
481375,5.0
481726,5.0
482120,5.0
482184,5.0
482256,5.0
482420,5.0
482705,5.0
482719,5.0
482833,5.0
482935,5.0
483183,5.0
483248,5.0
483317,5.0
483472,5.0
483712,5.0
484626,5.0
484804,5.0
485316,5.0
485910,5.0
486506,5.0
487129,5.0
487202,5.0
487296,5.0
487495,5.0
488308,5.0
489129,5.0
489232,5.0
489903,5.0
489943,5.0
490280,5.0
490341,5.0
490450,5.0
490487,5.0
490581,5.0
490609,5.0
491212,5.0
491241,5.0
491262,5.0
491423,5.0
491895,5.0
491911,5.0
492053,5.0
492135,5.0
493097,5.0
493711,5.0
493951,5.0
494075,5.0
494159,5.0
494372,5.0
494495,5.0
495053,5.0
495687,5.0
496765,5.0
496897,5.0
499543,5.0
500853,5.0
503095,5.0
504599,5.0
508805,5.0
509621,5.0
510162,5.0
510318,5.0
510343,5.0
510388,5.0
510394,5.0
510442,5.0
510447,5.0
510648,5.0
510725,5.0
510773,5.0
510777,5.0
510795,5.0
510825,5.0
510946,5.0
510989,5.0
511042,5.0
511044,5.0
511076,5.0
511084,5.0
511143,5.0
511283,5.0
511382,5.0
511672,5.0
511755,5.0
511924,5.0
511926,5.0
511930,5.0
511953,5.0
512059,5.0
512089,5.0
512100,5.0
512106,5.0
512165,5.0
512175,5.0
512224,5.0
512250,5.0
512253,5.0
512309,5.0
512348,5.0
512463,5.0
512740,5.0
513029,5.0
513181,5.0
513404,5.0
513456,5.0
513495,5.0
513499,5.0
513665,5.0
513666,5.0
513672,5.0
513673,5.0
513679,5.0
513687,5.0
513693,5.0
513694,5.0
513731,5.0
513737,5.0
513762,5.0
513778,5.0
513787,5.0
513790,5.0
513801,5.0
513808,5.0
513815,5.0
513819,5.0
513824,5.0
513839,5.0
513847,5.0
513853,5.0
513863,5.0
513869,5.0
513882,5.0
513884,5.0
513909,5.0
513921,5.0
513923,5.0
513936,5.0
513961,5.0
513980,5.0
513986,5.0
513996,5.0
514000,5.0
514014,5.0
514015,5.0
514018,5.0
514030,5.0
514040,5.0
514213,5.0
514595,5.0
514936,5.0
515238,5.0
515327,5.0
515637,5.0
515842,5.0
515853,5.0
515893,5.0
516031,5.0
516147,5.0
516244,5.0
516428,5.0
516641,5.0
516681,5.0
516907,5.0
516919,5.0
516987,5.0
517140,5.0
517269,5.0
517333,5.0
517599,5.0
517619,5.0
517631,5.0
517815,5.0
517828,5.0
517843,5.0
518033,5.0
518128,5.0
518396,5.0
518518,5.0
519261,5.0
519799,5.0
519918,5.0
520043,5.0
520334,5.0
520411,5.0
520433,5.0
520479,5.0
520539,5.0
520856,5.0
521104,5.0
521422,5.0
521455,5.0
521459,5.0
521541,5.0
521574,5.0
521615,5.0
521642,5.0
521668,5.0
521697,5.0
521702,5.0
521729,5.0
521827,5.0
521850,5.0
521913,5.0
522065,5.0
522069,5.0
522150,5.0
522184,5.0
522250,5.0
522267,5.0
522320,5.0
522340,5.0
522547,5.0
522635,5.0
522639,5.0
522685,5.0
522709,5.0
522736,5.0
522743,5.0
522756,5.0
522961,5.0
522990,5.0
523040,5.0
523057,5.0
523087,5.0
523270,5.0
523474,5.0
523639,5.0
523712,5.0
523746,5.0
523845,5.0
523878,5.0
523887,5.0
523929,5.0
524391,5.0
524575,5.0
524783,5.0
524840,5.0
525173,5.0
525236,5.0
525708,5.0
525713,5.0
526706,5.0
526720,5.0
526848,5.0
527401,5.0
527648,5.0
527678,5.0
527703,5.0
527988,5.0
528199,5.0
528437,5.0
528526,5.0
528564,5.0
528646,5.0
528697,5.0
528813,5.0
528814,5.0
528828,5.0
528837,5.0
529000,5.0
529009,5.0
529066,5.0
529123,5.0
529339,5.0
529344,5.0
529408,5.0
529627,5.0
530170,5.0
530212,5.0
530765,5.0
530921,5.0
531057,5.0
531068,5.0
531312,5.0
531426,5.0
531520,5.0
531798,5.0
531947,5.0
532002,5.0
532015,5.0
532289,5.0
532297,5.0
532339,5.0
532550,5.0
532558,5.0
532573,5.0
532604,5.0
532605,5.0
532818,5.0
532962,5.0
532987,5.0
533153,5.0
533280,5.0
533440,5.0
533692,5.0
533740,5.0
533926,5.0
534062,5.0
534167,5.0
534223,5.0
534301,5.0
534371,5.0
534440,5.0
534469,5.0
534493,5.0
534500,5.0
534501,5.0
534588,5.0
534606,5.0
534700,5.0
534709,5.0
534732,5.0
534739,5.0
534743,5.0
534748,5.0
534804,5.0
534809,5.0
534836,5.0
534915,5.0
535080,5.0
535193,5.0
535269,5.0
535298,5.0
535346,5.0
535353,5.0
535379,5.0
535388,5.0
535409,5.0
535438,5.0
535486,5.0
535521,5.0
535557,5.0
535559,5.0
535624,5.0
535954,5.0
536201,5.0
536672,5.0
537709,5.0
537724,5.0
537750,5.0
537970,5.0
538003,5.0
538029,5.0
538356,5.0
538372,5.0
538524,5.0
538556,5.0
538650,5.0
538725,5.0
538736,5.0
539045,5.0
539525,5.0
539736,5.0
539744,5.0
539778,5.0
539838,5.0
539882,5.0
539968,5.0
540238,5.0
540738,5.0
541001,5.0
541045,5.0
541070,5.0
541128,5.0
541276,5.0
541335,5.0
541344,5.0
542699,5.0
542876,5.0
542921,5.0
543559,5.0
543573,5.0
543831,5.0
543893,5.0
544081,5.0
544245,5.0
544509,5.0
544546,5.0
544726,5.0
544757,5.0
544763,5.0
544823,5.0
544830,5.0
544851,5.0
544871,5.0
544872,5.0
544982,5.0
544986,5.0
544990,5.0
544996,5.0
545033,5.0
545073,5.0
547047,5.0
547529,5.0
548050,5.0
548813,5.0
549104,5.0
549760,5.0
550417,5.0
550798,5.0
550910,5.0
550918,5.0
551000,5.0
551678,5.0
551727,5.0
551928,5.0
552028,5.0
552323,5.0
553458,5.0
553492,5.0
553706,5.0
553986,5.0
554201,5.0
554582,5.0
554715,5.0
555034,5.0
557386,5.0
557452,5.0
557455,5.0
557608,5.0
557703,5.0
558775,5.0
559874,5.0
560811,5.0
561415,5.0
561772,5.0
562220,5.0
563228,5.0
564555,5.0
565608,5.0
565921,5.0
566306,5.0
566315,5.0
566352,5.0
566562,5.0
566868,5.0
567251,5.0
567300,5.0
567524,5.0
567728,5.0
567734,5.0
567763,5.0
568961,5.0
569129,5.0
569135,5.0
569973,5.0
570004,5.0
570128,5.0
570693,5.0
570772,5.0
571106,5.0
571156,5.0
571298,5.0
571358,5.0
571466,5.0
571853,5.0
571914,5.0
572022,5.0
572120,5.0
575004,5.0
575358,5.0
575496,5.0
575713,5.0
575731,5.0
575767,5.0
576010,5.0
577464,5.0
648113,5.0
648114,5.0
648117,5.0
648118,5.0
648122,5.0
648123,5.0
648124,5.0
648126,5.0
659826,5.0
659827,5.0
660556,5.0
660571,5.0
660584,5.0
660624,5.0
661580,5.0
662022,5.0
662023,5.0
662157,5.0
663164,5.0
664311,5.0
664312,5.0
664988,5.0
665879,5.0
665917,5.0
665924,5.0
665964,5.0
665969,5.0
665970,5.0
463722,5.0
463839,5.0
463905,5.0
464199,5.0
464384,5.0
464529,5.0
464585,5.0
464640,5.0
464724,5.0
464727,5.0
464812,5.0
464829,5.0
464845,5.0
464853,5.0
464882,5.0
464978,5.0
465008,5.0
465028,5.0
465039,5.0
465130,5.0
465188,5.0
465237,5.0
465328,5.0
465348,5.0
466636,5.0
466816,5.0
466880,5.0
466961,5.0
467078,5.0
467230,5.0
467256,5.0
467261,5.0
467290,5.0
467638,5.0
467730,5.0
467779,5.0
471113,5.0
471743,5.0
471915,5.0
472138,5.0
472180,5.0
472200,5.0
472340,5.0
472361,5.0
472491,5.0
472492,5.0
473308,5.0
473555,5.0
473586,5.0
473609,5.0
473612,5.0
473655,5.0
473657,5.0
473710,5.0
473728,5.0
473745,5.0
473757,5.0
473770,5.0
473780,5.0
473784,5.0
473803,5.0
473858,5.0
473891,5.0
473899,5.0
473970,5.0
473974,5.0
473999,5.0
474043,5.0
474044,5.0
474049,5.0
474063,5.0
474101,5.0
474109,5.0
474128,5.0
474183,5.0
474203,5.0
474208,5.0
474216,5.0
474220,5.0
474233,5.0
474266,5.0
474272,5.0
474279,5.0
474395,5.0
474400,5.0
474407,5.0
474434,5.0
474613,5.0
474770,5.0
474914,5.0
476559,5.0
476946,5.0
479200,5.0
480033,5.0
480729,5.0
482481,5.0
484764,5.0
489143,5.0
495096,5.0
496826,5.0
506985,5.0
510193,5.0
510309,5.0
510425,5.0
510879,5.0
511397,5.0
511804,5.0
512824,5.0
512846,5.0
512908,5.0
512990,5.0
513281,5.0
513316,5.0
513345,5.0
513379,5.0
513427,5.0
513489,5.0
513527,5.0
513570,5.0
513644,5.0
513656,5.0
513676,5.0
513685,5.0
513741,5.0
513781,5.0
513786,5.0
513791,5.0
513806,5.0
513827,5.0
513833,5.0
513888,5.0
513901,5.0
513929,5.0
514003,5.0
514035,5.0
514042,5.0
514146,5.0
514170,5.0
514186,5.0
514201,5.0
514252,5.0
514277,5.0
514297,5.0
514298,5.0
514323,5.0
514349,5.0
514357,5.0
514522,5.0
514564,5.0
514585,5.0
514650,5.0
514655,5.0
514705,5.0
514756,5.0
514784,5.0
514934,5.0
514964,5.0
515045,5.0
515418,5.0
517472,5.0
518468,5.0
518503,5.0
518529,5.0
518595,5.0
518684,5.0
518805,5.0
518823,5.0
518879,5.0
518932,5.0
518981,5.0
519051,5.0
519178,5.0
519605,5.0
519634,5.0
519786,5.0
520114,5.0
520393,5.0
520505,5.0
520527,5.0
520605,5.0
520693,5.0
520774,5.0
520821,5.0
520983,5.0
520988,5.0
521032,5.0
521099,5.0
521125,5.0
521233,5.0
521237,5.0
521540,5.0
522294,5.0
522949,5.0
523350,5.0
523452,5.0
523692,5.0
524092,5.0
524125,5.0
524381,5.0
524759,5.0
524853,5.0
525017,5.0
525132,5.0
525298,5.0
525830,5.0
525887,5.0
526086,5.0
526199,5.0
526322,5.0
526572,5.0
526625,5.0
526699,5.0
526748,5.0
526794,5.0
526859,5.0
526902,5.0
527092,5.0
527332,5.0
527396,5.0
527548,5.0
527605,5.0
527687,5.0
527776,5.0
527850,5.0
527909,5.0
528167,5.0
528202,5.0
528578,5.0
528984,5.0
529156,5.0
529348,5.0
529640,5.0
529723,5.0
529759,5.0
529868,5.0
529902,5.0
530008,5.0
530485,5.0
530540,5.0
530550,5.0
530595,5.0
530625,5.0
530863,5.0
530973,5.0
531036,5.0
531131,5.0
531188,5.0
531210,5.0
531299,5.0
531300,5.0
531324,5.0
531344,5.0
531389,5.0
531420,5.0
531436,5.0
531486,5.0
531526,5.0
531585,5.0
531651,5.0
531729,5.0
531752,5.0
531787,5.0
531813,5.0
531815,5.0
531842,5.0
531857,5.0
531871,5.0
531887,5.0
531895,5.0
531987,5.0
532009,5.0
532019,5.0
532040,5.0
532057,5.0
532099,5.0
532158,5.0
532184,5.0
532185,5.0
532186,5.0
532213,5.0
532256,5.0
532259,5.0
532274,5.0
532299,5.0
532308,5.0
532311,5.0
532343,5.0
532363,5.0
532383,5.0
532402,5.0
532429,5.0
532449,5.0
532456,5.0
532458,5.0
532502,5.0
532519,5.0
532520,5.0
532526,5.0
532562,5.0
532565,5.0
532595,5.0
532598,5.0
532649,5.0
532678,5.0
532691,5.0
532772,5.0
532779,5.0
532798,5.0
532817,5.0
532847,5.0
532851,5.0
532862,5.0
532876,5.0
532910,5.0
532932,5.0
532971,5.0
532999,5.0
533025,5.0
533031,5.0
533108,5.0
533121,5.0
533129,5.0
533133,5.0
533139,5.0
533155,5.0
533189,5.0
533206,5.0
533228,5.0
533277,5.0
533305,5.0
533312,5.0
533326,5.0
533330,5.0
533354,5.0
533406,5.0
533431,5.0
533439,5.0
533442,5.0
533456,5.0
533464,5.0
533478,5.0
533500,5.0
533530,5.0
533552,5.0
533576,5.0
533591,5.0
533593,5.0
533646,5.0
533672,5.0
533706,5.0
533707,5.0
533759,5.0
533765,5.0
533785,5.0
533796,5.0
533859,5.0
533902,5.0
533913,5.0
534005,5.0
534032,5.0
534102,5.0
534123,5.0
534142,5.0
534151,5.0
534163,5.0
534178,5.0
534199,5.0
534217,5.0
534221,5.0
534260,5.0
534277,5.0
534349,5.0
534365,5.0
534396,5.0
534434,5.0
534439,5.0
534458,5.0
534459,5.0
534479,5.0
534492,5.0
534619,5.0
534624,5.0
534634,5.0
534644,5.0
534648,5.0
534668,5.0
534720,5.0
534731,5.0
534855,5.0
534906,5.0
534942,5.0
534974,5.0
534986,5.0
534990,5.0
535001,5.0
535016,5.0
535039,5.0
535090,5.0
535105,5.0
535133,5.0
535179,5.0
535205,5.0
535211,5.0
535226,5.0
535287,5.0
535301,5.0
535413,5.0
535740,5.0
535741,5.0
535819,5.0
535989,5.0
536234,5.0
536335,5.0
536368,5.0
536386,5.0
536404,5.0
536573,5.0
536586,5.0
536633,5.0
536642,5.0
536848,5.0
536950,5.0
537110,5.0
537140,5.0
537596,5.0
537887,5.0
538140,5.0
538153,5.0
538589,5.0
538605,5.0
538614,5.0
538750,5.0
539245,5.0
539429,5.0
539528,5.0
540055,5.0
540479,5.0
540519,5.0
540584,5.0
540818,5.0
540938,5.0
541089,5.0
541130,5.0
541365,5.0
541927,5.0
543037,5.0
543074,5.0
543339,5.0
543638,5.0
543712,5.0
543996,5.0
544192,5.0
544278,5.0
544339,5.0
544598,5.0
544995,5.0
546049,5.0
546558,5.0
547191,5.0
548351,5.0
549102,5.0
549643,5.0
550337,5.0
551109,5.0
552871,5.0
552998,5.0
555016,5.0
555601,5.0
555651,5.0
556257,5.0
557550,5.0
557589,5.0
562162,5.0
562766,5.0
565688,5.0
659737,5.0
659738,5.0
659739,5.0
659740,5.0
659741,5.0
659742,5.0
659743,5.0
659744,5.0
659745,5.0
659746,5.0
659747,5.0
659748,5.0
659769,5.0
659770,5.0
659772,5.0
660271,5.0
660296,5.0
660297,5.0
660341,5.0
660343,5.0
660344,5.0
663416,5.0
663792,5.0
580063,9.0
580073,9.0
580083,9.0
580096,9.0
580108,9.0
580136,9.0
580167,9.0
580171,9.0
580174,9.0
580181,9.0
580190,9.0
580191,9.0
580202,9.0
580226,9.0
580246,9.0
580247,9.0
580249,9.0
580252,9.0
580297,9.0
580377,9.0
580430,9.0
580449,9.0
580492,9.0
580563,9.0
580567,9.0
580649,9.0
581543,9.0
581547,9.0
581627,9.0
581939,9.0
581945,9.0
582026,9.0
582038,9.0
582041,9.0
582051,9.0
582078,9.0
582095,9.0
582104,9.0
582132,9.0
582249,9.0
582259,9.0
582324,9.0
582350,9.0
582368,9.0
582409,9.0
582449,9.0
582574,9.0
583163,9.0
583269,9.0
583471,9.0
583531,9.0
583693,9.0
583722,9.0
583766,9.0
583919,9.0
583940,9.0
584053,9.0
584134,9.0
584203,9.0
585164,9.0
585304,9.0
588914,9.0
588951,9.0
588966,9.0
589228,9.0
592207,9.0
592376,9.0
592520,9.0
592733,9.0
593191,9.0
596632,9.0
596652,9.0
596705,9.0
596804,9.0
596812,9.0
596853,9.0
596909,9.0
597018,9.0
597046,9.0
597081,9.0
597095,9.0
597133,9.0
597150,9.0
597285,9.0
597289,9.0
597351,9.0
597362,9.0
597422,9.0
597466,9.0
597571,9.0
597593,9.0
597644,9.0
597666,9.0
597673,9.0
597731,9.0
597732,9.0
597736,9.0
597759,9.0
597797,9.0
597804,9.0
597823,9.0
597829,9.0
597836,9.0
597865,9.0
598100,9.0
598301,9.0
598346,9.0
598414,9.0
598715,9.0
598758,9.0
598764,9.0
598783,9.0
598801,9.0
598906,9.0
599032,9.0
599260,9.0
599351,9.0
599428,9.0
599498,9.0
599505,9.0
599564,9.0
599798,9.0
600066,9.0
600120,9.0
600411,9.0
600454,9.0
600521,9.0
600544,9.0
600595,9.0
600743,9.0
600751,9.0
601067,9.0
601096,9.0
601218,9.0
601230,9.0
601425,9.0
601441,9.0
601454,9.0
601478,9.0
602827,9.0
602986,9.0
603090,9.0
603252,9.0
603423,9.0
603465,9.0
603592,9.0
603655,9.0
603826,9.0
603827,9.0
603903,9.0
603917,9.0
604071,9.0
604338,9.0
604465,9.0
604610,9.0
605126,9.0
606872,9.0
606917,9.0
607004,9.0
607058,9.0
607094,9.0
607803,9.0
607837,9.0
607854,9.0
608058,9.0
610760,9.0
611132,9.0
611211,9.0
611213,9.0
611241,9.0
611436,9.0
611450,9.0
611506,9.0
611540,9.0
611544,9.0
611721,9.0
611723,9.0
611728,9.0
611744,9.0
611880,9.0
613059,9.0
613387,9.0
613460,9.0
614857,9.0
617829,9.0
619568,9.0
619618,9.0
620209,9.0
620317,9.0
620614,9.0
620617,9.0
620625,9.0
624032,9.0
624088,9.0
624105,9.0
624541,9.0
624561,9.0
624564,9.0
624567,9.0
624584,9.0
624606,9.0
624611,9.0
624617,9.0
624689,9.0
624732,9.0
624733,9.0
624762,9.0
624774,9.0
624795,9.0
624829,9.0
624834,9.0
624839,9.0
624856,9.0
624874,9.0
624875,9.0
624888,9.0
624920,9.0
624932,9.0
624959,9.0
624974,9.0
624984,9.0
624999,9.0
625014,9.0
625022,9.0
625057,9.0
625063,9.0
625093,9.0
625104,9.0
625185,9.0
625188,9.0
625225,9.0
625284,9.0
625425,9.0
625486,9.0
625550,9.0
625575,9.0
625599,9.0
625615,9.0
625621,9.0
625658,9.0
625685,9.0
625693,9.0
625738,9.0
625753,9.0
625781,9.0
625782,9.0
625807,9.0
625809,9.0
625815,9.0
625872,9.0
625936,9.0
625967,9.0
625970,9.0
625988,9.0
626000,9.0
626001,9.0
626011,9.0
626032,9.0
626076,9.0
626078,9.0
626080,9.0
626085,9.0
626100,9.0
626118,9.0
626124,9.0
626135,9.0
626142,9.0
626147,9.0
626182,9.0
626189,9.0
626194,9.0
626220,9.0
626242,9.0
626245,9.0
626271,9.0
626302,9.0
626309,9.0
626318,9.0
626351,9.0
626460,9.0
626534,9.0
626538,9.0
626541,9.0
626561,9.0
626570,9.0
626575,9.0
626593,9.0
626597,9.0
626699,9.0
626720,9.0
626729,9.0
626733,9.0
626742,9.0
626753,9.0
626754,9.0
626792,9.0
626805,9.0
626809,9.0
626826,9.0
626845,9.0
626857,9.0
626908,9.0
626937,9.0
626970,9.0
627014,9.0
627035,9.0
627057,9.0
627088,9.0
627099,9.0
627115,9.0
627126,9.0
627138,9.0
627144,9.0
627180,9.0
627184,9.0
627197,9.0
627217,9.0
627226,9.0
627232,9.0
627236,9.0
627240,9.0
627255,9.0
627362,9.0
627562,9.0
627806,9.0
629241,9.0
629327,9.0
629357,9.0
629866,9.0
629877,9.0
630060,9.0
630105,9.0
630292,9.0
630344,9.0
630362,9.0
630385,9.0
630402,9.0
630452,9.0
630470,9.0
630476,9.0
630482,9.0
630486,9.0
630731,9.0
630743,9.0
630772,9.0
630791,9.0
630798,9.0
630816,9.0
630855,9.0
630874,9.0
630899,9.0
630902,9.0
630923,9.0
630927,9.0
630935,9.0
631073,9.0
631081,9.0
631467,9.0
631528,9.0
631542,9.0
631579,9.0
631589,9.0
631702,9.0
631735,9.0
631958,9.0
632032,9.0
632036,9.0
632039,9.0
632066,9.0
632084,9.0
632105,9.0
632107,9.0
632110,9.0
632121,9.0
632128,9.0
632140,9.0
632145,9.0
632153,9.0
632163,9.0
632186,9.0
632253,9.0
632261,9.0
632271,9.0
632296,9.0
632301,9.0
632309,9.0
632318,9.0
632345,9.0
632356,9.0
632360,9.0
632361,9.0
632382,9.0
632419,9.0
632425,9.0
632443,9.0
632463,9.0
632468,9.0
632485,9.0
632486,9.0
632487,9.0
632488,9.0
632493,9.0
632501,9.0
632506,9.0
632528,9.0
632557,9.0
632583,9.0
632599,9.0
632603,9.0
632615,9.0
632616,9.0
632639,9.0
632645,9.0
632686,9.0
632694,9.0
632703,9.0
632709,9.0
632710,9.0
632714,9.0
632724,9.0
632746,9.0
632763,9.0
632769,9.0
632779,9.0
632789,9.0
632790,9.0
632792,9.0
632798,9.0
632814,9.0
632830,9.0
632831,9.0
632841,9.0
632849,9.0
632855,9.0
632856,9.0
632859,9.0
633052,9.0
633054,9.0
633071,9.0
633134,9.0
633251,9.0
633302,9.0
633318,9.0
633329,9.0
633333,9.0
633335,9.0
633348,9.0
633387,9.0
633407,9.0
633449,9.0
633511,9.0
633811,9.0
633839,9.0
633846,9.0
633870,9.0
633915,9.0
633927,9.0
634048,9.0
634100,9.0
634115,9.0
634212,9.0
634259,9.0
634260,9.0
634264,9.0
634270,9.0
634279,9.0
634314,9.0
634332,9.0
634340,9.0
634364,9.0
634384,9.0
634394,9.0
634398,9.0
634415,9.0
634422,9.0
634429,9.0
634453,9.0
634493,9.0
634496,9.0
634511,9.0
634524,9.0
634588,9.0
634607,9.0
634642,9.0
634671,9.0
634690,9.0
634705,9.0
634721,9.0
634774,9.0
634801,9.0
634852,9.0
634869,9.0
634896,9.0
634945,9.0
634977,9.0
634979,9.0
635080,9.0
635434,9.0
635436,9.0
635443,9.0
635447,9.0
635451,9.0
635468,9.0
635513,9.0
635534,9.0
635550,9.0
635565,9.0
635587,9.0
635593,9.0
635604,9.0
635606,9.0
635728,9.0
635744,9.0
635776,9.0
635800,9.0
635834,9.0
635904,9.0
635910,9.0
635938,9.0
635960,9.0
635973,9.0
636008,9.0
636014,9.0
636030,9.0
636038,9.0
636043,9.0
636050,9.0
636058,9.0
636084,9.0
636128,9.0
636129,9.0
636132,9.0
636134,9.0
636139,9.0
636173,9.0
636202,9.0
636207,9.0
636217,9.0
636258,9.0
636289,9.0
636306,9.0
636322,9.0
636362,9.0
636378,9.0
636381,9.0
636390,9.0
636421,9.0
636464,9.0
636476,9.0
636508,9.0
636575,9.0
636635,9.0
636677,9.0
636699,9.0
636767,9.0
636775,9.0
636882,9.0
637307,9.0
637437,9.0
637450,9.0
637470,9.0
637563,9.0
637625,9.0
637646,9.0
637696,9.0
637738,9.0
637842,9.0
637877,9.0
637896,9.0
637941,9.0
637942,9.0
637957,9.0
637967,9.0
638042,9.0
639025,9.0
639143,9.0
639195,9.0
639225,9.0
639260,9.0
639265,9.0
639273,9.0
639276,9.0
639296,9.0
639310,9.0
639312,9.0
639321,9.0
639325,9.0
639418,9.0
639687,9.0
639694,9.0
639707,9.0
639752,9.0
639758,9.0
639759,9.0
639803,9.0
639808,9.0
639816,9.0
639895,9.0
639912,9.0
639940,9.0
640045,9.0
640071,9.0
640072,9.0
640095,9.0
640102,9.0
640144,9.0
640218,9.0
640248,9.0
640529,9.0
640628,9.0
640913,9.0
640922,9.0
642329,9.0
642390,9.0
642776,9.0
642888,9.0
643050,9.0
643156,9.0
643183,9.0
643194,9.0
643209,9.0
643236,9.0
643273,9.0
643276,9.0
643295,9.0
643312,9.0
643325,9.0
643348,9.0
643362,9.0
643369,9.0
643957,9.0
644020,9.0
644277,9.0
644489,9.0
644560,9.0
644562,9.0
644850,9.0
644851,9.0
644861,9.0
644874,9.0
644877,9.0
644878,9.0
644884,9.0
644896,9.0
644900,9.0
644911,9.0
648155,9.0
656579,9.0
656580,9.0
656581,9.0
656582,9.0
656583,9.0
656584,9.0
656585,9.0
656586,9.0
656587,9.0
656588,9.0
656589,9.0
656590,9.0
656591,9.0
656592,9.0
656593,9.0
656594,9.0
656595,9.0
656596,9.0
656597,9.0
659602,9.0
659873,9.0
659874,9.0
659880,9.0
659881,9.0
659886,9.0
659890,9.0
659891,9.0
659892,9.0
659893,9.0
659894,9.0
659895,9.0
659896,9.0
659900,9.0
659901,9.0
659911,9.0
659912,9.0
659913,9.0
659918,9.0
659930,9.0
660785,9.0
662984,9.0
662985,9.0
662986,9.0
662987,9.0
662988,9.0
662989,9.0
663146,9.0
663624,9.0
663937,9.0
663938,9.0
663961,9.0
664282,9.0
665585,9.0
665588,9.0
665683,9.0
665684,9.0
665685,9.0
665686,9.0
